id,odoo_product_id,odoo_product_name,product_code,location_name,stock_qty,backlog_bucket,category_name,inventory_scope,refined_inventory_scope,refined_scope_source,refined_scope_status,not_found_classification,suggested_next_action
4116,4,Aceite de Maíz (es vegetal),,Partners/Vendors,-22288.0,not_found,Aceites,shared_or_open,shared_cross_company,heuristic_category,pending_review,dictionary_candidate_shared,review_for_dictionary_mapping
4117,4,Aceite de Maíz (es vegetal),,Partners/Customers,9284.39,not_found,Aceites,shared_or_open,shared_cross_company,heuristic_category,pending_review,dictionary_candidate_shared,review_for_dictionary_mapping
4118,4,Aceite de Maíz (es vegetal),,Virtual Locations/Inter-company transit,1601.0,not_found,Aceites,shared_or_open,shared_cross_company,heuristic_category,pending_review,dictionary_candidate_shared,review_for_dictionary_mapping
4119,4,Aceite de Maíz (es vegetal),,Virtual Locations/Inventory adjustment,823.05,not_found,Aceites,shared_or_open,shared_cross_company,heuristic_category,pending_review,dictionary_candidate_shared,review_for_dictionary_mapping
4120,4,Aceite de Maíz (es vegetal),,Virtual Locations/Production,9392.13,not_found,Aceites,shared_or_open,shared_cross_company,heuristic_category,pending_review,dictionary_candidate_shared,review_for_dictionary_mapping
4121,4,Aceite de Maíz (es vegetal),,Virtual Locations/Scrap,34.0,not_found,Aceites,shared_or_open,shared_cross_company,heuristic_category,pending_review,dictionary_candidate_shared,review_for_dictionary_mapping
4122,4,Aceite de Maíz (es vegetal),,Bodeg/Existencias,480.0,not_found,Aceites,shared_or_open,shared_cross_company,heuristic_category,pending_review,dictionary_candidate_shared,review_for_dictionary_mapping
4123,4,Aceite de Maíz (es vegetal),,Bodeg/Panadería y pastelería,369.82,not_found,Aceites,shared_or_open,shared_cross_company,heuristic_category,pending_review,dictionary_candidate_shared,review_for_dictionary_mapping
4124,4,Aceite de Maíz (es vegetal),,Virtual Locations/Inventory adjustment,-35.6,not_found,Aceites,shared_or_open,shared_cross_company,heuristic_category,pending_review,dictionary_candidate_shared,review_for_dictionary_mapping
4125,4,Aceite de Maíz (es vegetal),,Virtual Locations/Production,0.88,not_found,Aceites,shared_or_open,shared_cross_company,heuristic_category,pending_review,dictionary_candidate_shared,review_for_dictionary_mapping
4126,4,Aceite de Maíz (es vegetal),,Virtual Locations/Inventory adjustment,-9.09,not_found,Aceites,shared_or_open,shared_cross_company,heuristic_category,pending_review,dictionary_candidate_shared,review_for_dictionary_mapping
4127,4,Aceite de Maíz (es vegetal),,Virtual Locations/Production,0.09,not_found,Aceites,shared_or_open,shared_cross_company,heuristic_category,pending_review,dictionary_candidate_shared,review_for_dictionary_mapping
4128,4,Aceite de Maíz (es vegetal),,Virtual Locations/Inventory adjustment,-11.02,not_found,Aceites,shared_or_open,shared_cross_company,heuristic_category,pending_review,dictionary_candidate_shared,review_for_dictionary_mapping
4129,4,Aceite de Maíz (es vegetal),,Virtual Locations/Production,16.25,not_found,Aceites,shared_or_open,shared_cross_company,heuristic_category,pending_review,dictionary_candidate_shared,review_for_dictionary_mapping
4130,4,Aceite de Maíz (es vegetal),,Virtual Locations/Inventory adjustment,-19.6,not_found,Aceites,shared_or_open,shared_cross_company,heuristic_category,pending_review,dictionary_candidate_shared,review_for_dictionary_mapping
4131,4,Aceite de Maíz (es vegetal),,Virtual Locations/Inventory adjustment,153.67,not_found,Aceites,shared_or_open,shared_cross_company,heuristic_category,pending_review,dictionary_candidate_shared,review_for_dictionary_mapping
4132,4,Aceite de Maíz (es vegetal),,Virtual Locations/Production,13.11,not_found,Aceites,shared_or_open,shared_cross_company,heuristic_category,pending_review,dictionary_candidate_shared,review_for_dictionary_mapping
4133,4,Aceite de Maíz (es vegetal),,FONDA/Existencias/Cocina,0.0,not_found,Aceites,shared_or_open,shared_cross_company,heuristic_category,pending_review,dictionary_candidate_shared,review_for_dictionary_mapping
4134,4,Aceite de Maíz (es vegetal),,FONDA/Existencias/Cocina,17.61,not_found,Aceites,shared_or_open,shared_cross_company,heuristic_category,pending_review,dictionary_candidate_shared,review_for_dictionary_mapping
4135,4,Aceite de Maíz (es vegetal),,FAMAQ/Existencias/Cocina,18.61,not_found,Aceites,shared_or_open,shared_cross_company,heuristic_category,pending_review,dictionary_candidate_shared,review_for_dictionary_mapping
4136,4,Aceite de Maíz (es vegetal),,FONDA/Existencias/Almacén,20.0,not_found,Aceites,shared_or_open,shared_cross_company,heuristic_category,pending_review,dictionary_candidate_shared,review_for_dictionary_mapping
4137,4,Aceite de Maíz (es vegetal),,FONDA/Existencias/Almacén,15.86,not_found,Aceites,shared_or_open,shared_cross_company,heuristic_category,pending_review,dictionary_candidate_shared,review_for_dictionary_mapping
4138,4,Aceite de Maíz (es vegetal),,Virtual Locations/Inventory adjustment,-17.52,not_found,Aceites,shared_or_open,shared_cross_company,heuristic_category,pending_review,dictionary_candidate_shared,review_for_dictionary_mapping
4139,4,Aceite de Maíz (es vegetal),,FACY/Existencias/Cocina,17.25,not_found,Aceites,shared_or_open,shared_cross_company,heuristic_category,pending_review,dictionary_candidate_shared,review_for_dictionary_mapping
4140,5,Aceite de Oliva galón de 5lt,,Partners/Vendors,-4912.0,not_found,Aceites,shared_or_open,shared_cross_company,heuristic_category,pending_review,dictionary_candidate_shared,review_for_dictionary_mapping
4141,5,Aceite de Oliva galón de 5lt,,Partners/Customers,3174.05,not_found,Aceites,shared_or_open,shared_cross_company,heuristic_category,pending_review,dictionary_candidate_shared,review_for_dictionary_mapping
4142,5,Aceite de Oliva galón de 5lt,,Virtual Locations/Inter-company transit,710.0,not_found,Aceites,shared_or_open,shared_cross_company,heuristic_category,pending_review,dictionary_candidate_shared,review_for_dictionary_mapping
4143,5,Aceite de Oliva galón de 5lt,,Virtual Locations/Inventory adjustment,212.82,not_found,Aceites,shared_or_open,shared_cross_company,heuristic_category,pending_review,dictionary_candidate_shared,review_for_dictionary_mapping
4144,5,Aceite de Oliva galón de 5lt,,Virtual Locations/Production,524.33,not_found,Aceites,shared_or_open,shared_cross_company,heuristic_category,pending_review,dictionary_candidate_shared,review_for_dictionary_mapping
4145,5,Aceite de Oliva galón de 5lt,,Virtual Locations/Scrap,57.5,not_found,Aceites,shared_or_open,shared_cross_company,heuristic_category,pending_review,dictionary_candidate_shared,review_for_dictionary_mapping
4146,5,Aceite de Oliva galón de 5lt,,Bodeg/Existencias,120.0,not_found,Aceites,shared_or_open,shared_cross_company,heuristic_category,pending_review,dictionary_candidate_shared,review_for_dictionary_mapping
4147,5,Aceite de Oliva galón de 5lt,,Bodeg/Panadería y pastelería,28.95,not_found,Aceites,shared_or_open,shared_cross_company,heuristic_category,pending_review,dictionary_candidate_shared,review_for_dictionary_mapping
4148,5,Aceite de Oliva galón de 5lt,,Bodeg/PASTELERIA Y REPOSTERIA,38.9,not_found,Aceites,shared_or_open,shared_cross_company,heuristic_category,pending_review,dictionary_candidate_shared,review_for_dictionary_mapping
4149,5,Aceite de Oliva galón de 5lt,,Virtual Locations/Inventory adjustment,-0.35,not_found,Aceites,shared_or_open,shared_cross_company,heuristic_category,pending_review,dictionary_candidate_shared,review_for_dictionary_mapping
4150,5,Aceite de Oliva galón de 5lt,,Virtual Locations/Inventory adjustment,12.21,not_found,Aceites,shared_or_open,shared_cross_company,heuristic_category,pending_review,dictionary_candidate_shared,review_for_dictionary_mapping
4151,5,Aceite de Oliva galón de 5lt,,Virtual Locations/Inventory adjustment,12.46,not_found,Aceites,shared_or_open,shared_cross_company,heuristic_category,pending_review,dictionary_candidate_shared,review_for_dictionary_mapping
4152,5,Aceite de Oliva galón de 5lt,,Virtual Locations/Inventory adjustment,-12.35,not_found,Aceites,shared_or_open,shared_cross_company,heuristic_category,pending_review,dictionary_candidate_shared,review_for_dictionary_mapping
4153,5,Aceite de Oliva galón de 5lt,,Virtual Locations/Inventory adjustment,0.71,not_found,Aceites,shared_or_open,shared_cross_company,heuristic_category,pending_review,dictionary_candidate_shared,review_for_dictionary_mapping
4154,5,Aceite de Oliva galón de 5lt,,FONDA/Existencias/Cocina,2.59,not_found,Aceites,shared_or_open,shared_cross_company,heuristic_category,pending_review,dictionary_candidate_shared,review_for_dictionary_mapping
4155,5,Aceite de Oliva galón de 5lt,,FAMAQ/Existencias/Cocina,7.26,not_found,Aceites,shared_or_open,shared_cross_company,heuristic_category,pending_review,dictionary_candidate_shared,review_for_dictionary_mapping
4156,5,Aceite de Oliva galón de 5lt,,FONDA/Existencias/Almacén,1.0,not_found,Aceites,shared_or_open,shared_cross_company,heuristic_category,pending_review,dictionary_candidate_shared,review_for_dictionary_mapping
4157,5,Aceite de Oliva galón de 5lt,,FONDA/Existencias/Almacén,5.0,not_found,Aceites,shared_or_open,shared_cross_company,heuristic_category,pending_review,dictionary_candidate_shared,review_for_dictionary_mapping
4158,5,Aceite de Oliva galón de 5lt,,FONDA/Existencias/Almacén,5.0,not_found,Aceites,shared_or_open,shared_cross_company,heuristic_category,pending_review,dictionary_candidate_shared,review_for_dictionary_mapping
4159,5,Aceite de Oliva galón de 5lt,,FAMAQ/Existencias/Almacén,5.0,not_found,Aceites,shared_or_open,shared_cross_company,heuristic_category,pending_review,dictionary_candidate_shared,review_for_dictionary_mapping
4160,5,Aceite de Oliva galón de 5lt,,Virtual Locations/Inventory adjustment,-5.06,not_found,Aceites,shared_or_open,shared_cross_company,heuristic_category,pending_review,dictionary_candidate_shared,review_for_dictionary_mapping
4161,5,Aceite de Oliva galón de 5lt,,FACY/Existencias/Cocina,4.84,not_found,Aceites,shared_or_open,shared_cross_company,heuristic_category,pending_review,dictionary_candidate_shared,review_for_dictionary_mapping
4162,5,Aceite de Oliva galón de 5lt,,FACY/Existencias/Parrilla,0.2,not_found,Aceites,shared_or_open,shared_cross_company,heuristic_category,pending_review,dictionary_candidate_shared,review_for_dictionary_mapping
4163,6,Aceite de Oliva grande .946 lt,,Partners/Vendors,-323.0,not_found,Aceites,shared_or_open,shared_cross_company,heuristic_category,pending_review,dictionary_candidate_shared,review_for_dictionary_mapping
4164,6,Aceite de Oliva grande .946 lt,,Partners/Customers,224.19,not_found,Aceites,shared_or_open,shared_cross_company,heuristic_category,pending_review,dictionary_candidate_shared,review_for_dictionary_mapping
4165,6,Aceite de Oliva grande .946 lt,,Virtual Locations/Inter-company transit,42.95,not_found,Aceites,shared_or_open,shared_cross_company,heuristic_category,pending_review,dictionary_candidate_shared,review_for_dictionary_mapping
4166,6,Aceite de Oliva grande .946 lt,,Virtual Locations/Inventory adjustment,-15.14,not_found,Aceites,shared_or_open,shared_cross_company,heuristic_category,pending_review,dictionary_candidate_shared,review_for_dictionary_mapping
4167,6,Aceite de Oliva grande .946 lt,,Virtual Locations/Scrap,3.0,not_found,Aceites,shared_or_open,shared_cross_company,heuristic_category,pending_review,dictionary_candidate_shared,review_for_dictionary_mapping
4168,6,Aceite de Oliva grande .946 lt,,Bodeg/Existencias,46.0,not_found,Aceites,shared_or_open,shared_cross_company,heuristic_category,pending_review,dictionary_candidate_shared,review_for_dictionary_mapping
4169,6,Aceite de Oliva grande .946 lt,,Virtual Locations/Inventory adjustment,9.0,not_found,Aceites,shared_or_open,shared_cross_company,heuristic_category,pending_review,dictionary_candidate_shared,review_for_dictionary_mapping
4170,6,Aceite de Oliva grande .946 lt,,Virtual Locations/Inventory adjustment,7.03,not_found,Aceites,shared_or_open,shared_cross_company,heuristic_category,pending_review,dictionary_candidate_shared,review_for_dictionary_mapping
4171,6,Aceite de Oliva grande .946 lt,,Virtual Locations/Inventory adjustment,-4.0,not_found,Aceites,shared_or_open,shared_cross_company,heuristic_category,pending_review,dictionary_candidate_shared,review_for_dictionary_mapping
4172,6,Aceite de Oliva grande .946 lt,,Virtual Locations/Inventory adjustment,1.0,not_found,Aceites,shared_or_open,shared_cross_company,heuristic_category,pending_review,dictionary_candidate_shared,review_for_dictionary_mapping
4173,6,Aceite de Oliva grande .946 lt,,FONDA/Existencias/Cocina,1.19,not_found,Aceites,shared_or_open,shared_cross_company,heuristic_category,pending_review,dictionary_candidate_shared,review_for_dictionary_mapping
4174,6,Aceite de Oliva grande .946 lt,,FAMAQ/Existencias/Parrilla,4.0,not_found,Aceites,shared_or_open,shared_cross_company,heuristic_category,pending_review,dictionary_candidate_shared,review_for_dictionary_mapping
4175,6,Aceite de Oliva grande .946 lt,,FONDA/Existencias/Almacén,3.78,not_found,Aceites,shared_or_open,shared_cross_company,heuristic_category,pending_review,dictionary_candidate_shared,review_for_dictionary_mapping
4176,10,Aceituna Verde Sin Hueso,,Partners/Vendors,-25.0,not_found,Enlatados y Conservas,shared_or_open,shared_cross_company,heuristic_category,pending_review,dictionary_candidate_shared,review_for_dictionary_mapping
4177,10,Aceituna Verde Sin Hueso,,Partners/Customers,6.34,not_found,Enlatados y Conservas,shared_or_open,shared_cross_company,heuristic_category,pending_review,dictionary_candidate_shared,review_for_dictionary_mapping
4178,10,Aceituna Verde Sin Hueso,,Virtual Locations/Inter-company transit,1.0,not_found,Enlatados y Conservas,shared_or_open,shared_cross_company,heuristic_category,pending_review,dictionary_candidate_shared,review_for_dictionary_mapping
4179,10,Aceituna Verde Sin Hueso,,Virtual Locations/Inventory adjustment,-1.0,not_found,Enlatados y Conservas,shared_or_open,shared_cross_company,heuristic_category,pending_review,dictionary_candidate_shared,review_for_dictionary_mapping
4180,10,Aceituna Verde Sin Hueso,,Virtual Locations/Production,5.4,not_found,Enlatados y Conservas,shared_or_open,shared_cross_company,heuristic_category,pending_review,dictionary_candidate_shared,review_for_dictionary_mapping
4181,10,Aceituna Verde Sin Hueso,,Virtual Locations/Scrap,5.0,not_found,Enlatados y Conservas,shared_or_open,shared_cross_company,heuristic_category,pending_review,dictionary_candidate_shared,review_for_dictionary_mapping
4182,10,Aceituna Verde Sin Hueso,,Bodeg/Existencias,7.6,not_found,Enlatados y Conservas,shared_or_open,shared_cross_company,heuristic_category,pending_review,dictionary_candidate_shared,review_for_dictionary_mapping
4183,10,Aceituna Verde Sin Hueso,,Virtual Locations/Inventory adjustment,-1.0,not_found,Enlatados y Conservas,shared_or_open,shared_cross_company,heuristic_category,pending_review,dictionary_candidate_shared,review_for_dictionary_mapping
4184,10,Aceituna Verde Sin Hueso,,Virtual Locations/Inventory adjustment,-0.68,not_found,Enlatados y Conservas,shared_or_open,shared_cross_company,heuristic_category,pending_review,dictionary_candidate_shared,review_for_dictionary_mapping
4185,10,Aceituna Verde Sin Hueso,,Virtual Locations/Inventory adjustment,-0.63,not_found,Enlatados y Conservas,shared_or_open,shared_cross_company,heuristic_category,pending_review,dictionary_candidate_shared,review_for_dictionary_mapping
4186,10,Aceituna Verde Sin Hueso,,FONDA/Existencias/Bar,0.36,not_found,Enlatados y Conservas,shared_or_open,shared_cross_company,heuristic_category,pending_review,dictionary_candidate_shared,review_for_dictionary_mapping
4187,10,Aceituna Verde Sin Hueso,,FAMAQ/Existencias/Bar,0.63,not_found,Enlatados y Conservas,shared_or_open,shared_cross_company,heuristic_category,pending_review,dictionary_candidate_shared,review_for_dictionary_mapping
4188,10,Aceituna Verde Sin Hueso,,FONDA/Existencias/Almacén,1.0,not_found,Enlatados y Conservas,shared_or_open,shared_cross_company,heuristic_category,pending_review,dictionary_candidate_shared,review_for_dictionary_mapping
4189,16,Papel Aluminio,,Partners/Vendors,-1033.0,not_found,Material de Empaque,shared_or_open,shared_cross_company,heuristic_category,pending_review,dictionary_candidate_shared,review_for_dictionary_mapping
4190,16,Papel Aluminio,,Partners/Customers,731.0,not_found,Material de Empaque,shared_or_open,shared_cross_company,heuristic_category,pending_review,dictionary_candidate_shared,review_for_dictionary_mapping
4191,16,Papel Aluminio,,Virtual Locations/Inter-company transit,181.0,not_found,Material de Empaque,shared_or_open,shared_cross_company,heuristic_category,pending_review,dictionary_candidate_shared,review_for_dictionary_mapping
4192,16,Papel Aluminio,,Virtual Locations/Inventory adjustment,44.0,not_found,Material de Empaque,shared_or_open,shared_cross_company,heuristic_category,pending_review,dictionary_candidate_shared,review_for_dictionary_mapping
4193,16,Papel Aluminio,,Virtual Locations/Production,33.0,not_found,Material de Empaque,shared_or_open,shared_cross_company,heuristic_category,pending_review,dictionary_candidate_shared,review_for_dictionary_mapping
4194,16,Papel Aluminio,,Virtual Locations/Scrap,7.0,not_found,Material de Empaque,shared_or_open,shared_cross_company,heuristic_category,pending_review,dictionary_candidate_shared,review_for_dictionary_mapping
4195,16,Papel Aluminio,,Bodeg/Existencias,30.0,not_found,Material de Empaque,shared_or_open,shared_cross_company,heuristic_category,pending_review,dictionary_candidate_shared,review_for_dictionary_mapping
4196,16,Papel Aluminio,,Virtual Locations/Inventory adjustment,2.0,not_found,Material de Empaque,shared_or_open,shared_cross_company,heuristic_category,pending_review,dictionary_candidate_shared,review_for_dictionary_mapping
4197,16,Papel Aluminio,,Virtual Locations/Inventory adjustment,2.0,not_found,Material de Empaque,shared_or_open,shared_cross_company,heuristic_category,pending_review,dictionary_candidate_shared,review_for_dictionary_mapping
4198,18,Arroz,,Partners/Vendors,-355.0,not_found,"Semillas, Especias y Condimentos",shared_or_open,shared_cross_company,heuristic_category,pending_review,dictionary_candidate_shared,review_for_dictionary_mapping
4199,18,Arroz,,Partners/Customers,287.46,not_found,"Semillas, Especias y Condimentos",shared_or_open,shared_cross_company,heuristic_category,pending_review,dictionary_candidate_shared,review_for_dictionary_mapping
4200,18,Arroz,,Virtual Locations/Inter-company transit,24.0,not_found,"Semillas, Especias y Condimentos",shared_or_open,shared_cross_company,heuristic_category,pending_review,dictionary_candidate_shared,review_for_dictionary_mapping
4201,18,Arroz,,Virtual Locations/Inventory adjustment,-12.63,not_found,"Semillas, Especias y Condimentos",shared_or_open,shared_cross_company,heuristic_category,pending_review,dictionary_candidate_shared,review_for_dictionary_mapping
4202,18,Arroz,,Virtual Locations/Production,6.07,not_found,"Semillas, Especias y Condimentos",shared_or_open,shared_cross_company,heuristic_category,pending_review,dictionary_candidate_shared,review_for_dictionary_mapping
4203,18,Arroz,,Virtual Locations/Scrap,17.1,not_found,"Semillas, Especias y Condimentos",shared_or_open,shared_cross_company,heuristic_category,pending_review,dictionary_candidate_shared,review_for_dictionary_mapping
4204,18,Arroz,,Bodeg/Existencias,9.0,not_found,"Semillas, Especias y Condimentos",shared_or_open,shared_cross_company,heuristic_category,pending_review,dictionary_candidate_shared,review_for_dictionary_mapping
4205,18,Arroz,,Virtual Locations/Inventory adjustment,17.0,not_found,"Semillas, Especias y Condimentos",shared_or_open,shared_cross_company,heuristic_category,pending_review,dictionary_candidate_shared,review_for_dictionary_mapping
4206,18,Arroz,,TACOS/Existencias/Almacen,3.0,not_found,"Semillas, Especias y Condimentos",shared_or_open,shared_cross_company,heuristic_category,pending_review,dictionary_candidate_shared,review_for_dictionary_mapping
4207,20,Azúcar Glass,,Partners/Vendors,-150.0,not_found,Endulcorantes y azucares,shared_or_open,shared_cross_company,heuristic_category,pending_review,dictionary_candidate_shared,review_for_dictionary_mapping
4208,20,Azúcar Glass,,Virtual Locations/Inventory adjustment,-62.42,not_found,Endulcorantes y azucares,shared_or_open,shared_cross_company,heuristic_category,pending_review,dictionary_candidate_shared,review_for_dictionary_mapping
4209,20,Azúcar Glass,,Virtual Locations/Production,31.53,not_found,Endulcorantes y azucares,shared_or_open,shared_cross_company,heuristic_category,pending_review,dictionary_candidate_shared,review_for_dictionary_mapping
4210,20,Azúcar Glass,,Virtual Locations/Scrap,103.39,not_found,Endulcorantes y azucares,shared_or_open,shared_cross_company,heuristic_category,pending_review,dictionary_candidate_shared,review_for_dictionary_mapping
4211,20,Azúcar Glass,,Bodeg/Panadería y pastelería,77.5,not_found,Endulcorantes y azucares,shared_or_open,shared_cross_company,heuristic_category,pending_review,dictionary_candidate_shared,review_for_dictionary_mapping
4212,22,Azúcar Refinada,,Partners/Vendors,-34213.0,not_found,Endulcorantes y azucares,shared_or_open,shared_cross_company,heuristic_category,pending_review,dictionary_candidate_shared,review_for_dictionary_mapping
4213,22,Azúcar Refinada,,Partners/Customers,14349.31,not_found,Endulcorantes y azucares,shared_or_open,shared_cross_company,heuristic_category,pending_review,dictionary_candidate_shared,review_for_dictionary_mapping
4214,22,Azúcar Refinada,,Virtual Locations/Inter-company transit,4378.0,not_found,Endulcorantes y azucares,shared_or_open,shared_cross_company,heuristic_category,pending_review,dictionary_candidate_shared,review_for_dictionary_mapping
4215,22,Azúcar Refinada,,Virtual Locations/Inventory adjustment,2041.11,not_found,Endulcorantes y azucares,shared_or_open,shared_cross_company,heuristic_category,pending_review,dictionary_candidate_shared,review_for_dictionary_mapping
4216,22,Azúcar Refinada,,Virtual Locations/Production,11798.83,not_found,Endulcorantes y azucares,shared_or_open,shared_cross_company,heuristic_category,pending_review,dictionary_candidate_shared,review_for_dictionary_mapping
4217,22,Azúcar Refinada,,Virtual Locations/Scrap,23.2,not_found,Endulcorantes y azucares,shared_or_open,shared_cross_company,heuristic_category,pending_review,dictionary_candidate_shared,review_for_dictionary_mapping
4218,22,Azúcar Refinada,,Bodeg/Existencias,337.0,not_found,Endulcorantes y azucares,shared_or_open,shared_cross_company,heuristic_category,pending_review,dictionary_candidate_shared,review_for_dictionary_mapping
4219,22,Azúcar Refinada,,Bodeg/Panadería y pastelería,205.95,not_found,Endulcorantes y azucares,shared_or_open,shared_cross_company,heuristic_category,pending_review,dictionary_candidate_shared,review_for_dictionary_mapping
4220,22,Azúcar Refinada,,Bodeg/PASTELERIA Y REPOSTERIA,17.62,not_found,Endulcorantes y azucares,shared_or_open,shared_cross_company,heuristic_category,pending_review,dictionary_candidate_shared,review_for_dictionary_mapping
4221,22,Azúcar Refinada,,Virtual Locations/Inventory adjustment,118.45,not_found,Endulcorantes y azucares,shared_or_open,shared_cross_company,heuristic_category,pending_review,dictionary_candidate_shared,review_for_dictionary_mapping
4222,22,Azúcar Refinada,,Virtual Locations/Production,170.31,not_found,Endulcorantes y azucares,shared_or_open,shared_cross_company,heuristic_category,pending_review,dictionary_candidate_shared,review_for_dictionary_mapping
4223,22,Azúcar Refinada,,Virtual Locations/Inventory adjustment,85.68,not_found,Endulcorantes y azucares,shared_or_open,shared_cross_company,heuristic_category,pending_review,dictionary_candidate_shared,review_for_dictionary_mapping
4224,22,Azúcar Refinada,,Virtual Locations/Production,21.04,not_found,Endulcorantes y azucares,shared_or_open,shared_cross_company,heuristic_category,pending_review,dictionary_candidate_shared,review_for_dictionary_mapping
4225,22,Azúcar Refinada,,Virtual Locations/Inventory adjustment,-4.92,not_found,Endulcorantes y azucares,shared_or_open,shared_cross_company,heuristic_category,pending_review,dictionary_candidate_shared,review_for_dictionary_mapping
4226,22,Azúcar Refinada,,Virtual Locations/Production,318.84,not_found,Endulcorantes y azucares,shared_or_open,shared_cross_company,heuristic_category,pending_review,dictionary_candidate_shared,review_for_dictionary_mapping
4227,22,Azúcar Refinada,,Virtual Locations/Inventory adjustment,-17.17,not_found,Endulcorantes y azucares,shared_or_open,shared_cross_company,heuristic_category,pending_review,dictionary_candidate_shared,review_for_dictionary_mapping
4228,22,Azúcar Refinada,,FAMAQ/Existencias,2.0,not_found,Endulcorantes y azucares,shared_or_open,shared_cross_company,heuristic_category,pending_review,dictionary_candidate_shared,review_for_dictionary_mapping
4229,22,Azúcar Refinada,,Virtual Locations/Inventory adjustment,18.29,not_found,Endulcorantes y azucares,shared_or_open,shared_cross_company,heuristic_category,pending_review,dictionary_candidate_shared,review_for_dictionary_mapping
4230,22,Azúcar Refinada,,Virtual Locations/Production,0.7,not_found,Endulcorantes y azucares,shared_or_open,shared_cross_company,heuristic_category,pending_review,dictionary_candidate_shared,review_for_dictionary_mapping
4231,22,Azúcar Refinada,,Virtual Locations/Scrap,0.02,not_found,Endulcorantes y azucares,shared_or_open,shared_cross_company,heuristic_category,pending_review,dictionary_candidate_shared,review_for_dictionary_mapping
4232,22,Azúcar Refinada,,FONDA/Existencias/Bar,3.8,not_found,Endulcorantes y azucares,shared_or_open,shared_cross_company,heuristic_category,pending_review,dictionary_candidate_shared,review_for_dictionary_mapping
4233,22,Azúcar Refinada,,FONDA/Existencias/Cocina,2.98,not_found,Endulcorantes y azucares,shared_or_open,shared_cross_company,heuristic_category,pending_review,dictionary_candidate_shared,review_for_dictionary_mapping
4234,22,Azúcar Refinada,,FAMAQ/Existencias/Bar,14.0,not_found,Endulcorantes y azucares,shared_or_open,shared_cross_company,heuristic_category,pending_review,dictionary_candidate_shared,review_for_dictionary_mapping
4235,22,Azúcar Refinada,,FAMAQ/Existencias/Cocina,7.62,not_found,Endulcorantes y azucares,shared_or_open,shared_cross_company,heuristic_category,pending_review,dictionary_candidate_shared,review_for_dictionary_mapping
4236,22,Azúcar Refinada,,TACOS/Existencias/Bar,0.22,not_found,Endulcorantes y azucares,shared_or_open,shared_cross_company,heuristic_category,pending_review,dictionary_candidate_shared,review_for_dictionary_mapping
4237,22,Azúcar Refinada,,FONDA/Existencias/Almacén,30.0,not_found,Endulcorantes y azucares,shared_or_open,shared_cross_company,heuristic_category,pending_review,dictionary_candidate_shared,review_for_dictionary_mapping
4238,22,Azúcar Refinada,,FONDA/Existencias/Almacén,1.0,not_found,Endulcorantes y azucares,shared_or_open,shared_cross_company,heuristic_category,pending_review,dictionary_candidate_shared,review_for_dictionary_mapping
4239,22,Azúcar Refinada,,FONDA/Existencias/Almacén,29.0,not_found,Endulcorantes y azucares,shared_or_open,shared_cross_company,heuristic_category,pending_review,dictionary_candidate_shared,review_for_dictionary_mapping
4240,22,Azúcar Refinada,,Virtual Locations/Inventory adjustment,-5.97,not_found,Endulcorantes y azucares,shared_or_open,shared_cross_company,heuristic_category,pending_review,dictionary_candidate_shared,review_for_dictionary_mapping
4241,22,Azúcar Refinada,,FACY/Existencias/Bar,5.97,not_found,Endulcorantes y azucares,shared_or_open,shared_cross_company,heuristic_category,pending_review,dictionary_candidate_shared,review_for_dictionary_mapping
4242,28,Bolsa en Rollo 20x30 cm,,Partners/Vendors,-1012.88,not_found,Material de Empaque,shared_or_open,shared_cross_company,heuristic_category,pending_review,dictionary_candidate_shared,review_for_dictionary_mapping
4243,28,Bolsa en Rollo 20x30 cm,,Partners/Customers,751.64,not_found,Material de Empaque,shared_or_open,shared_cross_company,heuristic_category,pending_review,dictionary_candidate_shared,review_for_dictionary_mapping
4244,28,Bolsa en Rollo 20x30 cm,,Virtual Locations/Inter-company transit,141.0,not_found,Material de Empaque,shared_or_open,shared_cross_company,heuristic_category,pending_review,dictionary_candidate_shared,review_for_dictionary_mapping
4245,28,Bolsa en Rollo 20x30 cm,,Virtual Locations/Inventory adjustment,30.36,not_found,Material de Empaque,shared_or_open,shared_cross_company,heuristic_category,pending_review,dictionary_candidate_shared,review_for_dictionary_mapping
4246,28,Bolsa en Rollo 20x30 cm,,Virtual Locations/Scrap,32.5,not_found,Material de Empaque,shared_or_open,shared_cross_company,heuristic_category,pending_review,dictionary_candidate_shared,review_for_dictionary_mapping
4247,28,Bolsa en Rollo 20x30 cm,,Bodeg/Existencias,7.0,not_found,Material de Empaque,shared_or_open,shared_cross_company,heuristic_category,pending_review,dictionary_candidate_shared,review_for_dictionary_mapping
4248,28,Bolsa en Rollo 20x30 cm,,Virtual Locations/Inventory adjustment,-4.39,not_found,Material de Empaque,shared_or_open,shared_cross_company,heuristic_category,pending_review,dictionary_candidate_shared,review_for_dictionary_mapping
4249,28,Bolsa en Rollo 20x30 cm,,Virtual Locations/Inventory adjustment,6.0,not_found,Material de Empaque,shared_or_open,shared_cross_company,heuristic_category,pending_review,dictionary_candidate_shared,review_for_dictionary_mapping
4250,28,Bolsa en Rollo 20x30 cm,,Virtual Locations/Inventory adjustment,2.0,not_found,Material de Empaque,shared_or_open,shared_cross_company,heuristic_category,pending_review,dictionary_candidate_shared,review_for_dictionary_mapping
4251,28,Bolsa en Rollo 20x30 cm,,Virtual Locations/Inventory adjustment,6.0,not_found,Material de Empaque,shared_or_open,shared_cross_company,heuristic_category,pending_review,dictionary_candidate_shared,review_for_dictionary_mapping
4252,28,Bolsa en Rollo 20x30 cm,,FONDA/Existencias/Almacén,17.1,not_found,Material de Empaque,shared_or_open,shared_cross_company,heuristic_category,pending_review,dictionary_candidate_shared,review_for_dictionary_mapping
4253,28,Bolsa en Rollo 20x30 cm,,FONDA/Existencias/Almacén,4.0,not_found,Material de Empaque,shared_or_open,shared_cross_company,heuristic_category,pending_review,dictionary_candidate_shared,review_for_dictionary_mapping
4254,31,Canela Entera,,Partners/Vendors,-141.96,not_found,"Semillas, Especias y Condimentos",shared_or_open,shared_cross_company,heuristic_category,pending_review,dictionary_candidate_shared,review_for_dictionary_mapping
4255,31,Canela Entera,,Partners/Customers,101.54,not_found,"Semillas, Especias y Condimentos",shared_or_open,shared_cross_company,heuristic_category,pending_review,dictionary_candidate_shared,review_for_dictionary_mapping
4256,31,Canela Entera,,Virtual Locations/Inter-company transit,18.8,not_found,"Semillas, Especias y Condimentos",shared_or_open,shared_cross_company,heuristic_category,pending_review,dictionary_candidate_shared,review_for_dictionary_mapping
4257,31,Canela Entera,,Virtual Locations/Inventory adjustment,12.18,not_found,"Semillas, Especias y Condimentos",shared_or_open,shared_cross_company,heuristic_category,pending_review,dictionary_candidate_shared,review_for_dictionary_mapping
4258,31,Canela Entera,,Virtual Locations/Production,1.69,not_found,"Semillas, Especias y Condimentos",shared_or_open,shared_cross_company,heuristic_category,pending_review,dictionary_candidate_shared,review_for_dictionary_mapping
4259,31,Canela Entera,,Virtual Locations/Scrap,1.26,not_found,"Semillas, Especias y Condimentos",shared_or_open,shared_cross_company,heuristic_category,pending_review,dictionary_candidate_shared,review_for_dictionary_mapping
4260,31,Canela Entera,,Bodeg/Existencias,5.0,not_found,"Semillas, Especias y Condimentos",shared_or_open,shared_cross_company,heuristic_category,pending_review,dictionary_candidate_shared,review_for_dictionary_mapping
4261,31,Canela Entera,,Virtual Locations/Inventory adjustment,-0.73,not_found,"Semillas, Especias y Condimentos",shared_or_open,shared_cross_company,heuristic_category,pending_review,dictionary_candidate_shared,review_for_dictionary_mapping
4262,31,Canela Entera,,Virtual Locations/Inventory adjustment,-0.67,not_found,"Semillas, Especias y Condimentos",shared_or_open,shared_cross_company,heuristic_category,pending_review,dictionary_candidate_shared,review_for_dictionary_mapping
4263,31,Canela Entera,,Virtual Locations/Inventory adjustment,-1.31,not_found,"Semillas, Especias y Condimentos",shared_or_open,shared_cross_company,heuristic_category,pending_review,dictionary_candidate_shared,review_for_dictionary_mapping
4264,31,Canela Entera,,Virtual Locations/Inventory adjustment,-0.55,not_found,"Semillas, Especias y Condimentos",shared_or_open,shared_cross_company,heuristic_category,pending_review,dictionary_candidate_shared,review_for_dictionary_mapping
4265,31,Canela Entera,,Virtual Locations/Inventory adjustment,0.46,not_found,"Semillas, Especias y Condimentos",shared_or_open,shared_cross_company,heuristic_category,pending_review,dictionary_candidate_shared,review_for_dictionary_mapping
4266,31,Canela Entera,,Virtual Locations/Production,0.1,not_found,"Semillas, Especias y Condimentos",shared_or_open,shared_cross_company,heuristic_category,pending_review,dictionary_candidate_shared,review_for_dictionary_mapping
4267,31,Canela Entera,,FAMAQ/Existencias/Cocina,0.5,not_found,"Semillas, Especias y Condimentos",shared_or_open,shared_cross_company,heuristic_category,pending_review,dictionary_candidate_shared,review_for_dictionary_mapping
4268,31,Canela Entera,,FONDA/Existencias/Almacén,1.0,not_found,"Semillas, Especias y Condimentos",shared_or_open,shared_cross_company,heuristic_category,pending_review,dictionary_candidate_shared,review_for_dictionary_mapping
4269,31,Canela Entera,,TACOS/Existencias/Almacen,0.44,not_found,"Semillas, Especias y Condimentos",shared_or_open,shared_cross_company,heuristic_category,pending_review,dictionary_candidate_shared,review_for_dictionary_mapping
4270,31,Canela Entera,,FONDA/Existencias/Almacén,0.47,not_found,"Semillas, Especias y Condimentos",shared_or_open,shared_cross_company,heuristic_category,pending_review,dictionary_candidate_shared,review_for_dictionary_mapping
4271,34,Chile Árbol Seco,,Virtual Locations/Production,35.7,not_found,Frutas y Verduras,shared_or_open,shared_cross_company,heuristic_category,pending_review,dictionary_candidate_shared,review_for_dictionary_mapping
4272,34,Chile Árbol Seco,,Bodeg/Existencias,9.9,not_found,Frutas y Verduras,shared_or_open,shared_cross_company,heuristic_category,pending_review,dictionary_candidate_shared,review_for_dictionary_mapping
4273,34,Chile Árbol Seco,,Virtual Locations/Production,3.0,not_found,Frutas y Verduras,shared_or_open,shared_cross_company,heuristic_category,pending_review,dictionary_candidate_shared,review_for_dictionary_mapping
4274,34,Chile Árbol Seco,,Bodeg/Panadería y pastelería,2.17,not_found,Frutas y Verduras,shared_or_open,shared_cross_company,heuristic_category,pending_review,dictionary_candidate_shared,review_for_dictionary_mapping
4275,34,Chile Árbol Seco,,Virtual Locations/Inventory adjustment,1.85,not_found,Frutas y Verduras,shared_or_open,shared_cross_company,heuristic_category,pending_review,dictionary_candidate_shared,review_for_dictionary_mapping
4276,34,Chile Árbol Seco,,Virtual Locations/Production,0.15,not_found,Frutas y Verduras,shared_or_open,shared_cross_company,heuristic_category,pending_review,dictionary_candidate_shared,review_for_dictionary_mapping
4277,35,Chile Guajillo,,Partners/Vendors,-89.75,not_found,Frutas y Verduras,shared_or_open,shared_cross_company,heuristic_category,pending_review,dictionary_candidate_shared,review_for_dictionary_mapping
4278,35,Chile Guajillo,,Partners/Customers,46.94,not_found,Frutas y Verduras,shared_or_open,shared_cross_company,heuristic_category,pending_review,dictionary_candidate_shared,review_for_dictionary_mapping
4279,35,Chile Guajillo,,Virtual Locations/Inventory adjustment,-3.82,not_found,Frutas y Verduras,shared_or_open,shared_cross_company,heuristic_category,pending_review,dictionary_candidate_shared,review_for_dictionary_mapping
4280,35,Chile Guajillo,,Virtual Locations/Production,38.81,not_found,Frutas y Verduras,shared_or_open,shared_cross_company,heuristic_category,pending_review,dictionary_candidate_shared,review_for_dictionary_mapping
4281,35,Chile Guajillo,,Virtual Locations/Scrap,0.2,not_found,Frutas y Verduras,shared_or_open,shared_cross_company,heuristic_category,pending_review,dictionary_candidate_shared,review_for_dictionary_mapping
4282,35,Chile Guajillo,,Bodeg/Existencias,4.87,not_found,Frutas y Verduras,shared_or_open,shared_cross_company,heuristic_category,pending_review,dictionary_candidate_shared,review_for_dictionary_mapping
4283,35,Chile Guajillo,,Virtual Locations/Inventory adjustment,-0.88,not_found,Frutas y Verduras,shared_or_open,shared_cross_company,heuristic_category,pending_review,dictionary_candidate_shared,review_for_dictionary_mapping
4284,35,Chile Guajillo,,Virtual Locations/Inventory adjustment,1.0,not_found,Frutas y Verduras,shared_or_open,shared_cross_company,heuristic_category,pending_review,dictionary_candidate_shared,review_for_dictionary_mapping
4285,35,Chile Guajillo,,FONDA/Existencias/Cocina,0.88,not_found,Frutas y Verduras,shared_or_open,shared_cross_company,heuristic_category,pending_review,dictionary_candidate_shared,review_for_dictionary_mapping
4286,35,Chile Guajillo,,TACOS/Existencias/Cocina,0.25,not_found,Frutas y Verduras,shared_or_open,shared_cross_company,heuristic_category,pending_review,dictionary_candidate_shared,review_for_dictionary_mapping
4287,36,Chile Morita,,Partners/Vendors,-1107.35,not_found,Frutas y Verduras,shared_or_open,shared_cross_company,heuristic_category,pending_review,dictionary_candidate_shared,review_for_dictionary_mapping
4288,36,Chile Morita,,Partners/Customers,202.77,not_found,Frutas y Verduras,shared_or_open,shared_cross_company,heuristic_category,pending_review,dictionary_candidate_shared,review_for_dictionary_mapping
4289,36,Chile Morita,,Virtual Locations/Inter-company transit,13.85,not_found,Frutas y Verduras,shared_or_open,shared_cross_company,heuristic_category,pending_review,dictionary_candidate_shared,review_for_dictionary_mapping
4290,36,Chile Morita,,Virtual Locations/Inventory adjustment,-46.22,not_found,Frutas y Verduras,shared_or_open,shared_cross_company,heuristic_category,pending_review,dictionary_candidate_shared,review_for_dictionary_mapping
4291,36,Chile Morita,,Virtual Locations/Production,887.88,not_found,Frutas y Verduras,shared_or_open,shared_cross_company,heuristic_category,pending_review,dictionary_candidate_shared,review_for_dictionary_mapping
4292,36,Chile Morita,,Virtual Locations/Scrap,1.5,not_found,Frutas y Verduras,shared_or_open,shared_cross_company,heuristic_category,pending_review,dictionary_candidate_shared,review_for_dictionary_mapping
4293,36,Chile Morita,,Bodeg/Existencias,36.32,not_found,Frutas y Verduras,shared_or_open,shared_cross_company,heuristic_category,pending_review,dictionary_candidate_shared,review_for_dictionary_mapping
4294,36,Chile Morita,,Bodeg/Panadería y pastelería,6.8,not_found,Frutas y Verduras,shared_or_open,shared_cross_company,heuristic_category,pending_review,dictionary_candidate_shared,review_for_dictionary_mapping
4295,36,Chile Morita,,Virtual Locations/Inventory adjustment,-0.43,not_found,Frutas y Verduras,shared_or_open,shared_cross_company,heuristic_category,pending_review,dictionary_candidate_shared,review_for_dictionary_mapping
4296,36,Chile Morita,,Virtual Locations/Inventory adjustment,2.55,not_found,Frutas y Verduras,shared_or_open,shared_cross_company,heuristic_category,pending_review,dictionary_candidate_shared,review_for_dictionary_mapping
4297,36,Chile Morita,,Virtual Locations/Production,0.3,not_found,Frutas y Verduras,shared_or_open,shared_cross_company,heuristic_category,pending_review,dictionary_candidate_shared,review_for_dictionary_mapping
4298,36,Chile Morita,,FAMAQ/Existencias/Cocina,0.43,not_found,Frutas y Verduras,shared_or_open,shared_cross_company,heuristic_category,pending_review,dictionary_candidate_shared,review_for_dictionary_mapping
4299,39,Dulce de Leche,,Partners/Vendors,-12404.65,not_found,Otros lácteos,shared_or_open,shared_cross_company,heuristic_category,pending_review,dictionary_candidate_shared,review_for_dictionary_mapping
4300,39,Dulce de Leche,,Partners/Customers,831.14,not_found,Otros lácteos,shared_or_open,shared_cross_company,heuristic_category,pending_review,dictionary_candidate_shared,review_for_dictionary_mapping
4301,39,Dulce de Leche,,Virtual Locations/Inter-company transit,130.5,not_found,Otros lácteos,shared_or_open,shared_cross_company,heuristic_category,pending_review,dictionary_candidate_shared,review_for_dictionary_mapping
4302,39,Dulce de Leche,,Virtual Locations/Inventory adjustment,23.73,not_found,Otros lácteos,shared_or_open,shared_cross_company,heuristic_category,pending_review,dictionary_candidate_shared,review_for_dictionary_mapping
4303,39,Dulce de Leche,,Virtual Locations/Production,11021.12,not_found,Otros lácteos,shared_or_open,shared_cross_company,heuristic_category,pending_review,dictionary_candidate_shared,review_for_dictionary_mapping
4304,39,Dulce de Leche,,Bodeg/Existencias,155.5,not_found,Otros lácteos,shared_or_open,shared_cross_company,heuristic_category,pending_review,dictionary_candidate_shared,review_for_dictionary_mapping
4305,39,Dulce de Leche,,Bodeg/Panadería y pastelería,211.65,not_found,Otros lácteos,shared_or_open,shared_cross_company,heuristic_category,pending_review,dictionary_candidate_shared,review_for_dictionary_mapping
4306,39,Dulce de Leche,,Virtual Locations/Inventory adjustment,10.6,not_found,Otros lácteos,shared_or_open,shared_cross_company,heuristic_category,pending_review,dictionary_candidate_shared,review_for_dictionary_mapping
4307,39,Dulce de Leche,,Virtual Locations/Production,5.0,not_found,Otros lácteos,shared_or_open,shared_cross_company,heuristic_category,pending_review,dictionary_candidate_shared,review_for_dictionary_mapping
4308,39,Dulce de Leche,,Virtual Locations/Inventory adjustment,0.63,not_found,Otros lácteos,shared_or_open,shared_cross_company,heuristic_category,pending_review,dictionary_candidate_shared,review_for_dictionary_mapping
4309,39,Dulce de Leche,,Virtual Locations/Production,1.5,not_found,Otros lácteos,shared_or_open,shared_cross_company,heuristic_category,pending_review,dictionary_candidate_shared,review_for_dictionary_mapping
4310,39,Dulce de Leche,,Virtual Locations/Inventory adjustment,-6.04,not_found,Otros lácteos,shared_or_open,shared_cross_company,heuristic_category,pending_review,dictionary_candidate_shared,review_for_dictionary_mapping
4311,39,Dulce de Leche,,Virtual Locations/Production,6.0,not_found,Otros lácteos,shared_or_open,shared_cross_company,heuristic_category,pending_review,dictionary_candidate_shared,review_for_dictionary_mapping
4312,39,Dulce de Leche,,Virtual Locations/Inventory adjustment,-0.76,not_found,Otros lácteos,shared_or_open,shared_cross_company,heuristic_category,pending_review,dictionary_candidate_shared,review_for_dictionary_mapping
4313,39,Dulce de Leche,,FONDA/Existencias/Cocina,2.47,not_found,Otros lácteos,shared_or_open,shared_cross_company,heuristic_category,pending_review,dictionary_candidate_shared,review_for_dictionary_mapping
4314,39,Dulce de Leche,,FONDA/Existencias/Cocina,0.69,not_found,Otros lácteos,shared_or_open,shared_cross_company,heuristic_category,pending_review,dictionary_candidate_shared,review_for_dictionary_mapping
4315,39,Dulce de Leche,,FAMAQ/Existencias/Cocina,0.76,not_found,Otros lácteos,shared_or_open,shared_cross_company,heuristic_category,pending_review,dictionary_candidate_shared,review_for_dictionary_mapping
4316,39,Dulce de Leche,,Virtual Locations/Inventory adjustment,-2.83,not_found,Otros lácteos,shared_or_open,shared_cross_company,heuristic_category,pending_review,dictionary_candidate_shared,review_for_dictionary_mapping
4317,39,Dulce de Leche,,FACY/Existencias/Cocina,2.83,not_found,Otros lácteos,shared_or_open,shared_cross_company,heuristic_category,pending_review,dictionary_candidate_shared,review_for_dictionary_mapping
4318,40,Egapack 500 mts.,,Partners/Vendors,-3010.0,not_found,Material de Empaque,shared_or_open,shared_cross_company,heuristic_category,pending_review,dictionary_candidate_shared,review_for_dictionary_mapping
4319,40,Egapack 500 mts.,,Partners/Customers,2199.0,not_found,Material de Empaque,shared_or_open,shared_cross_company,heuristic_category,pending_review,dictionary_candidate_shared,review_for_dictionary_mapping
4320,40,Egapack 500 mts.,,Virtual Locations/Inter-company transit,490.0,not_found,Material de Empaque,shared_or_open,shared_cross_company,heuristic_category,pending_review,dictionary_candidate_shared,review_for_dictionary_mapping
4321,40,Egapack 500 mts.,,Virtual Locations/Inventory adjustment,156.0,not_found,Material de Empaque,shared_or_open,shared_cross_company,heuristic_category,pending_review,dictionary_candidate_shared,review_for_dictionary_mapping
4322,40,Egapack 500 mts.,,Virtual Locations/Production,36.0,not_found,Material de Empaque,shared_or_open,shared_cross_company,heuristic_category,pending_review,dictionary_candidate_shared,review_for_dictionary_mapping
4323,40,Egapack 500 mts.,,Virtual Locations/Scrap,60.0,not_found,Material de Empaque,shared_or_open,shared_cross_company,heuristic_category,pending_review,dictionary_candidate_shared,review_for_dictionary_mapping
4324,40,Egapack 500 mts.,,Bodeg/Existencias,30.0,not_found,Material de Empaque,shared_or_open,shared_cross_company,heuristic_category,pending_review,dictionary_candidate_shared,review_for_dictionary_mapping
4325,40,Egapack 500 mts.,,Virtual Locations/Inventory adjustment,6.0,not_found,Material de Empaque,shared_or_open,shared_cross_company,heuristic_category,pending_review,dictionary_candidate_shared,review_for_dictionary_mapping
4326,40,Egapack 500 mts.,,Virtual Locations/Inventory adjustment,4.0,not_found,Material de Empaque,shared_or_open,shared_cross_company,heuristic_category,pending_review,dictionary_candidate_shared,review_for_dictionary_mapping
4327,40,Egapack 500 mts.,,TACOS/Existencias/Almacen,1.0,not_found,Material de Empaque,shared_or_open,shared_cross_company,heuristic_category,pending_review,dictionary_candidate_shared,review_for_dictionary_mapping
4328,46,Extracto de Vainilla,,Partners/Vendors,-334.0,not_found,Materia prima,shared_or_open,shared_cross_company,heuristic_category,pending_review,dictionary_candidate_shared,review_for_dictionary_mapping
4329,46,Extracto de Vainilla,,Partners/Customers,1.0,not_found,Materia prima,shared_or_open,shared_cross_company,heuristic_category,pending_review,dictionary_candidate_shared,review_for_dictionary_mapping
4330,46,Extracto de Vainilla,,Virtual Locations/Inventory adjustment,19.91,not_found,Materia prima,shared_or_open,shared_cross_company,heuristic_category,pending_review,dictionary_candidate_shared,review_for_dictionary_mapping
4331,46,Extracto de Vainilla,,Virtual Locations/Production,279.22,not_found,Materia prima,shared_or_open,shared_cross_company,heuristic_category,pending_review,dictionary_candidate_shared,review_for_dictionary_mapping
4332,46,Extracto de Vainilla,,Virtual Locations/Scrap,5.0,not_found,Materia prima,shared_or_open,shared_cross_company,heuristic_category,pending_review,dictionary_candidate_shared,review_for_dictionary_mapping
4333,46,Extracto de Vainilla,,Bodeg/Existencias,20.0,not_found,Materia prima,shared_or_open,shared_cross_company,heuristic_category,pending_review,dictionary_candidate_shared,review_for_dictionary_mapping
4334,46,Extracto de Vainilla,,Bodeg/Panadería y pastelería,0.56,not_found,Materia prima,shared_or_open,shared_cross_company,heuristic_category,pending_review,dictionary_candidate_shared,review_for_dictionary_mapping
4335,46,Extracto de Vainilla,,Bodeg/PASTELERIA Y REPOSTERIA,2.31,not_found,Materia prima,shared_or_open,shared_cross_company,heuristic_category,pending_review,dictionary_candidate_shared,review_for_dictionary_mapping
4336,46,Extracto de Vainilla,,FONDA/Existencias/Almacén,1.0,not_found,Materia prima,shared_or_open,shared_cross_company,heuristic_category,pending_review,dictionary_candidate_shared,review_for_dictionary_mapping
4337,50,Frijol Negro,,Partners/Vendors,-614.0,not_found,"Semillas, Especias y Condimentos",shared_or_open,shared_cross_company,heuristic_category,pending_review,dictionary_candidate_shared,review_for_dictionary_mapping
4338,50,Frijol Negro,,Partners/Customers,360.33,not_found,"Semillas, Especias y Condimentos",shared_or_open,shared_cross_company,heuristic_category,pending_review,dictionary_candidate_shared,review_for_dictionary_mapping
4339,50,Frijol Negro,,Virtual Locations/Inventory adjustment,16.85,not_found,"Semillas, Especias y Condimentos",shared_or_open,shared_cross_company,heuristic_category,pending_review,dictionary_candidate_shared,review_for_dictionary_mapping
4340,50,Frijol Negro,,Virtual Locations/Production,207.57,not_found,"Semillas, Especias y Condimentos",shared_or_open,shared_cross_company,heuristic_category,pending_review,dictionary_candidate_shared,review_for_dictionary_mapping
4341,50,Frijol Negro,,Virtual Locations/Scrap,1.0,not_found,"Semillas, Especias y Condimentos",shared_or_open,shared_cross_company,heuristic_category,pending_review,dictionary_candidate_shared,review_for_dictionary_mapping
4342,50,Frijol Negro,,Bodeg/Existencias,36.0,not_found,"Semillas, Especias y Condimentos",shared_or_open,shared_cross_company,heuristic_category,pending_review,dictionary_candidate_shared,review_for_dictionary_mapping
4343,50,Frijol Negro,,Virtual Locations/Inventory adjustment,-8.6,not_found,"Semillas, Especias y Condimentos",shared_or_open,shared_cross_company,heuristic_category,pending_review,dictionary_candidate_shared,review_for_dictionary_mapping
4344,50,Frijol Negro,,Virtual Locations/Production,4.0,not_found,"Semillas, Especias y Condimentos",shared_or_open,shared_cross_company,heuristic_category,pending_review,dictionary_candidate_shared,review_for_dictionary_mapping
4345,50,Frijol Negro,,TACOS/Existencias/Cocina,1.0,not_found,"Semillas, Especias y Condimentos",shared_or_open,shared_cross_company,heuristic_category,pending_review,dictionary_candidate_shared,review_for_dictionary_mapping
4346,56,Harina de Maíz,,Partners/Vendors,-9143.0,not_found,Materia prima,shared_or_open,shared_cross_company,heuristic_category,pending_review,dictionary_candidate_shared,review_for_dictionary_mapping
4347,56,Harina de Maíz,,Partners/Customers,6391.0,not_found,Materia prima,shared_or_open,shared_cross_company,heuristic_category,pending_review,dictionary_candidate_shared,review_for_dictionary_mapping
4348,56,Harina de Maíz,,Virtual Locations/Inter-company transit,1602.0,not_found,Materia prima,shared_or_open,shared_cross_company,heuristic_category,pending_review,dictionary_candidate_shared,review_for_dictionary_mapping
4349,56,Harina de Maíz,,Virtual Locations/Inventory adjustment,796.0,not_found,Materia prima,shared_or_open,shared_cross_company,heuristic_category,pending_review,dictionary_candidate_shared,review_for_dictionary_mapping
4350,56,Harina de Maíz,,Virtual Locations/Scrap,4.0,not_found,Materia prima,shared_or_open,shared_cross_company,heuristic_category,pending_review,dictionary_candidate_shared,review_for_dictionary_mapping
4351,56,Harina de Maíz,,Bodeg/Existencias,105.0,not_found,Materia prima,shared_or_open,shared_cross_company,heuristic_category,pending_review,dictionary_candidate_shared,review_for_dictionary_mapping
4352,56,Harina de Maíz,,Virtual Locations/Inventory adjustment,227.0,not_found,Materia prima,shared_or_open,shared_cross_company,heuristic_category,pending_review,dictionary_candidate_shared,review_for_dictionary_mapping
4353,56,Harina de Maíz,,FONDA/Existencias/Almacén,18.0,not_found,Materia prima,shared_or_open,shared_cross_company,heuristic_category,pending_review,dictionary_candidate_shared,review_for_dictionary_mapping
4354,64,Leche Condensada,,Partners/Vendors,-13229.5,not_found,Lácteos,shared_or_open,shared_cross_company,heuristic_category,pending_review,dictionary_candidate_shared,review_for_dictionary_mapping
4355,64,Leche Condensada,,Virtual Locations/Inventory adjustment,198.1,not_found,Lácteos,shared_or_open,shared_cross_company,heuristic_category,pending_review,dictionary_candidate_shared,review_for_dictionary_mapping
4356,64,Leche Condensada,,Virtual Locations/Production,12515.17,not_found,Lácteos,shared_or_open,shared_cross_company,heuristic_category,pending_review,dictionary_candidate_shared,review_for_dictionary_mapping
4357,64,Leche Condensada,,Virtual Locations/Scrap,7.8,not_found,Lácteos,shared_or_open,shared_cross_company,heuristic_category,pending_review,dictionary_candidate_shared,review_for_dictionary_mapping
4358,64,Leche Condensada,,Bodeg/Existencias,474.03,not_found,Lácteos,shared_or_open,shared_cross_company,heuristic_category,pending_review,dictionary_candidate_shared,review_for_dictionary_mapping
4359,64,Leche Condensada,,Bodeg/Panadería y pastelería,21.4,not_found,Lácteos,shared_or_open,shared_cross_company,heuristic_category,pending_review,dictionary_candidate_shared,review_for_dictionary_mapping
4360,64,Leche Condensada,,Virtual Locations/Inventory adjustment,4.0,not_found,Lácteos,shared_or_open,shared_cross_company,heuristic_category,pending_review,dictionary_candidate_shared,review_for_dictionary_mapping
4361,65,Leche Deslactosada Light,,Partners/Vendors,-7455.0,not_found,Lácteos,shared_or_open,shared_cross_company,heuristic_category,pending_review,dictionary_candidate_shared,review_for_dictionary_mapping
4362,65,Leche Deslactosada Light,,Partners/Customers,5122.18,not_found,Lácteos,shared_or_open,shared_cross_company,heuristic_category,pending_review,dictionary_candidate_shared,review_for_dictionary_mapping
4363,65,Leche Deslactosada Light,,Virtual Locations/Inter-company transit,1380.0,not_found,Lácteos,shared_or_open,shared_cross_company,heuristic_category,pending_review,dictionary_candidate_shared,review_for_dictionary_mapping
4364,65,Leche Deslactosada Light,,Virtual Locations/Inventory adjustment,407.0,not_found,Lácteos,shared_or_open,shared_cross_company,heuristic_category,pending_review,dictionary_candidate_shared,review_for_dictionary_mapping
4365,65,Leche Deslactosada Light,,Virtual Locations/Scrap,193.0,not_found,Lácteos,shared_or_open,shared_cross_company,heuristic_category,pending_review,dictionary_candidate_shared,review_for_dictionary_mapping
4366,65,Leche Deslactosada Light,,Bodeg/Existencias,228.0,not_found,Lácteos,shared_or_open,shared_cross_company,heuristic_category,pending_review,dictionary_candidate_shared,review_for_dictionary_mapping
4367,65,Leche Deslactosada Light,,Virtual Locations/Inventory adjustment,9.79,not_found,Lácteos,shared_or_open,shared_cross_company,heuristic_category,pending_review,dictionary_candidate_shared,review_for_dictionary_mapping
4368,65,Leche Deslactosada Light,,Virtual Locations/Inventory adjustment,4.96,not_found,Lácteos,shared_or_open,shared_cross_company,heuristic_category,pending_review,dictionary_candidate_shared,review_for_dictionary_mapping
4369,65,Leche Deslactosada Light,,Virtual Locations/Inventory adjustment,29.0,not_found,Lácteos,shared_or_open,shared_cross_company,heuristic_category,pending_review,dictionary_candidate_shared,review_for_dictionary_mapping
4370,65,Leche Deslactosada Light,,Virtual Locations/Inventory adjustment,-6.06,not_found,Lácteos,shared_or_open,shared_cross_company,heuristic_category,pending_review,dictionary_candidate_shared,review_for_dictionary_mapping
4371,65,Leche Deslactosada Light,,Virtual Locations/Inventory adjustment,21.08,not_found,Lácteos,shared_or_open,shared_cross_company,heuristic_category,pending_review,dictionary_candidate_shared,review_for_dictionary_mapping
4372,65,Leche Deslactosada Light,,FONDA/Existencias/Bar,6.0,not_found,Lácteos,shared_or_open,shared_cross_company,heuristic_category,pending_review,dictionary_candidate_shared,review_for_dictionary_mapping
4373,65,Leche Deslactosada Light,,FONDA/Existencias/Bar,13.0,not_found,Lácteos,shared_or_open,shared_cross_company,heuristic_category,pending_review,dictionary_candidate_shared,review_for_dictionary_mapping
4374,65,Leche Deslactosada Light,,FAMAQ/Existencias/Bar,6.06,not_found,Lácteos,shared_or_open,shared_cross_company,heuristic_category,pending_review,dictionary_candidate_shared,review_for_dictionary_mapping
4375,65,Leche Deslactosada Light,,FONDA/Existencias/Almacén,5.0,not_found,Lácteos,shared_or_open,shared_cross_company,heuristic_category,pending_review,dictionary_candidate_shared,review_for_dictionary_mapping
4376,65,Leche Deslactosada Light,,FONDA/Existencias/Almacén,15.0,not_found,Lácteos,shared_or_open,shared_cross_company,heuristic_category,pending_review,dictionary_candidate_shared,review_for_dictionary_mapping
4377,65,Leche Deslactosada Light,,Virtual Locations/Inventory adjustment,-12.0,not_found,Lácteos,shared_or_open,shared_cross_company,heuristic_category,pending_review,dictionary_candidate_shared,review_for_dictionary_mapping
4378,65,Leche Deslactosada Light,,FACY/Existencias/Bar,12.0,not_found,Lácteos,shared_or_open,shared_cross_company,heuristic_category,pending_review,dictionary_candidate_shared,review_for_dictionary_mapping
4379,66,Leche Entera,,Partners/Vendors,-24488.0,not_found,Lácteos,shared_or_open,shared_cross_company,heuristic_category,pending_review,dictionary_candidate_shared,review_for_dictionary_mapping
4380,66,Leche Entera,,Partners/Customers,9167.77,not_found,Lácteos,shared_or_open,shared_cross_company,heuristic_category,pending_review,dictionary_candidate_shared,review_for_dictionary_mapping
4381,66,Leche Entera,,Virtual Locations/Inter-company transit,1740.0,not_found,Lácteos,shared_or_open,shared_cross_company,heuristic_category,pending_review,dictionary_candidate_shared,review_for_dictionary_mapping
4382,66,Leche Entera,,Virtual Locations/Inventory adjustment,689.25,not_found,Lácteos,shared_or_open,shared_cross_company,heuristic_category,pending_review,dictionary_candidate_shared,review_for_dictionary_mapping
4383,66,Leche Entera,,Virtual Locations/Production,11782.64,not_found,Lácteos,shared_or_open,shared_cross_company,heuristic_category,pending_review,dictionary_candidate_shared,review_for_dictionary_mapping
4384,66,Leche Entera,,Virtual Locations/Scrap,66.0,not_found,Lácteos,shared_or_open,shared_cross_company,heuristic_category,pending_review,dictionary_candidate_shared,review_for_dictionary_mapping
4385,66,Leche Entera,,Bodeg/Existencias,696.0,not_found,Lácteos,shared_or_open,shared_cross_company,heuristic_category,pending_review,dictionary_candidate_shared,review_for_dictionary_mapping
4386,66,Leche Entera,,Bodeg/Panadería y pastelería,103.01,not_found,Lácteos,shared_or_open,shared_cross_company,heuristic_category,pending_review,dictionary_candidate_shared,review_for_dictionary_mapping
4387,66,Leche Entera,,Bodeg/PASTELERIA Y REPOSTERIA,3.1,not_found,Lácteos,shared_or_open,shared_cross_company,heuristic_category,pending_review,dictionary_candidate_shared,review_for_dictionary_mapping
4388,66,Leche Entera,,Virtual Locations/Inventory adjustment,-32.03,not_found,Lácteos,shared_or_open,shared_cross_company,heuristic_category,pending_review,dictionary_candidate_shared,review_for_dictionary_mapping
4389,66,Leche Entera,,Virtual Locations/Production,31.34,not_found,Lácteos,shared_or_open,shared_cross_company,heuristic_category,pending_review,dictionary_candidate_shared,review_for_dictionary_mapping
4390,66,Leche Entera,,Virtual Locations/Inventory adjustment,-12.7,not_found,Lácteos,shared_or_open,shared_cross_company,heuristic_category,pending_review,dictionary_candidate_shared,review_for_dictionary_mapping
4391,66,Leche Entera,,Virtual Locations/Production,8.8,not_found,Lácteos,shared_or_open,shared_cross_company,heuristic_category,pending_review,dictionary_candidate_shared,review_for_dictionary_mapping
4392,66,Leche Entera,,Virtual Locations/Inventory adjustment,50.16,not_found,Lácteos,shared_or_open,shared_cross_company,heuristic_category,pending_review,dictionary_candidate_shared,review_for_dictionary_mapping
4393,66,Leche Entera,,Virtual Locations/Production,29.15,not_found,Lácteos,shared_or_open,shared_cross_company,heuristic_category,pending_review,dictionary_candidate_shared,review_for_dictionary_mapping
4394,66,Leche Entera,,Virtual Locations/Inventory adjustment,-9.46,not_found,Lácteos,shared_or_open,shared_cross_company,heuristic_category,pending_review,dictionary_candidate_shared,review_for_dictionary_mapping
4395,66,Leche Entera,,Virtual Locations/Inventory adjustment,7.17,not_found,Lácteos,shared_or_open,shared_cross_company,heuristic_category,pending_review,dictionary_candidate_shared,review_for_dictionary_mapping
4396,66,Leche Entera,,Virtual Locations/Production,0.8,not_found,Lácteos,shared_or_open,shared_cross_company,heuristic_category,pending_review,dictionary_candidate_shared,review_for_dictionary_mapping
4397,66,Leche Entera,,FONDA/Existencias/Bar,4.0,not_found,Lácteos,shared_or_open,shared_cross_company,heuristic_category,pending_review,dictionary_candidate_shared,review_for_dictionary_mapping
4398,66,Leche Entera,,FONDA/Existencias/Cocina,1.84,not_found,Lácteos,shared_or_open,shared_cross_company,heuristic_category,pending_review,dictionary_candidate_shared,review_for_dictionary_mapping
4399,66,Leche Entera,,FONDA/Existencias/Bar,12.7,not_found,Lácteos,shared_or_open,shared_cross_company,heuristic_category,pending_review,dictionary_candidate_shared,review_for_dictionary_mapping
4400,66,Leche Entera,,FONDA/Existencias/Cocina,2.25,not_found,Lácteos,shared_or_open,shared_cross_company,heuristic_category,pending_review,dictionary_candidate_shared,review_for_dictionary_mapping
4401,66,Leche Entera,,FAMAQ/Existencias/Bar,3.46,not_found,Lácteos,shared_or_open,shared_cross_company,heuristic_category,pending_review,dictionary_candidate_shared,review_for_dictionary_mapping
4402,66,Leche Entera,,FAMAQ/Existencias/Cocina,5.4,not_found,Lácteos,shared_or_open,shared_cross_company,heuristic_category,pending_review,dictionary_candidate_shared,review_for_dictionary_mapping
4403,66,Leche Entera,,FONDA/Existencias/Almacén,1.0,not_found,Lácteos,shared_or_open,shared_cross_company,heuristic_category,pending_review,dictionary_candidate_shared,review_for_dictionary_mapping
4404,66,Leche Entera,,TACOS/Existencias/Almacen,6.0,not_found,Lácteos,shared_or_open,shared_cross_company,heuristic_category,pending_review,dictionary_candidate_shared,review_for_dictionary_mapping
4405,66,Leche Entera,,FONDA/Existencias/Almacén,6.0,not_found,Lácteos,shared_or_open,shared_cross_company,heuristic_category,pending_review,dictionary_candidate_shared,review_for_dictionary_mapping
4406,66,Leche Entera,,Virtual Locations/Inventory adjustment,-8.84,not_found,Lácteos,shared_or_open,shared_cross_company,heuristic_category,pending_review,dictionary_candidate_shared,review_for_dictionary_mapping
4407,66,Leche Entera,,FACY/Existencias/Bar,8.04,not_found,Lácteos,shared_or_open,shared_cross_company,heuristic_category,pending_review,dictionary_candidate_shared,review_for_dictionary_mapping
4408,66,Leche Entera,,FACY/Existencias/Cocina,0.8,not_found,Lácteos,shared_or_open,shared_cross_company,heuristic_category,pending_review,dictionary_candidate_shared,review_for_dictionary_mapping
4409,67,Leche Evaporada,,Partners/Vendors,-15540.0,not_found,Lácteos,shared_or_open,shared_cross_company,heuristic_category,pending_review,dictionary_candidate_shared,review_for_dictionary_mapping
4410,67,Leche Evaporada,,Partners/Customers,4445.74,not_found,Lácteos,shared_or_open,shared_cross_company,heuristic_category,pending_review,dictionary_candidate_shared,review_for_dictionary_mapping
4411,67,Leche Evaporada,,Virtual Locations/Inter-company transit,1144.0,not_found,Lácteos,shared_or_open,shared_cross_company,heuristic_category,pending_review,dictionary_candidate_shared,review_for_dictionary_mapping
4412,67,Leche Evaporada,,Virtual Locations/Inventory adjustment,713.3,not_found,Lácteos,shared_or_open,shared_cross_company,heuristic_category,pending_review,dictionary_candidate_shared,review_for_dictionary_mapping
4413,67,Leche Evaporada,,Virtual Locations/Production,8607.7,not_found,Lácteos,shared_or_open,shared_cross_company,heuristic_category,pending_review,dictionary_candidate_shared,review_for_dictionary_mapping
4414,67,Leche Evaporada,,Virtual Locations/Scrap,1.0,not_found,Lácteos,shared_or_open,shared_cross_company,heuristic_category,pending_review,dictionary_candidate_shared,review_for_dictionary_mapping
4415,67,Leche Evaporada,,Bodeg/Existencias,457.0,not_found,Lácteos,shared_or_open,shared_cross_company,heuristic_category,pending_review,dictionary_candidate_shared,review_for_dictionary_mapping
4416,67,Leche Evaporada,,Bodeg/Panadería y pastelería,117.0,not_found,Lácteos,shared_or_open,shared_cross_company,heuristic_category,pending_review,dictionary_candidate_shared,review_for_dictionary_mapping
4417,67,Leche Evaporada,,Virtual Locations/Inventory adjustment,-7.3,not_found,Lácteos,shared_or_open,shared_cross_company,heuristic_category,pending_review,dictionary_candidate_shared,review_for_dictionary_mapping
4418,67,Leche Evaporada,,Virtual Locations/Production,0.11,not_found,Lácteos,shared_or_open,shared_cross_company,heuristic_category,pending_review,dictionary_candidate_shared,review_for_dictionary_mapping
4419,67,Leche Evaporada,,Virtual Locations/Inventory adjustment,-12.2,not_found,Lácteos,shared_or_open,shared_cross_company,heuristic_category,pending_review,dictionary_candidate_shared,review_for_dictionary_mapping
4420,67,Leche Evaporada,,Virtual Locations/Inventory adjustment,-3.37,not_found,Lácteos,shared_or_open,shared_cross_company,heuristic_category,pending_review,dictionary_candidate_shared,review_for_dictionary_mapping
4421,67,Leche Evaporada,,Virtual Locations/Inventory adjustment,-22.04,not_found,Lácteos,shared_or_open,shared_cross_company,heuristic_category,pending_review,dictionary_candidate_shared,review_for_dictionary_mapping
4422,67,Leche Evaporada,,Virtual Locations/Inventory adjustment,18.55,not_found,Lácteos,shared_or_open,shared_cross_company,heuristic_category,pending_review,dictionary_candidate_shared,review_for_dictionary_mapping
4423,67,Leche Evaporada,,Virtual Locations/Production,0.45,not_found,Lácteos,shared_or_open,shared_cross_company,heuristic_category,pending_review,dictionary_candidate_shared,review_for_dictionary_mapping
4424,67,Leche Evaporada,,FONDA/Existencias/Bar,6.46,not_found,Lácteos,shared_or_open,shared_cross_company,heuristic_category,pending_review,dictionary_candidate_shared,review_for_dictionary_mapping
4425,67,Leche Evaporada,,FAMAQ/Existencias/Bar,20.85,not_found,Lácteos,shared_or_open,shared_cross_company,heuristic_category,pending_review,dictionary_candidate_shared,review_for_dictionary_mapping
4426,67,Leche Evaporada,,FONDA/Existencias/Almacén,8.0,not_found,Lácteos,shared_or_open,shared_cross_company,heuristic_category,pending_review,dictionary_candidate_shared,review_for_dictionary_mapping
4427,67,Leche Evaporada,,TACOS/Existencias/Almacen,1.0,not_found,Lácteos,shared_or_open,shared_cross_company,heuristic_category,pending_review,dictionary_candidate_shared,review_for_dictionary_mapping
4428,67,Leche Evaporada,,FONDA/Existencias/Almacén,2.0,not_found,Lácteos,shared_or_open,shared_cross_company,heuristic_category,pending_review,dictionary_candidate_shared,review_for_dictionary_mapping
4429,67,Leche Evaporada,,Virtual Locations/Inventory adjustment,-1.75,not_found,Lácteos,shared_or_open,shared_cross_company,heuristic_category,pending_review,dictionary_candidate_shared,review_for_dictionary_mapping
4430,67,Leche Evaporada,,FACY/Existencias/Bar,0.75,not_found,Lácteos,shared_or_open,shared_cross_company,heuristic_category,pending_review,dictionary_candidate_shared,review_for_dictionary_mapping
4431,67,Leche Evaporada,,FACY/Existencias/Cocina,1.0,not_found,Lácteos,shared_or_open,shared_cross_company,heuristic_category,pending_review,dictionary_candidate_shared,review_for_dictionary_mapping
4432,68,Levadura Seca,,Partners/Vendors,-263.35,not_found,Materia prima,shared_or_open,shared_cross_company,heuristic_category,pending_review,dictionary_candidate_shared,review_for_dictionary_mapping
4433,68,Levadura Seca,,Partners/Customers,143.38,not_found,Materia prima,shared_or_open,shared_cross_company,heuristic_category,pending_review,dictionary_candidate_shared,review_for_dictionary_mapping
4434,68,Levadura Seca,,Virtual Locations/Inventory adjustment,-19.08,not_found,Materia prima,shared_or_open,shared_cross_company,heuristic_category,pending_review,dictionary_candidate_shared,review_for_dictionary_mapping
4435,68,Levadura Seca,,Virtual Locations/Production,104.05,not_found,Materia prima,shared_or_open,shared_cross_company,heuristic_category,pending_review,dictionary_candidate_shared,review_for_dictionary_mapping
4436,68,Levadura Seca,,Virtual Locations/Scrap,0.5,not_found,Materia prima,shared_or_open,shared_cross_company,heuristic_category,pending_review,dictionary_candidate_shared,review_for_dictionary_mapping
4437,68,Levadura Seca,,Bodeg/Existencias,30.95,not_found,Materia prima,shared_or_open,shared_cross_company,heuristic_category,pending_review,dictionary_candidate_shared,review_for_dictionary_mapping
4438,68,Levadura Seca,,Bodeg/Panadería y pastelería,3.55,not_found,Materia prima,shared_or_open,shared_cross_company,heuristic_category,pending_review,dictionary_candidate_shared,review_for_dictionary_mapping
4439,68,Levadura Seca,,Bodeg/PASTELERIA Y REPOSTERIA,0.0,not_found,Materia prima,shared_or_open,shared_cross_company,heuristic_category,pending_review,dictionary_candidate_shared,review_for_dictionary_mapping
4440,74,Miel de Abeja,,Partners/Vendors,-3762.4,not_found,Endulcorantes y azucares,shared_or_open,shared_cross_company,heuristic_category,pending_review,dictionary_candidate_shared,review_for_dictionary_mapping
4441,74,Miel de Abeja,,Partners/Customers,819.0,not_found,Endulcorantes y azucares,shared_or_open,shared_cross_company,heuristic_category,pending_review,dictionary_candidate_shared,review_for_dictionary_mapping
4442,74,Miel de Abeja,,Virtual Locations/Inter-company transit,14.05,not_found,Endulcorantes y azucares,shared_or_open,shared_cross_company,heuristic_category,pending_review,dictionary_candidate_shared,review_for_dictionary_mapping
4443,74,Miel de Abeja,,Virtual Locations/Inventory adjustment,-120.38,not_found,Endulcorantes y azucares,shared_or_open,shared_cross_company,heuristic_category,pending_review,dictionary_candidate_shared,review_for_dictionary_mapping
4444,74,Miel de Abeja,,Virtual Locations/Production,2866.53,not_found,Endulcorantes y azucares,shared_or_open,shared_cross_company,heuristic_category,pending_review,dictionary_candidate_shared,review_for_dictionary_mapping
4445,74,Miel de Abeja,,Virtual Locations/Scrap,3.0,not_found,Endulcorantes y azucares,shared_or_open,shared_cross_company,heuristic_category,pending_review,dictionary_candidate_shared,review_for_dictionary_mapping
4446,74,Miel de Abeja,,Bodeg/Existencias,129.0,not_found,Endulcorantes y azucares,shared_or_open,shared_cross_company,heuristic_category,pending_review,dictionary_candidate_shared,review_for_dictionary_mapping
4447,74,Miel de Abeja,,Bodeg/Panadería y pastelería,40.8,not_found,Endulcorantes y azucares,shared_or_open,shared_cross_company,heuristic_category,pending_review,dictionary_candidate_shared,review_for_dictionary_mapping
4448,74,Miel de Abeja,,Virtual Locations/Inventory adjustment,-4.54,not_found,Endulcorantes y azucares,shared_or_open,shared_cross_company,heuristic_category,pending_review,dictionary_candidate_shared,review_for_dictionary_mapping
4449,74,Miel de Abeja,,Virtual Locations/Production,3.54,not_found,Endulcorantes y azucares,shared_or_open,shared_cross_company,heuristic_category,pending_review,dictionary_candidate_shared,review_for_dictionary_mapping
4450,74,Miel de Abeja,,Virtual Locations/Inventory adjustment,-0.1,not_found,Endulcorantes y azucares,shared_or_open,shared_cross_company,heuristic_category,pending_review,dictionary_candidate_shared,review_for_dictionary_mapping
4451,74,Miel de Abeja,,Virtual Locations/Production,0.1,not_found,Endulcorantes y azucares,shared_or_open,shared_cross_company,heuristic_category,pending_review,dictionary_candidate_shared,review_for_dictionary_mapping
4452,74,Miel de Abeja,,Virtual Locations/Inventory adjustment,2.12,not_found,Endulcorantes y azucares,shared_or_open,shared_cross_company,heuristic_category,pending_review,dictionary_candidate_shared,review_for_dictionary_mapping
4453,74,Miel de Abeja,,Virtual Locations/Production,1.88,not_found,Endulcorantes y azucares,shared_or_open,shared_cross_company,heuristic_category,pending_review,dictionary_candidate_shared,review_for_dictionary_mapping
4454,74,Miel de Abeja,,FONDA/Existencias/Almacén,2.0,not_found,Endulcorantes y azucares,shared_or_open,shared_cross_company,heuristic_category,pending_review,dictionary_candidate_shared,review_for_dictionary_mapping
4455,74,Miel de Abeja,,TACOS/Existencias/Almacen,1.0,not_found,Endulcorantes y azucares,shared_or_open,shared_cross_company,heuristic_category,pending_review,dictionary_candidate_shared,review_for_dictionary_mapping
4456,74,Miel de Abeja,,FONDA/Existencias/Almacén,1.0,not_found,Endulcorantes y azucares,shared_or_open,shared_cross_company,heuristic_category,pending_review,dictionary_candidate_shared,review_for_dictionary_mapping
4457,77,Nuez en Mitad,,Partners/Vendors,-6557.78,not_found,"Semillas, Especias y Condimentos",shared_or_open,shared_cross_company,heuristic_category,pending_review,dictionary_candidate_shared,review_for_dictionary_mapping
4458,77,Nuez en Mitad,,Partners/Customers,4620.33,not_found,"Semillas, Especias y Condimentos",shared_or_open,shared_cross_company,heuristic_category,pending_review,dictionary_candidate_shared,review_for_dictionary_mapping
4459,77,Nuez en Mitad,,Virtual Locations/Inter-company transit,1066.74,not_found,"Semillas, Especias y Condimentos",shared_or_open,shared_cross_company,heuristic_category,pending_review,dictionary_candidate_shared,review_for_dictionary_mapping
4460,77,Nuez en Mitad,,Virtual Locations/Inventory adjustment,456.59,not_found,"Semillas, Especias y Condimentos",shared_or_open,shared_cross_company,heuristic_category,pending_review,dictionary_candidate_shared,review_for_dictionary_mapping
4461,77,Nuez en Mitad,,Virtual Locations/Production,44.43,not_found,"Semillas, Especias y Condimentos",shared_or_open,shared_cross_company,heuristic_category,pending_review,dictionary_candidate_shared,review_for_dictionary_mapping
4462,77,Nuez en Mitad,,Virtual Locations/Scrap,26.99,not_found,"Semillas, Especias y Condimentos",shared_or_open,shared_cross_company,heuristic_category,pending_review,dictionary_candidate_shared,review_for_dictionary_mapping
4463,77,Nuez en Mitad,,Bodeg/Existencias,113.5,not_found,"Semillas, Especias y Condimentos",shared_or_open,shared_cross_company,heuristic_category,pending_review,dictionary_candidate_shared,review_for_dictionary_mapping
4464,77,Nuez en Mitad,,Bodeg/Panadería y pastelería,9.9,not_found,"Semillas, Especias y Condimentos",shared_or_open,shared_cross_company,heuristic_category,pending_review,dictionary_candidate_shared,review_for_dictionary_mapping
4465,77,Nuez en Mitad,,Virtual Locations/Inventory adjustment,2.89,not_found,"Semillas, Especias y Condimentos",shared_or_open,shared_cross_company,heuristic_category,pending_review,dictionary_candidate_shared,review_for_dictionary_mapping
4466,77,Nuez en Mitad,,Virtual Locations/Production,49.0,not_found,"Semillas, Especias y Condimentos",shared_or_open,shared_cross_company,heuristic_category,pending_review,dictionary_candidate_shared,review_for_dictionary_mapping
4467,77,Nuez en Mitad,,Virtual Locations/Inventory adjustment,22.0,not_found,"Semillas, Especias y Condimentos",shared_or_open,shared_cross_company,heuristic_category,pending_review,dictionary_candidate_shared,review_for_dictionary_mapping
4468,77,Nuez en Mitad,,Virtual Locations/Production,21.0,not_found,"Semillas, Especias y Condimentos",shared_or_open,shared_cross_company,heuristic_category,pending_review,dictionary_candidate_shared,review_for_dictionary_mapping
4469,77,Nuez en Mitad,,Virtual Locations/Inventory adjustment,-4.16,not_found,"Semillas, Especias y Condimentos",shared_or_open,shared_cross_company,heuristic_category,pending_review,dictionary_candidate_shared,review_for_dictionary_mapping
4470,77,Nuez en Mitad,,Virtual Locations/Production,65.68,not_found,"Semillas, Especias y Condimentos",shared_or_open,shared_cross_company,heuristic_category,pending_review,dictionary_candidate_shared,review_for_dictionary_mapping
4471,77,Nuez en Mitad,,Virtual Locations/Inventory adjustment,-2.14,not_found,"Semillas, Especias y Condimentos",shared_or_open,shared_cross_company,heuristic_category,pending_review,dictionary_candidate_shared,review_for_dictionary_mapping
4472,77,Nuez en Mitad,,Virtual Locations/Inventory adjustment,1.44,not_found,"Semillas, Especias y Condimentos",shared_or_open,shared_cross_company,heuristic_category,pending_review,dictionary_candidate_shared,review_for_dictionary_mapping
4473,77,Nuez en Mitad,,Virtual Locations/Production,0.6,not_found,"Semillas, Especias y Condimentos",shared_or_open,shared_cross_company,heuristic_category,pending_review,dictionary_candidate_shared,review_for_dictionary_mapping
4474,77,Nuez en Mitad,,FONDA/Existencias/Cocina,2.06,not_found,"Semillas, Especias y Condimentos",shared_or_open,shared_cross_company,heuristic_category,pending_review,dictionary_candidate_shared,review_for_dictionary_mapping
4475,77,Nuez en Mitad,,FONDA/Existencias/Cocina,4.6,not_found,"Semillas, Especias y Condimentos",shared_or_open,shared_cross_company,heuristic_category,pending_review,dictionary_candidate_shared,review_for_dictionary_mapping
4476,77,Nuez en Mitad,,FAMAQ/Existencias/Cocina,2.13,not_found,"Semillas, Especias y Condimentos",shared_or_open,shared_cross_company,heuristic_category,pending_review,dictionary_candidate_shared,review_for_dictionary_mapping
4477,77,Nuez en Mitad,,FONDA/Existencias/Almacén,9.0,not_found,"Semillas, Especias y Condimentos",shared_or_open,shared_cross_company,heuristic_category,pending_review,dictionary_candidate_shared,review_for_dictionary_mapping
4478,77,Nuez en Mitad,,FONDA/Existencias/Almacén,3.0,not_found,"Semillas, Especias y Condimentos",shared_or_open,shared_cross_company,heuristic_category,pending_review,dictionary_candidate_shared,review_for_dictionary_mapping
4479,77,Nuez en Mitad,,FONDA/Existencias/Almacén,1.0,not_found,"Semillas, Especias y Condimentos",shared_or_open,shared_cross_company,heuristic_category,pending_review,dictionary_candidate_shared,review_for_dictionary_mapping
4480,77,Nuez en Mitad,,Virtual Locations/Inventory adjustment,-0.7,not_found,"Semillas, Especias y Condimentos",shared_or_open,shared_cross_company,heuristic_category,pending_review,dictionary_candidate_shared,review_for_dictionary_mapping
4481,77,Nuez en Mitad,,FACY/Existencias/Cocina,0.7,not_found,"Semillas, Especias y Condimentos",shared_or_open,shared_cross_company,heuristic_category,pending_review,dictionary_candidate_shared,review_for_dictionary_mapping
4482,78,Oregano Polvo,,Partners/Vendors,-512.55,not_found,"Semillas, Especias y Condimentos",shared_or_open,shared_cross_company,heuristic_category,pending_review,dictionary_candidate_shared,review_for_dictionary_mapping
4483,78,Oregano Polvo,,Partners/Customers,20.92,not_found,"Semillas, Especias y Condimentos",shared_or_open,shared_cross_company,heuristic_category,pending_review,dictionary_candidate_shared,review_for_dictionary_mapping
4484,78,Oregano Polvo,,Virtual Locations/Inter-company transit,2.3,not_found,"Semillas, Especias y Condimentos",shared_or_open,shared_cross_company,heuristic_category,pending_review,dictionary_candidate_shared,review_for_dictionary_mapping
4485,78,Oregano Polvo,,Virtual Locations/Inventory adjustment,13.01,not_found,"Semillas, Especias y Condimentos",shared_or_open,shared_cross_company,heuristic_category,pending_review,dictionary_candidate_shared,review_for_dictionary_mapping
4486,78,Oregano Polvo,,Virtual Locations/Production,438.85,not_found,"Semillas, Especias y Condimentos",shared_or_open,shared_cross_company,heuristic_category,pending_review,dictionary_candidate_shared,review_for_dictionary_mapping
4487,78,Oregano Polvo,,Virtual Locations/Scrap,1.06,not_found,"Semillas, Especias y Condimentos",shared_or_open,shared_cross_company,heuristic_category,pending_review,dictionary_candidate_shared,review_for_dictionary_mapping
4488,78,Oregano Polvo,,Bodeg/Existencias,30.0,not_found,"Semillas, Especias y Condimentos",shared_or_open,shared_cross_company,heuristic_category,pending_review,dictionary_candidate_shared,review_for_dictionary_mapping
4489,78,Oregano Polvo,,Bodeg/Panadería y pastelería,6.89,not_found,"Semillas, Especias y Condimentos",shared_or_open,shared_cross_company,heuristic_category,pending_review,dictionary_candidate_shared,review_for_dictionary_mapping
4490,78,Oregano Polvo,,Bodeg/Embutidos,0.76,not_found,"Semillas, Especias y Condimentos",shared_or_open,shared_cross_company,heuristic_category,pending_review,dictionary_candidate_shared,review_for_dictionary_mapping
4491,78,Oregano Polvo,,Virtual Locations/Inventory adjustment,1.0,not_found,"Semillas, Especias y Condimentos",shared_or_open,shared_cross_company,heuristic_category,pending_review,dictionary_candidate_shared,review_for_dictionary_mapping
4492,78,Oregano Polvo,,Virtual Locations/Inventory adjustment,0.25,not_found,"Semillas, Especias y Condimentos",shared_or_open,shared_cross_company,heuristic_category,pending_review,dictionary_candidate_shared,review_for_dictionary_mapping
4493,78,Oregano Polvo,,Virtual Locations/Inventory adjustment,-0.99,not_found,"Semillas, Especias y Condimentos",shared_or_open,shared_cross_company,heuristic_category,pending_review,dictionary_candidate_shared,review_for_dictionary_mapping
4494,79,Palillo Bambú 15 cm,,Partners/Vendors,-112620.0,not_found,Material de Empaque,shared_or_open,shared_cross_company,heuristic_category,pending_review,dictionary_candidate_shared,review_for_dictionary_mapping
4495,79,Palillo Bambú 15 cm,,Partners/Customers,75224.0,not_found,Material de Empaque,shared_or_open,shared_cross_company,heuristic_category,pending_review,dictionary_candidate_shared,review_for_dictionary_mapping
4496,79,Palillo Bambú 15 cm,,Virtual Locations/Inter-company transit,19007.0,not_found,Material de Empaque,shared_or_open,shared_cross_company,heuristic_category,pending_review,dictionary_candidate_shared,review_for_dictionary_mapping
4497,79,Palillo Bambú 15 cm,,Virtual Locations/Inventory adjustment,15196.0,not_found,Material de Empaque,shared_or_open,shared_cross_company,heuristic_category,pending_review,dictionary_candidate_shared,review_for_dictionary_mapping
4498,79,Palillo Bambú 15 cm,,Virtual Locations/Production,1600.0,not_found,Material de Empaque,shared_or_open,shared_cross_company,heuristic_category,pending_review,dictionary_candidate_shared,review_for_dictionary_mapping
4499,79,Palillo Bambú 15 cm,,Bodeg/Existencias,793.0,not_found,Material de Empaque,shared_or_open,shared_cross_company,heuristic_category,pending_review,dictionary_candidate_shared,review_for_dictionary_mapping
4500,85,Pimienta Negra Entera,,Partners/Vendors,-254.66,not_found,"Semillas, Especias y Condimentos",shared_or_open,shared_cross_company,heuristic_category,pending_review,dictionary_candidate_shared,review_for_dictionary_mapping
4501,85,Pimienta Negra Entera,,Partners/Customers,175.43,not_found,"Semillas, Especias y Condimentos",shared_or_open,shared_cross_company,heuristic_category,pending_review,dictionary_candidate_shared,review_for_dictionary_mapping
4502,85,Pimienta Negra Entera,,Virtual Locations/Inter-company transit,39.82,not_found,"Semillas, Especias y Condimentos",shared_or_open,shared_cross_company,heuristic_category,pending_review,dictionary_candidate_shared,review_for_dictionary_mapping
4503,85,Pimienta Negra Entera,,Virtual Locations/Inventory adjustment,15.42,not_found,"Semillas, Especias y Condimentos",shared_or_open,shared_cross_company,heuristic_category,pending_review,dictionary_candidate_shared,review_for_dictionary_mapping
4504,85,Pimienta Negra Entera,,Virtual Locations/Production,0.23,not_found,"Semillas, Especias y Condimentos",shared_or_open,shared_cross_company,heuristic_category,pending_review,dictionary_candidate_shared,review_for_dictionary_mapping
4505,85,Pimienta Negra Entera,,Bodeg/Existencias,13.6,not_found,"Semillas, Especias y Condimentos",shared_or_open,shared_cross_company,heuristic_category,pending_review,dictionary_candidate_shared,review_for_dictionary_mapping
4506,85,Pimienta Negra Entera,,Virtual Locations/Inventory adjustment,2.9,not_found,"Semillas, Especias y Condimentos",shared_or_open,shared_cross_company,heuristic_category,pending_review,dictionary_candidate_shared,review_for_dictionary_mapping
4507,85,Pimienta Negra Entera,,Virtual Locations/Inventory adjustment,2.16,not_found,"Semillas, Especias y Condimentos",shared_or_open,shared_cross_company,heuristic_category,pending_review,dictionary_candidate_shared,review_for_dictionary_mapping
4508,85,Pimienta Negra Entera,,Virtual Locations/Inventory adjustment,0.5,not_found,"Semillas, Especias y Condimentos",shared_or_open,shared_cross_company,heuristic_category,pending_review,dictionary_candidate_shared,review_for_dictionary_mapping
4509,85,Pimienta Negra Entera,,FONDA/Existencias/Cocina,1.1,not_found,"Semillas, Especias y Condimentos",shared_or_open,shared_cross_company,heuristic_category,pending_review,dictionary_candidate_shared,review_for_dictionary_mapping
4510,85,Pimienta Negra Entera,,FONDA/Existencias/Cocina,0.5,not_found,"Semillas, Especias y Condimentos",shared_or_open,shared_cross_company,heuristic_category,pending_review,dictionary_candidate_shared,review_for_dictionary_mapping
4511,85,Pimienta Negra Entera,,FONDA/Existencias/Almacén,2.0,not_found,"Semillas, Especias y Condimentos",shared_or_open,shared_cross_company,heuristic_category,pending_review,dictionary_candidate_shared,review_for_dictionary_mapping
4512,86,Pimienta Negra Molida,,Partners/Vendors,-511.5,not_found,"Semillas, Especias y Condimentos",shared_or_open,shared_cross_company,heuristic_category,pending_review,dictionary_candidate_shared,review_for_dictionary_mapping
4513,86,Pimienta Negra Molida,,Partners/Customers,5.0,not_found,"Semillas, Especias y Condimentos",shared_or_open,shared_cross_company,heuristic_category,pending_review,dictionary_candidate_shared,review_for_dictionary_mapping
4514,86,Pimienta Negra Molida,,Virtual Locations/Inter-company transit,2.0,not_found,"Semillas, Especias y Condimentos",shared_or_open,shared_cross_company,heuristic_category,pending_review,dictionary_candidate_shared,review_for_dictionary_mapping
4515,86,Pimienta Negra Molida,,Virtual Locations/Inventory adjustment,-8.19,not_found,"Semillas, Especias y Condimentos",shared_or_open,shared_cross_company,heuristic_category,pending_review,dictionary_candidate_shared,review_for_dictionary_mapping
4516,86,Pimienta Negra Molida,,Virtual Locations/Production,467.68,not_found,"Semillas, Especias y Condimentos",shared_or_open,shared_cross_company,heuristic_category,pending_review,dictionary_candidate_shared,review_for_dictionary_mapping
4517,86,Pimienta Negra Molida,,Virtual Locations/Scrap,1.2,not_found,"Semillas, Especias y Condimentos",shared_or_open,shared_cross_company,heuristic_category,pending_review,dictionary_candidate_shared,review_for_dictionary_mapping
4518,86,Pimienta Negra Molida,,Bodeg/Existencias,34.3,not_found,"Semillas, Especias y Condimentos",shared_or_open,shared_cross_company,heuristic_category,pending_review,dictionary_candidate_shared,review_for_dictionary_mapping
4519,86,Pimienta Negra Molida,,Bodeg/Panadería y pastelería,5.59,not_found,"Semillas, Especias y Condimentos",shared_or_open,shared_cross_company,heuristic_category,pending_review,dictionary_candidate_shared,review_for_dictionary_mapping
4520,86,Pimienta Negra Molida,,Bodeg/Embutidos,2.9,not_found,"Semillas, Especias y Condimentos",shared_or_open,shared_cross_company,heuristic_category,pending_review,dictionary_candidate_shared,review_for_dictionary_mapping
4521,86,Pimienta Negra Molida,,Bodeg/PASTELERIA Y REPOSTERIA,0.02,not_found,"Semillas, Especias y Condimentos",shared_or_open,shared_cross_company,heuristic_category,pending_review,dictionary_candidate_shared,review_for_dictionary_mapping
4522,86,Pimienta Negra Molida,,Virtual Locations/Inventory adjustment,0.87,not_found,"Semillas, Especias y Condimentos",shared_or_open,shared_cross_company,heuristic_category,pending_review,dictionary_candidate_shared,review_for_dictionary_mapping
4523,86,Pimienta Negra Molida,,Virtual Locations/Production,0.06,not_found,"Semillas, Especias y Condimentos",shared_or_open,shared_cross_company,heuristic_category,pending_review,dictionary_candidate_shared,review_for_dictionary_mapping
4524,86,Pimienta Negra Molida,,TACOS/Existencias/Cocina,0.07,not_found,"Semillas, Especias y Condimentos",shared_or_open,shared_cross_company,heuristic_category,pending_review,dictionary_candidate_shared,review_for_dictionary_mapping
4525,87,Saborizante Artificial Vainilla,,Partners/Vendors,-287.0,not_found,Materia prima,shared_or_open,shared_cross_company,heuristic_category,pending_review,dictionary_candidate_shared,review_for_dictionary_mapping
4526,87,Saborizante Artificial Vainilla,,Partners/Customers,225.66,not_found,Materia prima,shared_or_open,shared_cross_company,heuristic_category,pending_review,dictionary_candidate_shared,review_for_dictionary_mapping
4527,87,Saborizante Artificial Vainilla,,Virtual Locations/Inter-company transit,43.0,not_found,Materia prima,shared_or_open,shared_cross_company,heuristic_category,pending_review,dictionary_candidate_shared,review_for_dictionary_mapping
4528,87,Saborizante Artificial Vainilla,,Virtual Locations/Inventory adjustment,7.42,not_found,Materia prima,shared_or_open,shared_cross_company,heuristic_category,pending_review,dictionary_candidate_shared,review_for_dictionary_mapping
4529,87,Saborizante Artificial Vainilla,,Virtual Locations/Production,1.58,not_found,Materia prima,shared_or_open,shared_cross_company,heuristic_category,pending_review,dictionary_candidate_shared,review_for_dictionary_mapping
4530,87,Saborizante Artificial Vainilla,,Virtual Locations/Scrap,3.0,not_found,Materia prima,shared_or_open,shared_cross_company,heuristic_category,pending_review,dictionary_candidate_shared,review_for_dictionary_mapping
4531,87,Saborizante Artificial Vainilla,,Bodeg/Existencias,16.0,not_found,Materia prima,shared_or_open,shared_cross_company,heuristic_category,pending_review,dictionary_candidate_shared,review_for_dictionary_mapping
4532,87,Saborizante Artificial Vainilla,,Virtual Locations/Inventory adjustment,-6.32,not_found,Materia prima,shared_or_open,shared_cross_company,heuristic_category,pending_review,dictionary_candidate_shared,review_for_dictionary_mapping
4533,87,Saborizante Artificial Vainilla,,Virtual Locations/Production,0.33,not_found,Materia prima,shared_or_open,shared_cross_company,heuristic_category,pending_review,dictionary_candidate_shared,review_for_dictionary_mapping
4534,87,Saborizante Artificial Vainilla,,Virtual Locations/Inventory adjustment,-0.05,not_found,Materia prima,shared_or_open,shared_cross_company,heuristic_category,pending_review,dictionary_candidate_shared,review_for_dictionary_mapping
4535,87,Saborizante Artificial Vainilla,,Virtual Locations/Production,0.04,not_found,Materia prima,shared_or_open,shared_cross_company,heuristic_category,pending_review,dictionary_candidate_shared,review_for_dictionary_mapping
4536,87,Saborizante Artificial Vainilla,,Virtual Locations/Inventory adjustment,-3.78,not_found,Materia prima,shared_or_open,shared_cross_company,heuristic_category,pending_review,dictionary_candidate_shared,review_for_dictionary_mapping
4537,87,Saborizante Artificial Vainilla,,Virtual Locations/Production,0.33,not_found,Materia prima,shared_or_open,shared_cross_company,heuristic_category,pending_review,dictionary_candidate_shared,review_for_dictionary_mapping
4538,87,Saborizante Artificial Vainilla,,Virtual Locations/Inventory adjustment,-3.39,not_found,Materia prima,shared_or_open,shared_cross_company,heuristic_category,pending_review,dictionary_candidate_shared,review_for_dictionary_mapping
4539,87,Saborizante Artificial Vainilla,,Virtual Locations/Inventory adjustment,-2.0,not_found,Materia prima,shared_or_open,shared_cross_company,heuristic_category,pending_review,dictionary_candidate_shared,review_for_dictionary_mapping
4540,87,Saborizante Artificial Vainilla,,FONDA/Existencias/Cocina,0.8,not_found,Materia prima,shared_or_open,shared_cross_company,heuristic_category,pending_review,dictionary_candidate_shared,review_for_dictionary_mapping
4541,87,Saborizante Artificial Vainilla,,FONDA/Existencias/Bar,0.43,not_found,Materia prima,shared_or_open,shared_cross_company,heuristic_category,pending_review,dictionary_candidate_shared,review_for_dictionary_mapping
4542,87,Saborizante Artificial Vainilla,,FAMAQ/Existencias/Bar,1.59,not_found,Materia prima,shared_or_open,shared_cross_company,heuristic_category,pending_review,dictionary_candidate_shared,review_for_dictionary_mapping
4543,87,Saborizante Artificial Vainilla,,FAMAQ/Existencias/Cocina,1.65,not_found,Materia prima,shared_or_open,shared_cross_company,heuristic_category,pending_review,dictionary_candidate_shared,review_for_dictionary_mapping
4544,87,Saborizante Artificial Vainilla,,TACOS/Existencias/Cocina,2.0,not_found,Materia prima,shared_or_open,shared_cross_company,heuristic_category,pending_review,dictionary_candidate_shared,review_for_dictionary_mapping
4545,92,Semolina de Trigo,,Partners/Vendors,-969.0,not_found,Materia prima,shared_or_open,shared_cross_company,heuristic_category,pending_review,dictionary_candidate_shared,review_for_dictionary_mapping
4546,92,Semolina de Trigo,,Partners/Customers,736.42,not_found,Materia prima,shared_or_open,shared_cross_company,heuristic_category,pending_review,dictionary_candidate_shared,review_for_dictionary_mapping
4547,92,Semolina de Trigo,,Virtual Locations/Inter-company transit,156.6,not_found,Materia prima,shared_or_open,shared_cross_company,heuristic_category,pending_review,dictionary_candidate_shared,review_for_dictionary_mapping
4548,92,Semolina de Trigo,,Virtual Locations/Inventory adjustment,50.4,not_found,Materia prima,shared_or_open,shared_cross_company,heuristic_category,pending_review,dictionary_candidate_shared,review_for_dictionary_mapping
4549,92,Semolina de Trigo,,Virtual Locations/Scrap,6.0,not_found,Materia prima,shared_or_open,shared_cross_company,heuristic_category,pending_review,dictionary_candidate_shared,review_for_dictionary_mapping
4550,92,Semolina de Trigo,,Bodeg/Existencias,8.0,not_found,Materia prima,shared_or_open,shared_cross_company,heuristic_category,pending_review,dictionary_candidate_shared,review_for_dictionary_mapping
4551,92,Semolina de Trigo,,Virtual Locations/Inventory adjustment,2.08,not_found,Materia prima,shared_or_open,shared_cross_company,heuristic_category,pending_review,dictionary_candidate_shared,review_for_dictionary_mapping
4552,92,Semolina de Trigo,,FONDA/Existencias/Parrilla,2.5,not_found,Materia prima,shared_or_open,shared_cross_company,heuristic_category,pending_review,dictionary_candidate_shared,review_for_dictionary_mapping
4553,92,Semolina de Trigo,,Virtual Locations/Inventory adjustment,-1.3,not_found,Materia prima,shared_or_open,shared_cross_company,heuristic_category,pending_review,dictionary_candidate_shared,review_for_dictionary_mapping
4554,92,Semolina de Trigo,,FACY/Existencias/Parrilla,1.3,not_found,Materia prima,shared_or_open,shared_cross_company,heuristic_category,pending_review,dictionary_candidate_shared,review_for_dictionary_mapping
4555,96,Te Blueberry Merlot,,Partners/Vendors,-2612.0,not_found,Cafe y te,shared_or_open,shared_cross_company,heuristic_category,pending_review,dictionary_candidate_shared,review_for_dictionary_mapping
4556,96,Te Blueberry Merlot,,Partners/Customers,2049.0,not_found,Cafe y te,shared_or_open,shared_cross_company,heuristic_category,pending_review,dictionary_candidate_shared,review_for_dictionary_mapping
4557,96,Te Blueberry Merlot,,Virtual Locations/Inter-company transit,372.0,not_found,Cafe y te,shared_or_open,shared_cross_company,heuristic_category,pending_review,dictionary_candidate_shared,review_for_dictionary_mapping
4558,96,Te Blueberry Merlot,,Virtual Locations/Inventory adjustment,118.0,not_found,Cafe y te,shared_or_open,shared_cross_company,heuristic_category,pending_review,dictionary_candidate_shared,review_for_dictionary_mapping
4559,96,Te Blueberry Merlot,,Bodeg/Existencias,80.0,not_found,Cafe y te,shared_or_open,shared_cross_company,heuristic_category,pending_review,dictionary_candidate_shared,review_for_dictionary_mapping
4560,96,Te Blueberry Merlot,,Virtual Locations/Inventory adjustment,-38.0,not_found,Cafe y te,shared_or_open,shared_cross_company,heuristic_category,pending_review,dictionary_candidate_shared,review_for_dictionary_mapping
4561,96,Te Blueberry Merlot,,Virtual Locations/Inventory adjustment,-14.0,not_found,Cafe y te,shared_or_open,shared_cross_company,heuristic_category,pending_review,dictionary_candidate_shared,review_for_dictionary_mapping
4562,96,Te Blueberry Merlot,,FONDA/Existencias/Bar,31.0,not_found,Cafe y te,shared_or_open,shared_cross_company,heuristic_category,pending_review,dictionary_candidate_shared,review_for_dictionary_mapping
4563,96,Te Blueberry Merlot,,FAMAQ/Existencias/Bar,14.0,not_found,Cafe y te,shared_or_open,shared_cross_company,heuristic_category,pending_review,dictionary_candidate_shared,review_for_dictionary_mapping
4564,97,Te Bombai Chai,,Partners/Vendors,-1480.0,not_found,Cafe y te,shared_or_open,shared_cross_company,heuristic_category,pending_review,dictionary_candidate_shared,review_for_dictionary_mapping
4565,97,Te Bombai Chai,,Partners/Customers,755.0,not_found,Cafe y te,shared_or_open,shared_cross_company,heuristic_category,pending_review,dictionary_candidate_shared,review_for_dictionary_mapping
4566,97,Te Bombai Chai,,Virtual Locations/Inter-company transit,160.0,not_found,Cafe y te,shared_or_open,shared_cross_company,heuristic_category,pending_review,dictionary_candidate_shared,review_for_dictionary_mapping
4567,97,Te Bombai Chai,,Virtual Locations/Inventory adjustment,28.0,not_found,Cafe y te,shared_or_open,shared_cross_company,heuristic_category,pending_review,dictionary_candidate_shared,review_for_dictionary_mapping
4568,97,Te Bombai Chai,,Bodeg/Existencias,560.0,not_found,Cafe y te,shared_or_open,shared_cross_company,heuristic_category,pending_review,dictionary_candidate_shared,review_for_dictionary_mapping
4569,97,Te Bombai Chai,,Virtual Locations/Inventory adjustment,-48.0,not_found,Cafe y te,shared_or_open,shared_cross_company,heuristic_category,pending_review,dictionary_candidate_shared,review_for_dictionary_mapping
4570,97,Te Bombai Chai,,Virtual Locations/Inventory adjustment,-69.0,not_found,Cafe y te,shared_or_open,shared_cross_company,heuristic_category,pending_review,dictionary_candidate_shared,review_for_dictionary_mapping
4571,97,Te Bombai Chai,,Virtual Locations/Inventory adjustment,-23.0,not_found,Cafe y te,shared_or_open,shared_cross_company,heuristic_category,pending_review,dictionary_candidate_shared,review_for_dictionary_mapping
4572,97,Te Bombai Chai,,Virtual Locations/Inventory adjustment,-16.0,not_found,Cafe y te,shared_or_open,shared_cross_company,heuristic_category,pending_review,dictionary_candidate_shared,review_for_dictionary_mapping
4573,97,Te Bombai Chai,,FONDA/Existencias/Bar,44.0,not_found,Cafe y te,shared_or_open,shared_cross_company,heuristic_category,pending_review,dictionary_candidate_shared,review_for_dictionary_mapping
4574,97,Te Bombai Chai,,FONDA/Existencias/Bar,60.0,not_found,Cafe y te,shared_or_open,shared_cross_company,heuristic_category,pending_review,dictionary_candidate_shared,review_for_dictionary_mapping
4575,97,Te Bombai Chai,,FONDA/Existencias/Bar,14.0,not_found,Cafe y te,shared_or_open,shared_cross_company,heuristic_category,pending_review,dictionary_candidate_shared,review_for_dictionary_mapping
4576,97,Te Bombai Chai,,FAMAQ/Existencias/Bar,16.0,not_found,Cafe y te,shared_or_open,shared_cross_company,heuristic_category,pending_review,dictionary_candidate_shared,review_for_dictionary_mapping
4577,98,Te Chamomile Citron,,Partners/Vendors,-5436.0,not_found,Cafe y te,shared_or_open,shared_cross_company,heuristic_category,pending_review,dictionary_candidate_shared,review_for_dictionary_mapping
4578,98,Te Chamomile Citron,,Partners/Customers,4410.0,not_found,Cafe y te,shared_or_open,shared_cross_company,heuristic_category,pending_review,dictionary_candidate_shared,review_for_dictionary_mapping
4579,98,Te Chamomile Citron,,Virtual Locations/Inter-company transit,800.0,not_found,Cafe y te,shared_or_open,shared_cross_company,heuristic_category,pending_review,dictionary_candidate_shared,review_for_dictionary_mapping
4580,98,Te Chamomile Citron,,Virtual Locations/Inventory adjustment,223.0,not_found,Cafe y te,shared_or_open,shared_cross_company,heuristic_category,pending_review,dictionary_candidate_shared,review_for_dictionary_mapping
4581,98,Te Chamomile Citron,,Virtual Locations/Inventory adjustment,-57.0,not_found,Cafe y te,shared_or_open,shared_cross_company,heuristic_category,pending_review,dictionary_candidate_shared,review_for_dictionary_mapping
4582,98,Te Chamomile Citron,,Virtual Locations/Inventory adjustment,-61.0,not_found,Cafe y te,shared_or_open,shared_cross_company,heuristic_category,pending_review,dictionary_candidate_shared,review_for_dictionary_mapping
4583,98,Te Chamomile Citron,,Virtual Locations/Inventory adjustment,21.0,not_found,Cafe y te,shared_or_open,shared_cross_company,heuristic_category,pending_review,dictionary_candidate_shared,review_for_dictionary_mapping
4584,98,Te Chamomile Citron,,Virtual Locations/Inventory adjustment,-35.0,not_found,Cafe y te,shared_or_open,shared_cross_company,heuristic_category,pending_review,dictionary_candidate_shared,review_for_dictionary_mapping
4585,98,Te Chamomile Citron,,FONDA/Existencias/Bar,56.0,not_found,Cafe y te,shared_or_open,shared_cross_company,heuristic_category,pending_review,dictionary_candidate_shared,review_for_dictionary_mapping
4586,98,Te Chamomile Citron,,FONDA/Existencias/Bar,58.0,not_found,Cafe y te,shared_or_open,shared_cross_company,heuristic_category,pending_review,dictionary_candidate_shared,review_for_dictionary_mapping
4587,98,Te Chamomile Citron,,FAMAQ/Existencias/Bar,35.0,not_found,Cafe y te,shared_or_open,shared_cross_company,heuristic_category,pending_review,dictionary_candidate_shared,review_for_dictionary_mapping
4588,99,Te Citrus Mint,,Partners/Vendors,-4403.0,not_found,Cafe y te,shared_or_open,shared_cross_company,heuristic_category,pending_review,dictionary_candidate_shared,review_for_dictionary_mapping
4589,99,Te Citrus Mint,,Partners/Customers,3192.0,not_found,Cafe y te,shared_or_open,shared_cross_company,heuristic_category,pending_review,dictionary_candidate_shared,review_for_dictionary_mapping
4590,99,Te Citrus Mint,,Virtual Locations/Inter-company transit,720.0,not_found,Cafe y te,shared_or_open,shared_cross_company,heuristic_category,pending_review,dictionary_candidate_shared,review_for_dictionary_mapping
4591,99,Te Citrus Mint,,Virtual Locations/Inventory adjustment,350.0,not_found,Cafe y te,shared_or_open,shared_cross_company,heuristic_category,pending_review,dictionary_candidate_shared,review_for_dictionary_mapping
4592,99,Te Citrus Mint,,Bodeg/Existencias,80.0,not_found,Cafe y te,shared_or_open,shared_cross_company,heuristic_category,pending_review,dictionary_candidate_shared,review_for_dictionary_mapping
4593,99,Te Citrus Mint,,Virtual Locations/Inventory adjustment,-54.0,not_found,Cafe y te,shared_or_open,shared_cross_company,heuristic_category,pending_review,dictionary_candidate_shared,review_for_dictionary_mapping
4594,99,Te Citrus Mint,,Virtual Locations/Inventory adjustment,-117.0,not_found,Cafe y te,shared_or_open,shared_cross_company,heuristic_category,pending_review,dictionary_candidate_shared,review_for_dictionary_mapping
4595,99,Te Citrus Mint,,Virtual Locations/Inventory adjustment,-22.0,not_found,Cafe y te,shared_or_open,shared_cross_company,heuristic_category,pending_review,dictionary_candidate_shared,review_for_dictionary_mapping
4596,99,Te Citrus Mint,,Virtual Locations/Inventory adjustment,-10.0,not_found,Cafe y te,shared_or_open,shared_cross_company,heuristic_category,pending_review,dictionary_candidate_shared,review_for_dictionary_mapping
4597,99,Te Citrus Mint,,FONDA/Existencias/Bar,66.0,not_found,Cafe y te,shared_or_open,shared_cross_company,heuristic_category,pending_review,dictionary_candidate_shared,review_for_dictionary_mapping
4598,99,Te Citrus Mint,,FONDA/Existencias/Bar,83.0,not_found,Cafe y te,shared_or_open,shared_cross_company,heuristic_category,pending_review,dictionary_candidate_shared,review_for_dictionary_mapping
4599,99,Te Citrus Mint,,FONDA/Existencias/Bar,5.0,not_found,Cafe y te,shared_or_open,shared_cross_company,heuristic_category,pending_review,dictionary_candidate_shared,review_for_dictionary_mapping
4600,99,Te Citrus Mint,,FAMAQ/Existencias/Bar,10.0,not_found,Cafe y te,shared_or_open,shared_cross_company,heuristic_category,pending_review,dictionary_candidate_shared,review_for_dictionary_mapping
4601,99,Te Citrus Mint,,FONDA/Existencias/Almacén,70.0,not_found,Cafe y te,shared_or_open,shared_cross_company,heuristic_category,pending_review,dictionary_candidate_shared,review_for_dictionary_mapping
4602,100,Te English Breakfast,,Partners/Vendors,-960.0,not_found,Cafe y te,shared_or_open,shared_cross_company,heuristic_category,pending_review,dictionary_candidate_shared,review_for_dictionary_mapping
4603,100,Te English Breakfast,,Partners/Customers,793.0,not_found,Cafe y te,shared_or_open,shared_cross_company,heuristic_category,pending_review,dictionary_candidate_shared,review_for_dictionary_mapping
4604,100,Te English Breakfast,,Virtual Locations/Inter-company transit,80.0,not_found,Cafe y te,shared_or_open,shared_cross_company,heuristic_category,pending_review,dictionary_candidate_shared,review_for_dictionary_mapping
4605,100,Te English Breakfast,,Virtual Locations/Inventory adjustment,-226.0,not_found,Cafe y te,shared_or_open,shared_cross_company,heuristic_category,pending_review,dictionary_candidate_shared,review_for_dictionary_mapping
4606,100,Te English Breakfast,,Bodeg/Existencias,320.0,not_found,Cafe y te,shared_or_open,shared_cross_company,heuristic_category,pending_review,dictionary_candidate_shared,review_for_dictionary_mapping
4607,100,Te English Breakfast,,Virtual Locations/Inventory adjustment,-62.0,not_found,Cafe y te,shared_or_open,shared_cross_company,heuristic_category,pending_review,dictionary_candidate_shared,review_for_dictionary_mapping
4608,100,Te English Breakfast,,Virtual Locations/Inventory adjustment,-79.0,not_found,Cafe y te,shared_or_open,shared_cross_company,heuristic_category,pending_review,dictionary_candidate_shared,review_for_dictionary_mapping
4609,100,Te English Breakfast,,Virtual Locations/Inventory adjustment,-53.0,not_found,Cafe y te,shared_or_open,shared_cross_company,heuristic_category,pending_review,dictionary_candidate_shared,review_for_dictionary_mapping
4610,100,Te English Breakfast,,Virtual Locations/Inventory adjustment,-58.0,not_found,Cafe y te,shared_or_open,shared_cross_company,heuristic_category,pending_review,dictionary_candidate_shared,review_for_dictionary_mapping
4611,100,Te English Breakfast,,FONDA/Existencias/Bar,56.0,not_found,Cafe y te,shared_or_open,shared_cross_company,heuristic_category,pending_review,dictionary_candidate_shared,review_for_dictionary_mapping
4612,100,Te English Breakfast,,FONDA/Existencias/Bar,79.0,not_found,Cafe y te,shared_or_open,shared_cross_company,heuristic_category,pending_review,dictionary_candidate_shared,review_for_dictionary_mapping
4613,100,Te English Breakfast,,FONDA/Existencias/Bar,13.0,not_found,Cafe y te,shared_or_open,shared_cross_company,heuristic_category,pending_review,dictionary_candidate_shared,review_for_dictionary_mapping
4614,100,Te English Breakfast,,FAMAQ/Existencias/Bar,58.0,not_found,Cafe y te,shared_or_open,shared_cross_company,heuristic_category,pending_review,dictionary_candidate_shared,review_for_dictionary_mapping
4615,100,Te English Breakfast,,FONDA/Existencias/Almacén,40.0,not_found,Cafe y te,shared_or_open,shared_cross_company,heuristic_category,pending_review,dictionary_candidate_shared,review_for_dictionary_mapping
4616,101,Te Green Mango Peach,,Partners/Vendors,-3148.0,not_found,Cafe y te,shared_or_open,shared_cross_company,heuristic_category,pending_review,dictionary_candidate_shared,review_for_dictionary_mapping
4617,101,Te Green Mango Peach,,Partners/Customers,2287.0,not_found,Cafe y te,shared_or_open,shared_cross_company,heuristic_category,pending_review,dictionary_candidate_shared,review_for_dictionary_mapping
4618,101,Te Green Mango Peach,,Virtual Locations/Inter-company transit,400.0,not_found,Cafe y te,shared_or_open,shared_cross_company,heuristic_category,pending_review,dictionary_candidate_shared,review_for_dictionary_mapping
4619,101,Te Green Mango Peach,,Virtual Locations/Inventory adjustment,61.0,not_found,Cafe y te,shared_or_open,shared_cross_company,heuristic_category,pending_review,dictionary_candidate_shared,review_for_dictionary_mapping
4620,101,Te Green Mango Peach,,Bodeg/Existencias,360.0,not_found,Cafe y te,shared_or_open,shared_cross_company,heuristic_category,pending_review,dictionary_candidate_shared,review_for_dictionary_mapping
4621,101,Te Green Mango Peach,,Virtual Locations/Inventory adjustment,-15.0,not_found,Cafe y te,shared_or_open,shared_cross_company,heuristic_category,pending_review,dictionary_candidate_shared,review_for_dictionary_mapping
4622,101,Te Green Mango Peach,,Virtual Locations/Inventory adjustment,-18.0,not_found,Cafe y te,shared_or_open,shared_cross_company,heuristic_category,pending_review,dictionary_candidate_shared,review_for_dictionary_mapping
4623,101,Te Green Mango Peach,,Virtual Locations/Inventory adjustment,-10.0,not_found,Cafe y te,shared_or_open,shared_cross_company,heuristic_category,pending_review,dictionary_candidate_shared,review_for_dictionary_mapping
4624,101,Te Green Mango Peach,,Virtual Locations/Inventory adjustment,-74.0,not_found,Cafe y te,shared_or_open,shared_cross_company,heuristic_category,pending_review,dictionary_candidate_shared,review_for_dictionary_mapping
4625,101,Te Green Mango Peach,,FONDA/Existencias/Bar,36.0,not_found,Cafe y te,shared_or_open,shared_cross_company,heuristic_category,pending_review,dictionary_candidate_shared,review_for_dictionary_mapping
4626,101,Te Green Mango Peach,,FONDA/Existencias/Bar,41.0,not_found,Cafe y te,shared_or_open,shared_cross_company,heuristic_category,pending_review,dictionary_candidate_shared,review_for_dictionary_mapping
4627,101,Te Green Mango Peach,,FONDA/Existencias/Bar,8.0,not_found,Cafe y te,shared_or_open,shared_cross_company,heuristic_category,pending_review,dictionary_candidate_shared,review_for_dictionary_mapping
4628,101,Te Green Mango Peach,,FAMAQ/Existencias/Bar,74.0,not_found,Cafe y te,shared_or_open,shared_cross_company,heuristic_category,pending_review,dictionary_candidate_shared,review_for_dictionary_mapping
4629,101,Te Green Mango Peach,,FONDA/Existencias/Almacén,15.0,not_found,Cafe y te,shared_or_open,shared_cross_company,heuristic_category,pending_review,dictionary_candidate_shared,review_for_dictionary_mapping
4630,102,Te Sencha,,Partners/Vendors,-1360.0,not_found,Cafe y te,shared_or_open,shared_cross_company,heuristic_category,pending_review,dictionary_candidate_shared,review_for_dictionary_mapping
4631,102,Te Sencha,,Partners/Customers,888.0,not_found,Cafe y te,shared_or_open,shared_cross_company,heuristic_category,pending_review,dictionary_candidate_shared,review_for_dictionary_mapping
4632,102,Te Sencha,,Virtual Locations/Inter-company transit,160.0,not_found,Cafe y te,shared_or_open,shared_cross_company,heuristic_category,pending_review,dictionary_candidate_shared,review_for_dictionary_mapping
4633,102,Te Sencha,,Virtual Locations/Inventory adjustment,-106.0,not_found,Cafe y te,shared_or_open,shared_cross_company,heuristic_category,pending_review,dictionary_candidate_shared,review_for_dictionary_mapping
4634,102,Te Sencha,,Bodeg/Existencias,440.0,not_found,Cafe y te,shared_or_open,shared_cross_company,heuristic_category,pending_review,dictionary_candidate_shared,review_for_dictionary_mapping
4635,102,Te Sencha,,Virtual Locations/Inventory adjustment,-34.0,not_found,Cafe y te,shared_or_open,shared_cross_company,heuristic_category,pending_review,dictionary_candidate_shared,review_for_dictionary_mapping
4636,102,Te Sencha,,Virtual Locations/Inventory adjustment,-80.0,not_found,Cafe y te,shared_or_open,shared_cross_company,heuristic_category,pending_review,dictionary_candidate_shared,review_for_dictionary_mapping
4637,102,Te Sencha,,Virtual Locations/Inventory adjustment,-15.0,not_found,Cafe y te,shared_or_open,shared_cross_company,heuristic_category,pending_review,dictionary_candidate_shared,review_for_dictionary_mapping
4638,102,Te Sencha,,Virtual Locations/Inventory adjustment,-17.0,not_found,Cafe y te,shared_or_open,shared_cross_company,heuristic_category,pending_review,dictionary_candidate_shared,review_for_dictionary_mapping
4639,102,Te Sencha,,FONDA/Existencias/Bar,29.0,not_found,Cafe y te,shared_or_open,shared_cross_company,heuristic_category,pending_review,dictionary_candidate_shared,review_for_dictionary_mapping
4640,102,Te Sencha,,FONDA/Existencias/Bar,69.0,not_found,Cafe y te,shared_or_open,shared_cross_company,heuristic_category,pending_review,dictionary_candidate_shared,review_for_dictionary_mapping
4641,102,Te Sencha,,FONDA/Existencias/Bar,10.0,not_found,Cafe y te,shared_or_open,shared_cross_company,heuristic_category,pending_review,dictionary_candidate_shared,review_for_dictionary_mapping
4642,102,Te Sencha,,FAMAQ/Existencias/Bar,17.0,not_found,Cafe y te,shared_or_open,shared_cross_company,heuristic_category,pending_review,dictionary_candidate_shared,review_for_dictionary_mapping
4643,103,Te White Ginger Pear,,Partners/Vendors,-2832.0,not_found,Cafe y te,shared_or_open,shared_cross_company,heuristic_category,pending_review,dictionary_candidate_shared,review_for_dictionary_mapping
4644,103,Te White Ginger Pear,,Partners/Customers,1791.0,not_found,Cafe y te,shared_or_open,shared_cross_company,heuristic_category,pending_review,dictionary_candidate_shared,review_for_dictionary_mapping
4645,103,Te White Ginger Pear,,Virtual Locations/Inter-company transit,520.0,not_found,Cafe y te,shared_or_open,shared_cross_company,heuristic_category,pending_review,dictionary_candidate_shared,review_for_dictionary_mapping
4646,103,Te White Ginger Pear,,Virtual Locations/Inventory adjustment,113.0,not_found,Cafe y te,shared_or_open,shared_cross_company,heuristic_category,pending_review,dictionary_candidate_shared,review_for_dictionary_mapping
4647,103,Te White Ginger Pear,,Bodeg/Existencias,320.0,not_found,Cafe y te,shared_or_open,shared_cross_company,heuristic_category,pending_review,dictionary_candidate_shared,review_for_dictionary_mapping
4648,103,Te White Ginger Pear,,Virtual Locations/Inventory adjustment,-22.0,not_found,Cafe y te,shared_or_open,shared_cross_company,heuristic_category,pending_review,dictionary_candidate_shared,review_for_dictionary_mapping
4649,103,Te White Ginger Pear,,Virtual Locations/Inventory adjustment,-38.0,not_found,Cafe y te,shared_or_open,shared_cross_company,heuristic_category,pending_review,dictionary_candidate_shared,review_for_dictionary_mapping
4650,103,Te White Ginger Pear,,Virtual Locations/Inventory adjustment,-18.0,not_found,Cafe y te,shared_or_open,shared_cross_company,heuristic_category,pending_review,dictionary_candidate_shared,review_for_dictionary_mapping
4651,103,Te White Ginger Pear,,Virtual Locations/Inventory adjustment,-42.0,not_found,Cafe y te,shared_or_open,shared_cross_company,heuristic_category,pending_review,dictionary_candidate_shared,review_for_dictionary_mapping
4652,103,Te White Ginger Pear,,FONDA/Existencias/Bar,68.0,not_found,Cafe y te,shared_or_open,shared_cross_company,heuristic_category,pending_review,dictionary_candidate_shared,review_for_dictionary_mapping
4653,103,Te White Ginger Pear,,FONDA/Existencias/Bar,67.0,not_found,Cafe y te,shared_or_open,shared_cross_company,heuristic_category,pending_review,dictionary_candidate_shared,review_for_dictionary_mapping
4654,103,Te White Ginger Pear,,FONDA/Existencias/Bar,37.0,not_found,Cafe y te,shared_or_open,shared_cross_company,heuristic_category,pending_review,dictionary_candidate_shared,review_for_dictionary_mapping
4655,103,Te White Ginger Pear,,FAMAQ/Existencias/Bar,42.0,not_found,Cafe y te,shared_or_open,shared_cross_company,heuristic_category,pending_review,dictionary_candidate_shared,review_for_dictionary_mapping
4656,105,Vinagre Balsámico,,Partners/Vendors,-1227.56,not_found,"Semillas, Especias y Condimentos",shared_or_open,shared_cross_company,heuristic_category,pending_review,dictionary_candidate_shared,review_for_dictionary_mapping
4657,105,Vinagre Balsámico,,Partners/Customers,301.0,not_found,"Semillas, Especias y Condimentos",shared_or_open,shared_cross_company,heuristic_category,pending_review,dictionary_candidate_shared,review_for_dictionary_mapping
4658,105,Vinagre Balsámico,,Virtual Locations/Inter-company transit,5.0,not_found,"Semillas, Especias y Condimentos",shared_or_open,shared_cross_company,heuristic_category,pending_review,dictionary_candidate_shared,review_for_dictionary_mapping
4659,105,Vinagre Balsámico,,Virtual Locations/Inventory adjustment,-3.52,not_found,"Semillas, Especias y Condimentos",shared_or_open,shared_cross_company,heuristic_category,pending_review,dictionary_candidate_shared,review_for_dictionary_mapping
4660,105,Vinagre Balsámico,,Virtual Locations/Production,815.08,not_found,"Semillas, Especias y Condimentos",shared_or_open,shared_cross_company,heuristic_category,pending_review,dictionary_candidate_shared,review_for_dictionary_mapping
4661,105,Vinagre Balsámico,,Bodeg/Existencias,55.0,not_found,"Semillas, Especias y Condimentos",shared_or_open,shared_cross_company,heuristic_category,pending_review,dictionary_candidate_shared,review_for_dictionary_mapping
4662,105,Vinagre Balsámico,,Bodeg/Panadería y pastelería,41.0,not_found,"Semillas, Especias y Condimentos",shared_or_open,shared_cross_company,heuristic_category,pending_review,dictionary_candidate_shared,review_for_dictionary_mapping
4663,105,Vinagre Balsámico,,Virtual Locations/Inventory adjustment,-2.0,not_found,"Semillas, Especias y Condimentos",shared_or_open,shared_cross_company,heuristic_category,pending_review,dictionary_candidate_shared,review_for_dictionary_mapping
4664,105,Vinagre Balsámico,,Virtual Locations/Inventory adjustment,13.23,not_found,"Semillas, Especias y Condimentos",shared_or_open,shared_cross_company,heuristic_category,pending_review,dictionary_candidate_shared,review_for_dictionary_mapping
4665,105,Vinagre Balsámico,,Virtual Locations/Production,0.02,not_found,"Semillas, Especias y Condimentos",shared_or_open,shared_cross_company,heuristic_category,pending_review,dictionary_candidate_shared,review_for_dictionary_mapping
4666,105,Vinagre Balsámico,,TACOS/Existencias/Cocina,0.75,not_found,"Semillas, Especias y Condimentos",shared_or_open,shared_cross_company,heuristic_category,pending_review,dictionary_candidate_shared,review_for_dictionary_mapping
4667,105,Vinagre Balsámico,,FONDA/Existencias/Almacén,2.0,not_found,"Semillas, Especias y Condimentos",shared_or_open,shared_cross_company,heuristic_category,pending_review,dictionary_candidate_shared,review_for_dictionary_mapping
4668,106,Aguacate Hass,,Partners/Vendors,-52044.84,not_found,Frutas y Verduras,shared_or_open,shared_cross_company,heuristic_category,pending_review,dictionary_candidate_shared,review_for_dictionary_mapping
4669,106,Aguacate Hass,,Partners/Customers,34359.68,not_found,Frutas y Verduras,shared_or_open,shared_cross_company,heuristic_category,pending_review,dictionary_candidate_shared,review_for_dictionary_mapping
4670,106,Aguacate Hass,,Virtual Locations/Inter-company transit,8484.97,not_found,Frutas y Verduras,shared_or_open,shared_cross_company,heuristic_category,pending_review,dictionary_candidate_shared,review_for_dictionary_mapping
4671,106,Aguacate Hass,,Virtual Locations/Inventory adjustment,3230.16,not_found,Frutas y Verduras,shared_or_open,shared_cross_company,heuristic_category,pending_review,dictionary_candidate_shared,review_for_dictionary_mapping
4672,106,Aguacate Hass,,Virtual Locations/Scrap,3918.39,not_found,Frutas y Verduras,shared_or_open,shared_cross_company,heuristic_category,pending_review,dictionary_candidate_shared,review_for_dictionary_mapping
4673,106,Aguacate Hass,,Bodeg/Existencias,823.46,not_found,Frutas y Verduras,shared_or_open,shared_cross_company,heuristic_category,pending_review,dictionary_candidate_shared,review_for_dictionary_mapping
4674,106,Aguacate Hass,,Virtual Locations/Inventory adjustment,80.43,not_found,Frutas y Verduras,shared_or_open,shared_cross_company,heuristic_category,pending_review,dictionary_candidate_shared,review_for_dictionary_mapping
4675,106,Aguacate Hass,,Virtual Locations/Production,108.0,not_found,Frutas y Verduras,shared_or_open,shared_cross_company,heuristic_category,pending_review,dictionary_candidate_shared,review_for_dictionary_mapping
4676,106,Aguacate Hass,,Virtual Locations/Scrap,24.75,not_found,Frutas y Verduras,shared_or_open,shared_cross_company,heuristic_category,pending_review,dictionary_candidate_shared,review_for_dictionary_mapping
4677,106,Aguacate Hass,,Virtual Locations/Inventory adjustment,129.07,not_found,Frutas y Verduras,shared_or_open,shared_cross_company,heuristic_category,pending_review,dictionary_candidate_shared,review_for_dictionary_mapping
4678,106,Aguacate Hass,,Virtual Locations/Production,48.75,not_found,Frutas y Verduras,shared_or_open,shared_cross_company,heuristic_category,pending_review,dictionary_candidate_shared,review_for_dictionary_mapping
4679,106,Aguacate Hass,,Virtual Locations/Scrap,12.63,not_found,Frutas y Verduras,shared_or_open,shared_cross_company,heuristic_category,pending_review,dictionary_candidate_shared,review_for_dictionary_mapping
4680,106,Aguacate Hass,,Virtual Locations/Inventory adjustment,-30.27,not_found,Frutas y Verduras,shared_or_open,shared_cross_company,heuristic_category,pending_review,dictionary_candidate_shared,review_for_dictionary_mapping
4681,106,Aguacate Hass,,Virtual Locations/Production,280.86,not_found,Frutas y Verduras,shared_or_open,shared_cross_company,heuristic_category,pending_review,dictionary_candidate_shared,review_for_dictionary_mapping
4682,106,Aguacate Hass,,Virtual Locations/Scrap,64.2,not_found,Frutas y Verduras,shared_or_open,shared_cross_company,heuristic_category,pending_review,dictionary_candidate_shared,review_for_dictionary_mapping
4683,106,Aguacate Hass,,Virtual Locations/Inventory adjustment,-2.25,not_found,Frutas y Verduras,shared_or_open,shared_cross_company,heuristic_category,pending_review,dictionary_candidate_shared,review_for_dictionary_mapping
4684,106,Aguacate Hass,,Virtual Locations/Inventory adjustment,66.13,not_found,Frutas y Verduras,shared_or_open,shared_cross_company,heuristic_category,pending_review,dictionary_candidate_shared,review_for_dictionary_mapping
4685,106,Aguacate Hass,,Virtual Locations/Scrap,0.47,not_found,Frutas y Verduras,shared_or_open,shared_cross_company,heuristic_category,pending_review,dictionary_candidate_shared,review_for_dictionary_mapping
4686,106,Aguacate Hass,,FONDA/Existencias/Cocina,18.1,not_found,Frutas y Verduras,shared_or_open,shared_cross_company,heuristic_category,pending_review,dictionary_candidate_shared,review_for_dictionary_mapping
4687,106,Aguacate Hass,,FONDA/Existencias/Cocina,43.45,not_found,Frutas y Verduras,shared_or_open,shared_cross_company,heuristic_category,pending_review,dictionary_candidate_shared,review_for_dictionary_mapping
4688,106,Aguacate Hass,,FONDA/Existencias/Cocina,14.84,not_found,Frutas y Verduras,shared_or_open,shared_cross_company,heuristic_category,pending_review,dictionary_candidate_shared,review_for_dictionary_mapping
4689,106,Aguacate Hass,,FAMAQ/Existencias/Cocina,3.75,not_found,Frutas y Verduras,shared_or_open,shared_cross_company,heuristic_category,pending_review,dictionary_candidate_shared,review_for_dictionary_mapping
4690,106,Aguacate Hass,,TACOS/Existencias/Cocina,1.0,not_found,Frutas y Verduras,shared_or_open,shared_cross_company,heuristic_category,pending_review,dictionary_candidate_shared,review_for_dictionary_mapping
4691,106,Aguacate Hass,,Virtual Locations/Inventory adjustment,-7.26,not_found,Frutas y Verduras,shared_or_open,shared_cross_company,heuristic_category,pending_review,dictionary_candidate_shared,review_for_dictionary_mapping
4692,106,Aguacate Hass,,FACY/Existencias/Cocina,6.37,not_found,Frutas y Verduras,shared_or_open,shared_cross_company,heuristic_category,pending_review,dictionary_candidate_shared,review_for_dictionary_mapping
4693,106,Aguacate Hass,,FACY/Existencias/Parrilla,0.15,not_found,Frutas y Verduras,shared_or_open,shared_cross_company,heuristic_category,pending_review,dictionary_candidate_shared,review_for_dictionary_mapping
4694,107,Ajo Criollo,,Partners/Vendors,-1772.72,not_found,Frutas y Verduras,shared_or_open,shared_cross_company,heuristic_category,pending_review,dictionary_candidate_shared,review_for_dictionary_mapping
4695,107,Ajo Criollo,,Partners/Customers,1227.35,not_found,Frutas y Verduras,shared_or_open,shared_cross_company,heuristic_category,pending_review,dictionary_candidate_shared,review_for_dictionary_mapping
4696,107,Ajo Criollo,,Virtual Locations/Inter-company transit,313.45,not_found,Frutas y Verduras,shared_or_open,shared_cross_company,heuristic_category,pending_review,dictionary_candidate_shared,review_for_dictionary_mapping
4697,107,Ajo Criollo,,Virtual Locations/Inventory adjustment,112.6,not_found,Frutas y Verduras,shared_or_open,shared_cross_company,heuristic_category,pending_review,dictionary_candidate_shared,review_for_dictionary_mapping
4698,107,Ajo Criollo,,Virtual Locations/Production,5.57,not_found,Frutas y Verduras,shared_or_open,shared_cross_company,heuristic_category,pending_review,dictionary_candidate_shared,review_for_dictionary_mapping
4699,107,Ajo Criollo,,Virtual Locations/Scrap,39.92,not_found,Frutas y Verduras,shared_or_open,shared_cross_company,heuristic_category,pending_review,dictionary_candidate_shared,review_for_dictionary_mapping
4700,107,Ajo Criollo,,Bodeg/Existencias,20.1,not_found,Frutas y Verduras,shared_or_open,shared_cross_company,heuristic_category,pending_review,dictionary_candidate_shared,review_for_dictionary_mapping
4701,107,Ajo Criollo,,Virtual Locations/Inventory adjustment,0.12,not_found,Frutas y Verduras,shared_or_open,shared_cross_company,heuristic_category,pending_review,dictionary_candidate_shared,review_for_dictionary_mapping
4702,107,Ajo Criollo,,Virtual Locations/Production,21.12,not_found,Frutas y Verduras,shared_or_open,shared_cross_company,heuristic_category,pending_review,dictionary_candidate_shared,review_for_dictionary_mapping
4703,107,Ajo Criollo,,Virtual Locations/Inventory adjustment,8.4,not_found,Frutas y Verduras,shared_or_open,shared_cross_company,heuristic_category,pending_review,dictionary_candidate_shared,review_for_dictionary_mapping
4704,107,Ajo Criollo,,Virtual Locations/Production,3.89,not_found,Frutas y Verduras,shared_or_open,shared_cross_company,heuristic_category,pending_review,dictionary_candidate_shared,review_for_dictionary_mapping
4705,107,Ajo Criollo,,Virtual Locations/Inventory adjustment,-0.39,not_found,Frutas y Verduras,shared_or_open,shared_cross_company,heuristic_category,pending_review,dictionary_candidate_shared,review_for_dictionary_mapping
4706,107,Ajo Criollo,,Virtual Locations/Production,0.39,not_found,Frutas y Verduras,shared_or_open,shared_cross_company,heuristic_category,pending_review,dictionary_candidate_shared,review_for_dictionary_mapping
4707,107,Ajo Criollo,,Virtual Locations/Inventory adjustment,-1.37,not_found,Frutas y Verduras,shared_or_open,shared_cross_company,heuristic_category,pending_review,dictionary_candidate_shared,review_for_dictionary_mapping
4708,107,Ajo Criollo,,Virtual Locations/Inventory adjustment,0.89,not_found,Frutas y Verduras,shared_or_open,shared_cross_company,heuristic_category,pending_review,dictionary_candidate_shared,review_for_dictionary_mapping
4709,107,Ajo Criollo,,Virtual Locations/Production,1.33,not_found,Frutas y Verduras,shared_or_open,shared_cross_company,heuristic_category,pending_review,dictionary_candidate_shared,review_for_dictionary_mapping
4710,107,Ajo Criollo,,FONDA/Existencias/Cocina,1.6,not_found,Frutas y Verduras,shared_or_open,shared_cross_company,heuristic_category,pending_review,dictionary_candidate_shared,review_for_dictionary_mapping
4711,107,Ajo Criollo,,FONDA/Existencias/Cocina,1.09,not_found,Frutas y Verduras,shared_or_open,shared_cross_company,heuristic_category,pending_review,dictionary_candidate_shared,review_for_dictionary_mapping
4712,107,Ajo Criollo,,FAMAQ/Existencias/Cocina,3.53,not_found,Frutas y Verduras,shared_or_open,shared_cross_company,heuristic_category,pending_review,dictionary_candidate_shared,review_for_dictionary_mapping
4713,107,Ajo Criollo,,TACOS/Existencias/Cocina,0.03,not_found,Frutas y Verduras,shared_or_open,shared_cross_company,heuristic_category,pending_review,dictionary_candidate_shared,review_for_dictionary_mapping
4714,107,Ajo Criollo,,Virtual Locations/Inventory adjustment,-0.67,not_found,Frutas y Verduras,shared_or_open,shared_cross_company,heuristic_category,pending_review,dictionary_candidate_shared,review_for_dictionary_mapping
4715,107,Ajo Criollo,,FACY/Existencias/Cocina,0.67,not_found,Frutas y Verduras,shared_or_open,shared_cross_company,heuristic_category,pending_review,dictionary_candidate_shared,review_for_dictionary_mapping
4716,108,Ajo Limpio,,Partners/Vendors,-2207.96,not_found,Frutas y Verduras,shared_or_open,shared_cross_company,heuristic_category,pending_review,dictionary_candidate_shared,review_for_dictionary_mapping
4717,108,Ajo Limpio,,Partners/Customers,529.44,not_found,Frutas y Verduras,shared_or_open,shared_cross_company,heuristic_category,pending_review,dictionary_candidate_shared,review_for_dictionary_mapping
4718,108,Ajo Limpio,,Virtual Locations/Inter-company transit,74.38,not_found,Frutas y Verduras,shared_or_open,shared_cross_company,heuristic_category,pending_review,dictionary_candidate_shared,review_for_dictionary_mapping
4719,108,Ajo Limpio,,Virtual Locations/Inventory adjustment,32.49,not_found,Frutas y Verduras,shared_or_open,shared_cross_company,heuristic_category,pending_review,dictionary_candidate_shared,review_for_dictionary_mapping
4720,108,Ajo Limpio,,Virtual Locations/Production,1438.01,not_found,Frutas y Verduras,shared_or_open,shared_cross_company,heuristic_category,pending_review,dictionary_candidate_shared,review_for_dictionary_mapping
4721,108,Ajo Limpio,,Virtual Locations/Scrap,6.8,not_found,Frutas y Verduras,shared_or_open,shared_cross_company,heuristic_category,pending_review,dictionary_candidate_shared,review_for_dictionary_mapping
4722,108,Ajo Limpio,,Bodeg/Existencias,19.82,not_found,Frutas y Verduras,shared_or_open,shared_cross_company,heuristic_category,pending_review,dictionary_candidate_shared,review_for_dictionary_mapping
4723,108,Ajo Limpio,,Virtual Locations/Inventory adjustment,10.59,not_found,Frutas y Verduras,shared_or_open,shared_cross_company,heuristic_category,pending_review,dictionary_candidate_shared,review_for_dictionary_mapping
4724,108,Ajo Limpio,,Virtual Locations/Production,54.95,not_found,Frutas y Verduras,shared_or_open,shared_cross_company,heuristic_category,pending_review,dictionary_candidate_shared,review_for_dictionary_mapping
4725,108,Ajo Limpio,,Virtual Locations/Scrap,3.46,not_found,Frutas y Verduras,shared_or_open,shared_cross_company,heuristic_category,pending_review,dictionary_candidate_shared,review_for_dictionary_mapping
4726,108,Ajo Limpio,,Bodeg/Panadería y pastelería,0.29,not_found,Frutas y Verduras,shared_or_open,shared_cross_company,heuristic_category,pending_review,dictionary_candidate_shared,review_for_dictionary_mapping
4727,108,Ajo Limpio,,Bodeg/PASTELERIA Y REPOSTERIA,0.1,not_found,Frutas y Verduras,shared_or_open,shared_cross_company,heuristic_category,pending_review,dictionary_candidate_shared,review_for_dictionary_mapping
4728,108,Ajo Limpio,,Virtual Locations/Inventory adjustment,1.34,not_found,Frutas y Verduras,shared_or_open,shared_cross_company,heuristic_category,pending_review,dictionary_candidate_shared,review_for_dictionary_mapping
4729,108,Ajo Limpio,,Virtual Locations/Production,0.48,not_found,Frutas y Verduras,shared_or_open,shared_cross_company,heuristic_category,pending_review,dictionary_candidate_shared,review_for_dictionary_mapping
4730,108,Ajo Limpio,,Virtual Locations/Inventory adjustment,1.55,not_found,Frutas y Verduras,shared_or_open,shared_cross_company,heuristic_category,pending_review,dictionary_candidate_shared,review_for_dictionary_mapping
4731,108,Ajo Limpio,,Virtual Locations/Production,0.19,not_found,Frutas y Verduras,shared_or_open,shared_cross_company,heuristic_category,pending_review,dictionary_candidate_shared,review_for_dictionary_mapping
4732,108,Ajo Limpio,,Virtual Locations/Inventory adjustment,2.58,not_found,Frutas y Verduras,shared_or_open,shared_cross_company,heuristic_category,pending_review,dictionary_candidate_shared,review_for_dictionary_mapping
4733,108,Ajo Limpio,,Virtual Locations/Production,11.98,not_found,Frutas y Verduras,shared_or_open,shared_cross_company,heuristic_category,pending_review,dictionary_candidate_shared,review_for_dictionary_mapping
4734,108,Ajo Limpio,,Virtual Locations/Inventory adjustment,-1.51,not_found,Frutas y Verduras,shared_or_open,shared_cross_company,heuristic_category,pending_review,dictionary_candidate_shared,review_for_dictionary_mapping
4735,108,Ajo Limpio,,Virtual Locations/Inventory adjustment,7.51,not_found,Frutas y Verduras,shared_or_open,shared_cross_company,heuristic_category,pending_review,dictionary_candidate_shared,review_for_dictionary_mapping
4736,108,Ajo Limpio,,Virtual Locations/Production,3.05,not_found,Frutas y Verduras,shared_or_open,shared_cross_company,heuristic_category,pending_review,dictionary_candidate_shared,review_for_dictionary_mapping
4737,108,Ajo Limpio,,FONDA/Existencias/Cocina,0.2,not_found,Frutas y Verduras,shared_or_open,shared_cross_company,heuristic_category,pending_review,dictionary_candidate_shared,review_for_dictionary_mapping
4738,108,Ajo Limpio,,FONDA/Existencias/Cocina,0.82,not_found,Frutas y Verduras,shared_or_open,shared_cross_company,heuristic_category,pending_review,dictionary_candidate_shared,review_for_dictionary_mapping
4739,108,Ajo Limpio,,FONDA/Existencias/Cocina,1.19,not_found,Frutas y Verduras,shared_or_open,shared_cross_company,heuristic_category,pending_review,dictionary_candidate_shared,review_for_dictionary_mapping
4740,108,Ajo Limpio,,FAMAQ/Existencias/Cocina,2.11,not_found,Frutas y Verduras,shared_or_open,shared_cross_company,heuristic_category,pending_review,dictionary_candidate_shared,review_for_dictionary_mapping
4741,108,Ajo Limpio,,TACOS/Existencias/Cocina,0.29,not_found,Frutas y Verduras,shared_or_open,shared_cross_company,heuristic_category,pending_review,dictionary_candidate_shared,review_for_dictionary_mapping
4742,108,Ajo Limpio,,Virtual Locations/Inventory adjustment,-0.1,not_found,Frutas y Verduras,shared_or_open,shared_cross_company,heuristic_category,pending_review,dictionary_candidate_shared,review_for_dictionary_mapping
4743,108,Ajo Limpio,,FACY/Existencias/Cocina,0.1,not_found,Frutas y Verduras,shared_or_open,shared_cross_company,heuristic_category,pending_review,dictionary_candidate_shared,review_for_dictionary_mapping
4744,109,Albahaca Italiana,,Partners/Vendors,-162.09,not_found,Frutas y Verduras,shared_or_open,shared_cross_company,heuristic_category,pending_review,dictionary_candidate_shared,review_for_dictionary_mapping
4745,109,Albahaca Italiana,,Partners/Customers,68.17,not_found,Frutas y Verduras,shared_or_open,shared_cross_company,heuristic_category,pending_review,dictionary_candidate_shared,review_for_dictionary_mapping
4746,109,Albahaca Italiana,,Virtual Locations/Inter-company transit,20.6,not_found,Frutas y Verduras,shared_or_open,shared_cross_company,heuristic_category,pending_review,dictionary_candidate_shared,review_for_dictionary_mapping
4747,109,Albahaca Italiana,,Virtual Locations/Inventory adjustment,26.94,not_found,Frutas y Verduras,shared_or_open,shared_cross_company,heuristic_category,pending_review,dictionary_candidate_shared,review_for_dictionary_mapping
4748,109,Albahaca Italiana,,Virtual Locations/Production,16.69,not_found,Frutas y Verduras,shared_or_open,shared_cross_company,heuristic_category,pending_review,dictionary_candidate_shared,review_for_dictionary_mapping
4749,109,Albahaca Italiana,,Virtual Locations/Scrap,24.56,not_found,Frutas y Verduras,shared_or_open,shared_cross_company,heuristic_category,pending_review,dictionary_candidate_shared,review_for_dictionary_mapping
4750,109,Albahaca Italiana,,Bodeg/Existencias,4.53,not_found,Frutas y Verduras,shared_or_open,shared_cross_company,heuristic_category,pending_review,dictionary_candidate_shared,review_for_dictionary_mapping
4751,109,Albahaca Italiana,,Bodeg/Panadería y pastelería,0.1,not_found,Frutas y Verduras,shared_or_open,shared_cross_company,heuristic_category,pending_review,dictionary_candidate_shared,review_for_dictionary_mapping
4752,109,Albahaca Italiana,,Virtual Locations/Inventory adjustment,0.5,not_found,Frutas y Verduras,shared_or_open,shared_cross_company,heuristic_category,pending_review,dictionary_candidate_shared,review_for_dictionary_mapping
4753,109,Albahaca Italiana,,Virtual Locations/Inventory adjustment,-0.07,not_found,Frutas y Verduras,shared_or_open,shared_cross_company,heuristic_category,pending_review,dictionary_candidate_shared,review_for_dictionary_mapping
4754,109,Albahaca Italiana,,FACY/Existencias/Parrilla,0.07,not_found,Frutas y Verduras,shared_or_open,shared_cross_company,heuristic_category,pending_review,dictionary_candidate_shared,review_for_dictionary_mapping
4755,110,Apio,,Partners/Vendors,-3111.98,not_found,Frutas y Verduras,shared_or_open,shared_cross_company,heuristic_category,pending_review,dictionary_candidate_shared,review_for_dictionary_mapping
4756,110,Apio,,Partners/Customers,2037.98,not_found,Frutas y Verduras,shared_or_open,shared_cross_company,heuristic_category,pending_review,dictionary_candidate_shared,review_for_dictionary_mapping
4757,110,Apio,,Virtual Locations/Inter-company transit,500.24,not_found,Frutas y Verduras,shared_or_open,shared_cross_company,heuristic_category,pending_review,dictionary_candidate_shared,review_for_dictionary_mapping
4758,110,Apio,,Virtual Locations/Inventory adjustment,233.77,not_found,Frutas y Verduras,shared_or_open,shared_cross_company,heuristic_category,pending_review,dictionary_candidate_shared,review_for_dictionary_mapping
4759,110,Apio,,Virtual Locations/Production,17.2,not_found,Frutas y Verduras,shared_or_open,shared_cross_company,heuristic_category,pending_review,dictionary_candidate_shared,review_for_dictionary_mapping
4760,110,Apio,,Virtual Locations/Scrap,150.03,not_found,Frutas y Verduras,shared_or_open,shared_cross_company,heuristic_category,pending_review,dictionary_candidate_shared,review_for_dictionary_mapping
4761,110,Apio,,Bodeg/Existencias,21.89,not_found,Frutas y Verduras,shared_or_open,shared_cross_company,heuristic_category,pending_review,dictionary_candidate_shared,review_for_dictionary_mapping
4762,110,Apio,,Virtual Locations/Inventory adjustment,19.37,not_found,Frutas y Verduras,shared_or_open,shared_cross_company,heuristic_category,pending_review,dictionary_candidate_shared,review_for_dictionary_mapping
4763,110,Apio,,Virtual Locations/Production,21.35,not_found,Frutas y Verduras,shared_or_open,shared_cross_company,heuristic_category,pending_review,dictionary_candidate_shared,review_for_dictionary_mapping
4764,110,Apio,,Virtual Locations/Inventory adjustment,21.01,not_found,Frutas y Verduras,shared_or_open,shared_cross_company,heuristic_category,pending_review,dictionary_candidate_shared,review_for_dictionary_mapping
4765,110,Apio,,Virtual Locations/Production,6.03,not_found,Frutas y Verduras,shared_or_open,shared_cross_company,heuristic_category,pending_review,dictionary_candidate_shared,review_for_dictionary_mapping
4766,110,Apio,,Virtual Locations/Inventory adjustment,7.1,not_found,Frutas y Verduras,shared_or_open,shared_cross_company,heuristic_category,pending_review,dictionary_candidate_shared,review_for_dictionary_mapping
4767,110,Apio,,Virtual Locations/Production,25.11,not_found,Frutas y Verduras,shared_or_open,shared_cross_company,heuristic_category,pending_review,dictionary_candidate_shared,review_for_dictionary_mapping
4768,110,Apio,,Virtual Locations/Inventory adjustment,-0.76,not_found,Frutas y Verduras,shared_or_open,shared_cross_company,heuristic_category,pending_review,dictionary_candidate_shared,review_for_dictionary_mapping
4769,110,Apio,,Virtual Locations/Inventory adjustment,6.99,not_found,Frutas y Verduras,shared_or_open,shared_cross_company,heuristic_category,pending_review,dictionary_candidate_shared,review_for_dictionary_mapping
4770,110,Apio,,Virtual Locations/Production,4.64,not_found,Frutas y Verduras,shared_or_open,shared_cross_company,heuristic_category,pending_review,dictionary_candidate_shared,review_for_dictionary_mapping
4771,110,Apio,,FONDA/Existencias/Cocina,8.0,not_found,Frutas y Verduras,shared_or_open,shared_cross_company,heuristic_category,pending_review,dictionary_candidate_shared,review_for_dictionary_mapping
4772,110,Apio,,FONDA/Existencias/Cocina,2.49,not_found,Frutas y Verduras,shared_or_open,shared_cross_company,heuristic_category,pending_review,dictionary_candidate_shared,review_for_dictionary_mapping
4773,110,Apio,,FONDA/Existencias/Cocina,2.1,not_found,Frutas y Verduras,shared_or_open,shared_cross_company,heuristic_category,pending_review,dictionary_candidate_shared,review_for_dictionary_mapping
4774,110,Apio,,FAMAQ/Existencias/Cocina,2.82,not_found,Frutas y Verduras,shared_or_open,shared_cross_company,heuristic_category,pending_review,dictionary_candidate_shared,review_for_dictionary_mapping
4775,110,Apio,,TACOS/Existencias/Cocina,1.92,not_found,Frutas y Verduras,shared_or_open,shared_cross_company,heuristic_category,pending_review,dictionary_candidate_shared,review_for_dictionary_mapping
4776,110,Apio,,Virtual Locations/Inventory adjustment,-2.13,not_found,Frutas y Verduras,shared_or_open,shared_cross_company,heuristic_category,pending_review,dictionary_candidate_shared,review_for_dictionary_mapping
4777,110,Apio,,FACY/Existencias/Cocina,2.13,not_found,Frutas y Verduras,shared_or_open,shared_cross_company,heuristic_category,pending_review,dictionary_candidate_shared,review_for_dictionary_mapping
4778,111,Brócoli,,Partners/Vendors,-7159.37,not_found,Frutas y Verduras,shared_or_open,shared_cross_company,heuristic_category,pending_review,dictionary_candidate_shared,review_for_dictionary_mapping
4779,111,Brócoli,,Partners/Customers,5146.96,not_found,Frutas y Verduras,shared_or_open,shared_cross_company,heuristic_category,pending_review,dictionary_candidate_shared,review_for_dictionary_mapping
4780,111,Brócoli,,Virtual Locations/Inter-company transit,1216.14,not_found,Frutas y Verduras,shared_or_open,shared_cross_company,heuristic_category,pending_review,dictionary_candidate_shared,review_for_dictionary_mapping
4781,111,Brócoli,,Virtual Locations/Inventory adjustment,445.98,not_found,Frutas y Verduras,shared_or_open,shared_cross_company,heuristic_category,pending_review,dictionary_candidate_shared,review_for_dictionary_mapping
4782,111,Brócoli,,Virtual Locations/Scrap,94.73,not_found,Frutas y Verduras,shared_or_open,shared_cross_company,heuristic_category,pending_review,dictionary_candidate_shared,review_for_dictionary_mapping
4783,111,Brócoli,,Bodeg/Existencias,114.08,not_found,Frutas y Verduras,shared_or_open,shared_cross_company,heuristic_category,pending_review,dictionary_candidate_shared,review_for_dictionary_mapping
4784,111,Brócoli,,Virtual Locations/Inventory adjustment,7.17,not_found,Frutas y Verduras,shared_or_open,shared_cross_company,heuristic_category,pending_review,dictionary_candidate_shared,review_for_dictionary_mapping
4785,111,Brócoli,,Virtual Locations/Scrap,2.65,not_found,Frutas y Verduras,shared_or_open,shared_cross_company,heuristic_category,pending_review,dictionary_candidate_shared,review_for_dictionary_mapping
4786,111,Brócoli,,Virtual Locations/Inventory adjustment,5.56,not_found,Frutas y Verduras,shared_or_open,shared_cross_company,heuristic_category,pending_review,dictionary_candidate_shared,review_for_dictionary_mapping
4787,111,Brócoli,,Virtual Locations/Scrap,0.9,not_found,Frutas y Verduras,shared_or_open,shared_cross_company,heuristic_category,pending_review,dictionary_candidate_shared,review_for_dictionary_mapping
4788,111,Brócoli,,Virtual Locations/Inventory adjustment,33.32,not_found,Frutas y Verduras,shared_or_open,shared_cross_company,heuristic_category,pending_review,dictionary_candidate_shared,review_for_dictionary_mapping
4789,111,Brócoli,,Virtual Locations/Scrap,26.43,not_found,Frutas y Verduras,shared_or_open,shared_cross_company,heuristic_category,pending_review,dictionary_candidate_shared,review_for_dictionary_mapping
4790,111,Brócoli,,Virtual Locations/Inventory adjustment,-7.48,not_found,Frutas y Verduras,shared_or_open,shared_cross_company,heuristic_category,pending_review,dictionary_candidate_shared,review_for_dictionary_mapping
4791,111,Brócoli,,FONDA/Existencias/Cocina,2.0,not_found,Frutas y Verduras,shared_or_open,shared_cross_company,heuristic_category,pending_review,dictionary_candidate_shared,review_for_dictionary_mapping
4792,111,Brócoli,,FONDA/Existencias/Cocina,9.85,not_found,Frutas y Verduras,shared_or_open,shared_cross_company,heuristic_category,pending_review,dictionary_candidate_shared,review_for_dictionary_mapping
4793,111,Brócoli,,FAMAQ/Existencias/Cocina,3.0,not_found,Frutas y Verduras,shared_or_open,shared_cross_company,heuristic_category,pending_review,dictionary_candidate_shared,review_for_dictionary_mapping
4794,111,Brócoli,,FAMAQ/Existencias/Parrilla,2.48,not_found,Frutas y Verduras,shared_or_open,shared_cross_company,heuristic_category,pending_review,dictionary_candidate_shared,review_for_dictionary_mapping
4795,111,Brócoli,,Virtual Locations/Inventory adjustment,-2.41,not_found,Frutas y Verduras,shared_or_open,shared_cross_company,heuristic_category,pending_review,dictionary_candidate_shared,review_for_dictionary_mapping
4796,111,Brócoli,,FACY/Existencias/Parrilla,2.31,not_found,Frutas y Verduras,shared_or_open,shared_cross_company,heuristic_category,pending_review,dictionary_candidate_shared,review_for_dictionary_mapping
4797,112,Calabaza Italiana,,Partners/Vendors,-5985.95,not_found,Frutas y Verduras,shared_or_open,shared_cross_company,heuristic_category,pending_review,dictionary_candidate_shared,review_for_dictionary_mapping
4798,112,Calabaza Italiana,,Partners/Customers,4340.27,not_found,Frutas y Verduras,shared_or_open,shared_cross_company,heuristic_category,pending_review,dictionary_candidate_shared,review_for_dictionary_mapping
4799,112,Calabaza Italiana,,Virtual Locations/Inter-company transit,1043.69,not_found,Frutas y Verduras,shared_or_open,shared_cross_company,heuristic_category,pending_review,dictionary_candidate_shared,review_for_dictionary_mapping
4800,112,Calabaza Italiana,,Virtual Locations/Inventory adjustment,323.1,not_found,Frutas y Verduras,shared_or_open,shared_cross_company,heuristic_category,pending_review,dictionary_candidate_shared,review_for_dictionary_mapping
4801,112,Calabaza Italiana,,Virtual Locations/Production,26.87,not_found,Frutas y Verduras,shared_or_open,shared_cross_company,heuristic_category,pending_review,dictionary_candidate_shared,review_for_dictionary_mapping
4802,112,Calabaza Italiana,,Virtual Locations/Scrap,95.22,not_found,Frutas y Verduras,shared_or_open,shared_cross_company,heuristic_category,pending_review,dictionary_candidate_shared,review_for_dictionary_mapping
4803,112,Calabaza Italiana,,Bodeg/Existencias,61.85,not_found,Frutas y Verduras,shared_or_open,shared_cross_company,heuristic_category,pending_review,dictionary_candidate_shared,review_for_dictionary_mapping
4804,112,Calabaza Italiana,,Virtual Locations/Inventory adjustment,4.8,not_found,Frutas y Verduras,shared_or_open,shared_cross_company,heuristic_category,pending_review,dictionary_candidate_shared,review_for_dictionary_mapping
4805,112,Calabaza Italiana,,Virtual Locations/Inventory adjustment,3.04,not_found,Frutas y Verduras,shared_or_open,shared_cross_company,heuristic_category,pending_review,dictionary_candidate_shared,review_for_dictionary_mapping
4806,112,Calabaza Italiana,,Virtual Locations/Scrap,0.15,not_found,Frutas y Verduras,shared_or_open,shared_cross_company,heuristic_category,pending_review,dictionary_candidate_shared,review_for_dictionary_mapping
4807,112,Calabaza Italiana,,Virtual Locations/Inventory adjustment,24.75,not_found,Frutas y Verduras,shared_or_open,shared_cross_company,heuristic_category,pending_review,dictionary_candidate_shared,review_for_dictionary_mapping
4808,112,Calabaza Italiana,,Virtual Locations/Scrap,9.15,not_found,Frutas y Verduras,shared_or_open,shared_cross_company,heuristic_category,pending_review,dictionary_candidate_shared,review_for_dictionary_mapping
4809,112,Calabaza Italiana,,Virtual Locations/Inventory adjustment,-3.39,not_found,Frutas y Verduras,shared_or_open,shared_cross_company,heuristic_category,pending_review,dictionary_candidate_shared,review_for_dictionary_mapping
4810,112,Calabaza Italiana,,FONDA/Existencias/Cocina,3.71,not_found,Frutas y Verduras,shared_or_open,shared_cross_company,heuristic_category,pending_review,dictionary_candidate_shared,review_for_dictionary_mapping
4811,112,Calabaza Italiana,,FONDA/Existencias/Cocina,8.6,not_found,Frutas y Verduras,shared_or_open,shared_cross_company,heuristic_category,pending_review,dictionary_candidate_shared,review_for_dictionary_mapping
4812,112,Calabaza Italiana,,FONDA/Existencias/Parrilla,3.0,not_found,Frutas y Verduras,shared_or_open,shared_cross_company,heuristic_category,pending_review,dictionary_candidate_shared,review_for_dictionary_mapping
4813,112,Calabaza Italiana,,FAMAQ/Existencias/Cocina,2.63,not_found,Frutas y Verduras,shared_or_open,shared_cross_company,heuristic_category,pending_review,dictionary_candidate_shared,review_for_dictionary_mapping
4814,112,Calabaza Italiana,,FAMAQ/Existencias/Parrilla,2.16,not_found,Frutas y Verduras,shared_or_open,shared_cross_company,heuristic_category,pending_review,dictionary_candidate_shared,review_for_dictionary_mapping
4815,112,Calabaza Italiana,,Virtual Locations/Inventory adjustment,-1.44,not_found,Frutas y Verduras,shared_or_open,shared_cross_company,heuristic_category,pending_review,dictionary_candidate_shared,review_for_dictionary_mapping
4816,112,Calabaza Italiana,,FACY/Existencias/Parrilla,1.34,not_found,Frutas y Verduras,shared_or_open,shared_cross_company,heuristic_category,pending_review,dictionary_candidate_shared,review_for_dictionary_mapping
4817,113,Cebolla Taquera 60/80,,Partners/Vendors,-2195.53,not_found,Frutas y Verduras,shared_or_open,shared_cross_company,heuristic_category,pending_review,dictionary_candidate_shared,review_for_dictionary_mapping
4818,113,Cebolla Taquera 60/80,,Partners/Customers,1534.36,not_found,Frutas y Verduras,shared_or_open,shared_cross_company,heuristic_category,pending_review,dictionary_candidate_shared,review_for_dictionary_mapping
4819,113,Cebolla Taquera 60/80,,Virtual Locations/Inter-company transit,302.1,not_found,Frutas y Verduras,shared_or_open,shared_cross_company,heuristic_category,pending_review,dictionary_candidate_shared,review_for_dictionary_mapping
4820,113,Cebolla Taquera 60/80,,Virtual Locations/Inventory adjustment,135.87,not_found,Frutas y Verduras,shared_or_open,shared_cross_company,heuristic_category,pending_review,dictionary_candidate_shared,review_for_dictionary_mapping
4821,113,Cebolla Taquera 60/80,,Virtual Locations/Production,166.65,not_found,Frutas y Verduras,shared_or_open,shared_cross_company,heuristic_category,pending_review,dictionary_candidate_shared,review_for_dictionary_mapping
4822,113,Cebolla Taquera 60/80,,Virtual Locations/Scrap,46.45,not_found,Frutas y Verduras,shared_or_open,shared_cross_company,heuristic_category,pending_review,dictionary_candidate_shared,review_for_dictionary_mapping
4823,113,Cebolla Taquera 60/80,,Bodeg/Existencias,26.42,not_found,Frutas y Verduras,shared_or_open,shared_cross_company,heuristic_category,pending_review,dictionary_candidate_shared,review_for_dictionary_mapping
4824,113,Cebolla Taquera 60/80,,Virtual Locations/Inventory adjustment,-17.94,not_found,Frutas y Verduras,shared_or_open,shared_cross_company,heuristic_category,pending_review,dictionary_candidate_shared,review_for_dictionary_mapping
4825,113,Cebolla Taquera 60/80,,Virtual Locations/Production,0.05,not_found,Frutas y Verduras,shared_or_open,shared_cross_company,heuristic_category,pending_review,dictionary_candidate_shared,review_for_dictionary_mapping
4826,115,Cebolla Morada,,Partners/Vendors,-8067.35,not_found,Frutas y Verduras,shared_or_open,shared_cross_company,heuristic_category,pending_review,dictionary_candidate_shared,review_for_dictionary_mapping
4827,115,Cebolla Morada,,Partners/Customers,5982.51,not_found,Frutas y Verduras,shared_or_open,shared_cross_company,heuristic_category,pending_review,dictionary_candidate_shared,review_for_dictionary_mapping
4828,115,Cebolla Morada,,Virtual Locations/Inter-company transit,1202.86,not_found,Frutas y Verduras,shared_or_open,shared_cross_company,heuristic_category,pending_review,dictionary_candidate_shared,review_for_dictionary_mapping
4829,115,Cebolla Morada,,Virtual Locations/Inventory adjustment,546.03,not_found,Frutas y Verduras,shared_or_open,shared_cross_company,heuristic_category,pending_review,dictionary_candidate_shared,review_for_dictionary_mapping
4830,115,Cebolla Morada,,Virtual Locations/Scrap,96.83,not_found,Frutas y Verduras,shared_or_open,shared_cross_company,heuristic_category,pending_review,dictionary_candidate_shared,review_for_dictionary_mapping
4831,115,Cebolla Morada,,Bodeg/Existencias,96.86,not_found,Frutas y Verduras,shared_or_open,shared_cross_company,heuristic_category,pending_review,dictionary_candidate_shared,review_for_dictionary_mapping
4832,115,Cebolla Morada,,Virtual Locations/Inventory adjustment,13.51,not_found,Frutas y Verduras,shared_or_open,shared_cross_company,heuristic_category,pending_review,dictionary_candidate_shared,review_for_dictionary_mapping
4833,115,Cebolla Morada,,Virtual Locations/Production,27.87,not_found,Frutas y Verduras,shared_or_open,shared_cross_company,heuristic_category,pending_review,dictionary_candidate_shared,review_for_dictionary_mapping
4834,115,Cebolla Morada,,Virtual Locations/Inventory adjustment,15.83,not_found,Frutas y Verduras,shared_or_open,shared_cross_company,heuristic_category,pending_review,dictionary_candidate_shared,review_for_dictionary_mapping
4835,115,Cebolla Morada,,Virtual Locations/Production,9.54,not_found,Frutas y Verduras,shared_or_open,shared_cross_company,heuristic_category,pending_review,dictionary_candidate_shared,review_for_dictionary_mapping
4836,115,Cebolla Morada,,Virtual Locations/Inventory adjustment,10.65,not_found,Frutas y Verduras,shared_or_open,shared_cross_company,heuristic_category,pending_review,dictionary_candidate_shared,review_for_dictionary_mapping
4837,115,Cebolla Morada,,Virtual Locations/Production,11.85,not_found,Frutas y Verduras,shared_or_open,shared_cross_company,heuristic_category,pending_review,dictionary_candidate_shared,review_for_dictionary_mapping
4838,115,Cebolla Morada,,Virtual Locations/Scrap,6.2,not_found,Frutas y Verduras,shared_or_open,shared_cross_company,heuristic_category,pending_review,dictionary_candidate_shared,review_for_dictionary_mapping
4839,115,Cebolla Morada,,Virtual Locations/Inventory adjustment,-3.74,not_found,Frutas y Verduras,shared_or_open,shared_cross_company,heuristic_category,pending_review,dictionary_candidate_shared,review_for_dictionary_mapping
4840,115,Cebolla Morada,,FONDA/Existencias/Cocina,1.5,not_found,Frutas y Verduras,shared_or_open,shared_cross_company,heuristic_category,pending_review,dictionary_candidate_shared,review_for_dictionary_mapping
4841,115,Cebolla Morada,,FONDA/Existencias/Cocina,2.97,not_found,Frutas y Verduras,shared_or_open,shared_cross_company,heuristic_category,pending_review,dictionary_candidate_shared,review_for_dictionary_mapping
4842,115,Cebolla Morada,,FONDA/Existencias/Cocina,8.15,not_found,Frutas y Verduras,shared_or_open,shared_cross_company,heuristic_category,pending_review,dictionary_candidate_shared,review_for_dictionary_mapping
4843,115,Cebolla Morada,,FAMAQ/Existencias/Cocina,3.75,not_found,Frutas y Verduras,shared_or_open,shared_cross_company,heuristic_category,pending_review,dictionary_candidate_shared,review_for_dictionary_mapping
4844,115,Cebolla Morada,,FAMAQ/Existencias/Parrilla,0.05,not_found,Frutas y Verduras,shared_or_open,shared_cross_company,heuristic_category,pending_review,dictionary_candidate_shared,review_for_dictionary_mapping
4845,115,Cebolla Morada,,Virtual Locations/Inventory adjustment,-1.08,not_found,Frutas y Verduras,shared_or_open,shared_cross_company,heuristic_category,pending_review,dictionary_candidate_shared,review_for_dictionary_mapping
4846,115,Cebolla Morada,,FACY/Existencias/Parrilla,0.98,not_found,Frutas y Verduras,shared_or_open,shared_cross_company,heuristic_category,pending_review,dictionary_candidate_shared,review_for_dictionary_mapping
4847,116,Cebollin,,Partners/Vendors,-303.86,not_found,Frutas y Verduras,shared_or_open,shared_cross_company,heuristic_category,pending_review,dictionary_candidate_shared,review_for_dictionary_mapping
4848,116,Cebollin,,Partners/Customers,95.43,not_found,Frutas y Verduras,shared_or_open,shared_cross_company,heuristic_category,pending_review,dictionary_candidate_shared,review_for_dictionary_mapping
4849,116,Cebollin,,Virtual Locations/Inter-company transit,16.93,not_found,Frutas y Verduras,shared_or_open,shared_cross_company,heuristic_category,pending_review,dictionary_candidate_shared,review_for_dictionary_mapping
4850,116,Cebollin,,Virtual Locations/Inventory adjustment,16.22,not_found,Frutas y Verduras,shared_or_open,shared_cross_company,heuristic_category,pending_review,dictionary_candidate_shared,review_for_dictionary_mapping
4851,116,Cebollin,,Virtual Locations/Production,161.1,not_found,Frutas y Verduras,shared_or_open,shared_cross_company,heuristic_category,pending_review,dictionary_candidate_shared,review_for_dictionary_mapping
4852,116,Cebollin,,Virtual Locations/Scrap,6.5,not_found,Frutas y Verduras,shared_or_open,shared_cross_company,heuristic_category,pending_review,dictionary_candidate_shared,review_for_dictionary_mapping
4853,116,Cebollin,,Bodeg/Existencias,2.74,not_found,Frutas y Verduras,shared_or_open,shared_cross_company,heuristic_category,pending_review,dictionary_candidate_shared,review_for_dictionary_mapping
4854,116,Cebollin,,Bodeg/Panadería y pastelería,5.31,not_found,Frutas y Verduras,shared_or_open,shared_cross_company,heuristic_category,pending_review,dictionary_candidate_shared,review_for_dictionary_mapping
4855,116,Cebollin,,Virtual Locations/Inventory adjustment,0.75,not_found,Frutas y Verduras,shared_or_open,shared_cross_company,heuristic_category,pending_review,dictionary_candidate_shared,review_for_dictionary_mapping
4856,116,Cebollin,,Virtual Locations/Inventory adjustment,-4.86,not_found,Frutas y Verduras,shared_or_open,shared_cross_company,heuristic_category,pending_review,dictionary_candidate_shared,review_for_dictionary_mapping
4857,116,Cebollin,,Virtual Locations/Inventory adjustment,-0.16,not_found,Frutas y Verduras,shared_or_open,shared_cross_company,heuristic_category,pending_review,dictionary_candidate_shared,review_for_dictionary_mapping
4858,116,Cebollin,,Virtual Locations/Inventory adjustment,1.02,not_found,Frutas y Verduras,shared_or_open,shared_cross_company,heuristic_category,pending_review,dictionary_candidate_shared,review_for_dictionary_mapping
4859,116,Cebollin,,Virtual Locations/Production,0.08,not_found,Frutas y Verduras,shared_or_open,shared_cross_company,heuristic_category,pending_review,dictionary_candidate_shared,review_for_dictionary_mapping
4860,116,Cebollin,,FONDA/Existencias/Cocina,0.19,not_found,Frutas y Verduras,shared_or_open,shared_cross_company,heuristic_category,pending_review,dictionary_candidate_shared,review_for_dictionary_mapping
4861,116,Cebollin,,FAMAQ/Existencias/Cocina,0.16,not_found,Frutas y Verduras,shared_or_open,shared_cross_company,heuristic_category,pending_review,dictionary_candidate_shared,review_for_dictionary_mapping
4862,117,Chile Cuaresmeño,,Partners/Vendors,-766.6,not_found,Frutas y Verduras,shared_or_open,shared_cross_company,heuristic_category,pending_review,dictionary_candidate_shared,review_for_dictionary_mapping
4863,117,Chile Cuaresmeño,,Partners/Customers,478.68,not_found,Frutas y Verduras,shared_or_open,shared_cross_company,heuristic_category,pending_review,dictionary_candidate_shared,review_for_dictionary_mapping
4864,117,Chile Cuaresmeño,,Virtual Locations/Inter-company transit,132.04,not_found,Frutas y Verduras,shared_or_open,shared_cross_company,heuristic_category,pending_review,dictionary_candidate_shared,review_for_dictionary_mapping
4865,117,Chile Cuaresmeño,,Virtual Locations/Inventory adjustment,45.09,not_found,Frutas y Verduras,shared_or_open,shared_cross_company,heuristic_category,pending_review,dictionary_candidate_shared,review_for_dictionary_mapping
4866,117,Chile Cuaresmeño,,Virtual Locations/Scrap,32.11,not_found,Frutas y Verduras,shared_or_open,shared_cross_company,heuristic_category,pending_review,dictionary_candidate_shared,review_for_dictionary_mapping
4867,117,Chile Cuaresmeño,,Bodeg/Existencias,6.48,not_found,Frutas y Verduras,shared_or_open,shared_cross_company,heuristic_category,pending_review,dictionary_candidate_shared,review_for_dictionary_mapping
4868,117,Chile Cuaresmeño,,Virtual Locations/Inventory adjustment,37.53,not_found,Frutas y Verduras,shared_or_open,shared_cross_company,heuristic_category,pending_review,dictionary_candidate_shared,review_for_dictionary_mapping
4869,117,Chile Cuaresmeño,,Virtual Locations/Production,3.3,not_found,Frutas y Verduras,shared_or_open,shared_cross_company,heuristic_category,pending_review,dictionary_candidate_shared,review_for_dictionary_mapping
4870,117,Chile Cuaresmeño,,Virtual Locations/Scrap,1.79,not_found,Frutas y Verduras,shared_or_open,shared_cross_company,heuristic_category,pending_review,dictionary_candidate_shared,review_for_dictionary_mapping
4871,117,Chile Cuaresmeño,,TACOS/Existencias/Cocina,0.18,not_found,Frutas y Verduras,shared_or_open,shared_cross_company,heuristic_category,pending_review,dictionary_candidate_shared,review_for_dictionary_mapping
4872,118,Chile Habanero,,Partners/Vendors,-163.85,not_found,Frutas y Verduras,shared_or_open,shared_cross_company,heuristic_category,pending_review,dictionary_candidate_shared,review_for_dictionary_mapping
4873,118,Chile Habanero,,Partners/Customers,77.56,not_found,Frutas y Verduras,shared_or_open,shared_cross_company,heuristic_category,pending_review,dictionary_candidate_shared,review_for_dictionary_mapping
4874,118,Chile Habanero,,Virtual Locations/Inter-company transit,20.88,not_found,Frutas y Verduras,shared_or_open,shared_cross_company,heuristic_category,pending_review,dictionary_candidate_shared,review_for_dictionary_mapping
4875,118,Chile Habanero,,Virtual Locations/Inventory adjustment,11.42,not_found,Frutas y Verduras,shared_or_open,shared_cross_company,heuristic_category,pending_review,dictionary_candidate_shared,review_for_dictionary_mapping
4876,118,Chile Habanero,,Virtual Locations/Production,19.87,not_found,Frutas y Verduras,shared_or_open,shared_cross_company,heuristic_category,pending_review,dictionary_candidate_shared,review_for_dictionary_mapping
4877,118,Chile Habanero,,Virtual Locations/Scrap,4.77,not_found,Frutas y Verduras,shared_or_open,shared_cross_company,heuristic_category,pending_review,dictionary_candidate_shared,review_for_dictionary_mapping
4878,118,Chile Habanero,,Bodeg/Existencias,10.5,not_found,Frutas y Verduras,shared_or_open,shared_cross_company,heuristic_category,pending_review,dictionary_candidate_shared,review_for_dictionary_mapping
4879,118,Chile Habanero,,Bodeg/Panadería y pastelería,8.0,not_found,Frutas y Verduras,shared_or_open,shared_cross_company,heuristic_category,pending_review,dictionary_candidate_shared,review_for_dictionary_mapping
4880,118,Chile Habanero,,Virtual Locations/Inventory adjustment,1.75,not_found,Frutas y Verduras,shared_or_open,shared_cross_company,heuristic_category,pending_review,dictionary_candidate_shared,review_for_dictionary_mapping
4881,118,Chile Habanero,,Virtual Locations/Production,0.6,not_found,Frutas y Verduras,shared_or_open,shared_cross_company,heuristic_category,pending_review,dictionary_candidate_shared,review_for_dictionary_mapping
4882,118,Chile Habanero,,TACOS/Existencias/Cocina,0.7,not_found,Frutas y Verduras,shared_or_open,shared_cross_company,heuristic_category,pending_review,dictionary_candidate_shared,review_for_dictionary_mapping
4883,119,Chile Serrano,,Partners/Vendors,-29963.6,not_found,Frutas y Verduras,shared_or_open,shared_cross_company,heuristic_category,pending_review,dictionary_candidate_shared,review_for_dictionary_mapping
4884,119,Chile Serrano,,Partners/Customers,8090.87,not_found,Frutas y Verduras,shared_or_open,shared_cross_company,heuristic_category,pending_review,dictionary_candidate_shared,review_for_dictionary_mapping
4885,119,Chile Serrano,,Virtual Locations/Inter-company transit,1934.26,not_found,Frutas y Verduras,shared_or_open,shared_cross_company,heuristic_category,pending_review,dictionary_candidate_shared,review_for_dictionary_mapping
4886,119,Chile Serrano,,Virtual Locations/Inventory adjustment,1227.92,not_found,Frutas y Verduras,shared_or_open,shared_cross_company,heuristic_category,pending_review,dictionary_candidate_shared,review_for_dictionary_mapping
4887,119,Chile Serrano,,Virtual Locations/Production,17929.67,not_found,Frutas y Verduras,shared_or_open,shared_cross_company,heuristic_category,pending_review,dictionary_candidate_shared,review_for_dictionary_mapping
4888,119,Chile Serrano,,Virtual Locations/Scrap,11.11,not_found,Frutas y Verduras,shared_or_open,shared_cross_company,heuristic_category,pending_review,dictionary_candidate_shared,review_for_dictionary_mapping
4889,119,Chile Serrano,,Bodeg/Existencias,388.08,not_found,Frutas y Verduras,shared_or_open,shared_cross_company,heuristic_category,pending_review,dictionary_candidate_shared,review_for_dictionary_mapping
4890,119,Chile Serrano,,Bodeg/Panadería y pastelería,110.9,not_found,Frutas y Verduras,shared_or_open,shared_cross_company,heuristic_category,pending_review,dictionary_candidate_shared,review_for_dictionary_mapping
4891,119,Chile Serrano,,Virtual Locations/Inventory adjustment,59.27,not_found,Frutas y Verduras,shared_or_open,shared_cross_company,heuristic_category,pending_review,dictionary_candidate_shared,review_for_dictionary_mapping
4892,119,Chile Serrano,,Virtual Locations/Production,0.99,not_found,Frutas y Verduras,shared_or_open,shared_cross_company,heuristic_category,pending_review,dictionary_candidate_shared,review_for_dictionary_mapping
4893,119,Chile Serrano,,Virtual Locations/Inventory adjustment,28.21,not_found,Frutas y Verduras,shared_or_open,shared_cross_company,heuristic_category,pending_review,dictionary_candidate_shared,review_for_dictionary_mapping
4894,119,Chile Serrano,,Virtual Locations/Production,1.95,not_found,Frutas y Verduras,shared_or_open,shared_cross_company,heuristic_category,pending_review,dictionary_candidate_shared,review_for_dictionary_mapping
4895,119,Chile Serrano,,Virtual Locations/Scrap,4.1,not_found,Frutas y Verduras,shared_or_open,shared_cross_company,heuristic_category,pending_review,dictionary_candidate_shared,review_for_dictionary_mapping
4896,119,Chile Serrano,,Virtual Locations/Inventory adjustment,-11.9,not_found,Frutas y Verduras,shared_or_open,shared_cross_company,heuristic_category,pending_review,dictionary_candidate_shared,review_for_dictionary_mapping
4897,119,Chile Serrano,,Virtual Locations/Production,10.74,not_found,Frutas y Verduras,shared_or_open,shared_cross_company,heuristic_category,pending_review,dictionary_candidate_shared,review_for_dictionary_mapping
4898,119,Chile Serrano,,Virtual Locations/Scrap,30.39,not_found,Frutas y Verduras,shared_or_open,shared_cross_company,heuristic_category,pending_review,dictionary_candidate_shared,review_for_dictionary_mapping
4899,119,Chile Serrano,,Virtual Locations/Inventory adjustment,-6.88,not_found,Frutas y Verduras,shared_or_open,shared_cross_company,heuristic_category,pending_review,dictionary_candidate_shared,review_for_dictionary_mapping
4900,119,Chile Serrano,,Virtual Locations/Inventory adjustment,35.66,not_found,Frutas y Verduras,shared_or_open,shared_cross_company,heuristic_category,pending_review,dictionary_candidate_shared,review_for_dictionary_mapping
4901,119,Chile Serrano,,Virtual Locations/Production,8.4,not_found,Frutas y Verduras,shared_or_open,shared_cross_company,heuristic_category,pending_review,dictionary_candidate_shared,review_for_dictionary_mapping
4902,119,Chile Serrano,,FONDA/Existencias/Cocina,7.3,not_found,Frutas y Verduras,shared_or_open,shared_cross_company,heuristic_category,pending_review,dictionary_candidate_shared,review_for_dictionary_mapping
4903,119,Chile Serrano,,FONDA/Existencias/Cocina,8.26,not_found,Frutas y Verduras,shared_or_open,shared_cross_company,heuristic_category,pending_review,dictionary_candidate_shared,review_for_dictionary_mapping
4904,119,Chile Serrano,,FONDA/Existencias/Cocina,4.41,not_found,Frutas y Verduras,shared_or_open,shared_cross_company,heuristic_category,pending_review,dictionary_candidate_shared,review_for_dictionary_mapping
4905,119,Chile Serrano,,FAMAQ/Existencias/Cocina,9.76,not_found,Frutas y Verduras,shared_or_open,shared_cross_company,heuristic_category,pending_review,dictionary_candidate_shared,review_for_dictionary_mapping
4906,119,Chile Serrano,,TACOS/Existencias/Cocina,0.26,not_found,Frutas y Verduras,shared_or_open,shared_cross_company,heuristic_category,pending_review,dictionary_candidate_shared,review_for_dictionary_mapping
4907,119,Chile Serrano,,Virtual Locations/Inventory adjustment,-0.03,not_found,Frutas y Verduras,shared_or_open,shared_cross_company,heuristic_category,pending_review,dictionary_candidate_shared,review_for_dictionary_mapping
4908,120,Cilantro,,Partners/Vendors,-640.69,not_found,Frutas y Verduras,shared_or_open,shared_cross_company,heuristic_category,pending_review,dictionary_candidate_shared,review_for_dictionary_mapping
4909,120,Cilantro,,Partners/Customers,343.69,not_found,Frutas y Verduras,shared_or_open,shared_cross_company,heuristic_category,pending_review,dictionary_candidate_shared,review_for_dictionary_mapping
4910,120,Cilantro,,Virtual Locations/Inter-company transit,41.3,not_found,Frutas y Verduras,shared_or_open,shared_cross_company,heuristic_category,pending_review,dictionary_candidate_shared,review_for_dictionary_mapping
4911,120,Cilantro,,Virtual Locations/Inventory adjustment,73.54,not_found,Frutas y Verduras,shared_or_open,shared_cross_company,heuristic_category,pending_review,dictionary_candidate_shared,review_for_dictionary_mapping
4912,120,Cilantro,,Virtual Locations/Production,61.86,not_found,Frutas y Verduras,shared_or_open,shared_cross_company,heuristic_category,pending_review,dictionary_candidate_shared,review_for_dictionary_mapping
4913,120,Cilantro,,Virtual Locations/Scrap,81.27,not_found,Frutas y Verduras,shared_or_open,shared_cross_company,heuristic_category,pending_review,dictionary_candidate_shared,review_for_dictionary_mapping
4914,120,Cilantro,,Bodeg/Existencias,2.27,not_found,Frutas y Verduras,shared_or_open,shared_cross_company,heuristic_category,pending_review,dictionary_candidate_shared,review_for_dictionary_mapping
4915,120,Cilantro,,Virtual Locations/Inventory adjustment,14.66,not_found,Frutas y Verduras,shared_or_open,shared_cross_company,heuristic_category,pending_review,dictionary_candidate_shared,review_for_dictionary_mapping
4916,120,Cilantro,,Virtual Locations/Production,0.3,not_found,Frutas y Verduras,shared_or_open,shared_cross_company,heuristic_category,pending_review,dictionary_candidate_shared,review_for_dictionary_mapping
4917,121,Coliflor,,Partners/Vendors,-8499.52,not_found,Frutas y Verduras,shared_or_open,shared_cross_company,heuristic_category,pending_review,dictionary_candidate_shared,review_for_dictionary_mapping
4918,121,Coliflor,,Partners/Customers,6281.51,not_found,Frutas y Verduras,shared_or_open,shared_cross_company,heuristic_category,pending_review,dictionary_candidate_shared,review_for_dictionary_mapping
4919,121,Coliflor,,Virtual Locations/Inter-company transit,1389.21,not_found,Frutas y Verduras,shared_or_open,shared_cross_company,heuristic_category,pending_review,dictionary_candidate_shared,review_for_dictionary_mapping
4920,121,Coliflor,,Virtual Locations/Inventory adjustment,357.55,not_found,Frutas y Verduras,shared_or_open,shared_cross_company,heuristic_category,pending_review,dictionary_candidate_shared,review_for_dictionary_mapping
4921,121,Coliflor,,Virtual Locations/Scrap,216.51,not_found,Frutas y Verduras,shared_or_open,shared_cross_company,heuristic_category,pending_review,dictionary_candidate_shared,review_for_dictionary_mapping
4922,121,Coliflor,,Bodeg/Existencias,37.98,not_found,Frutas y Verduras,shared_or_open,shared_cross_company,heuristic_category,pending_review,dictionary_candidate_shared,review_for_dictionary_mapping
4923,121,Coliflor,,Virtual Locations/Inventory adjustment,23.79,not_found,Frutas y Verduras,shared_or_open,shared_cross_company,heuristic_category,pending_review,dictionary_candidate_shared,review_for_dictionary_mapping
4924,121,Coliflor,,Virtual Locations/Scrap,7.85,not_found,Frutas y Verduras,shared_or_open,shared_cross_company,heuristic_category,pending_review,dictionary_candidate_shared,review_for_dictionary_mapping
4925,121,Coliflor,,Virtual Locations/Inventory adjustment,30.37,not_found,Frutas y Verduras,shared_or_open,shared_cross_company,heuristic_category,pending_review,dictionary_candidate_shared,review_for_dictionary_mapping
4926,121,Coliflor,,Virtual Locations/Scrap,3.07,not_found,Frutas y Verduras,shared_or_open,shared_cross_company,heuristic_category,pending_review,dictionary_candidate_shared,review_for_dictionary_mapping
4927,121,Coliflor,,Virtual Locations/Inventory adjustment,57.62,not_found,Frutas y Verduras,shared_or_open,shared_cross_company,heuristic_category,pending_review,dictionary_candidate_shared,review_for_dictionary_mapping
4928,121,Coliflor,,Virtual Locations/Scrap,24.54,not_found,Frutas y Verduras,shared_or_open,shared_cross_company,heuristic_category,pending_review,dictionary_candidate_shared,review_for_dictionary_mapping
4929,121,Coliflor,,Virtual Locations/Inventory adjustment,-2.56,not_found,Frutas y Verduras,shared_or_open,shared_cross_company,heuristic_category,pending_review,dictionary_candidate_shared,review_for_dictionary_mapping
4930,121,Coliflor,,FONDA/Existencias/Cocina,2.46,not_found,Frutas y Verduras,shared_or_open,shared_cross_company,heuristic_category,pending_review,dictionary_candidate_shared,review_for_dictionary_mapping
4931,121,Coliflor,,FONDA/Existencias/Cocina,11.29,not_found,Frutas y Verduras,shared_or_open,shared_cross_company,heuristic_category,pending_review,dictionary_candidate_shared,review_for_dictionary_mapping
4932,121,Coliflor,,FAMAQ/Existencias/Cocina,1.4,not_found,Frutas y Verduras,shared_or_open,shared_cross_company,heuristic_category,pending_review,dictionary_candidate_shared,review_for_dictionary_mapping
4933,121,Coliflor,,FAMAQ/Existencias/Parrilla,1.56,not_found,Frutas y Verduras,shared_or_open,shared_cross_company,heuristic_category,pending_review,dictionary_candidate_shared,review_for_dictionary_mapping
4934,121,Coliflor,,Virtual Locations/Inventory adjustment,-1.03,not_found,Frutas y Verduras,shared_or_open,shared_cross_company,heuristic_category,pending_review,dictionary_candidate_shared,review_for_dictionary_mapping
4935,121,Coliflor,,FACY/Existencias/Parrilla,0.93,not_found,Frutas y Verduras,shared_or_open,shared_cross_company,heuristic_category,pending_review,dictionary_candidate_shared,review_for_dictionary_mapping
4936,122,Espinaca,,Partners/Vendors,-8780.57,not_found,Frutas y Verduras,shared_or_open,shared_cross_company,heuristic_category,pending_review,dictionary_candidate_shared,review_for_dictionary_mapping
4937,122,Espinaca,,Partners/Customers,6518.42,not_found,Frutas y Verduras,shared_or_open,shared_cross_company,heuristic_category,pending_review,dictionary_candidate_shared,review_for_dictionary_mapping
4938,122,Espinaca,,Virtual Locations/Inter-company transit,1411.31,not_found,Frutas y Verduras,shared_or_open,shared_cross_company,heuristic_category,pending_review,dictionary_candidate_shared,review_for_dictionary_mapping
4939,122,Espinaca,,Virtual Locations/Inventory adjustment,361.15,not_found,Frutas y Verduras,shared_or_open,shared_cross_company,heuristic_category,pending_review,dictionary_candidate_shared,review_for_dictionary_mapping
4940,122,Espinaca,,Virtual Locations/Scrap,155.97,not_found,Frutas y Verduras,shared_or_open,shared_cross_company,heuristic_category,pending_review,dictionary_candidate_shared,review_for_dictionary_mapping
4941,122,Espinaca,,Bodeg/Existencias,102.8,not_found,Frutas y Verduras,shared_or_open,shared_cross_company,heuristic_category,pending_review,dictionary_candidate_shared,review_for_dictionary_mapping
4942,122,Espinaca,,Virtual Locations/Inventory adjustment,9.33,not_found,Frutas y Verduras,shared_or_open,shared_cross_company,heuristic_category,pending_review,dictionary_candidate_shared,review_for_dictionary_mapping
4943,122,Espinaca,,Virtual Locations/Production,36.16,not_found,Frutas y Verduras,shared_or_open,shared_cross_company,heuristic_category,pending_review,dictionary_candidate_shared,review_for_dictionary_mapping
4944,122,Espinaca,,Virtual Locations/Inventory adjustment,38.57,not_found,Frutas y Verduras,shared_or_open,shared_cross_company,heuristic_category,pending_review,dictionary_candidate_shared,review_for_dictionary_mapping
4945,122,Espinaca,,Virtual Locations/Production,14.4,not_found,Frutas y Verduras,shared_or_open,shared_cross_company,heuristic_category,pending_review,dictionary_candidate_shared,review_for_dictionary_mapping
4946,122,Espinaca,,Virtual Locations/Inventory adjustment,-9.53,not_found,Frutas y Verduras,shared_or_open,shared_cross_company,heuristic_category,pending_review,dictionary_candidate_shared,review_for_dictionary_mapping
4947,122,Espinaca,,Virtual Locations/Production,51.22,not_found,Frutas y Verduras,shared_or_open,shared_cross_company,heuristic_category,pending_review,dictionary_candidate_shared,review_for_dictionary_mapping
4948,122,Espinaca,,Virtual Locations/Scrap,1.32,not_found,Frutas y Verduras,shared_or_open,shared_cross_company,heuristic_category,pending_review,dictionary_candidate_shared,review_for_dictionary_mapping
4949,122,Espinaca,,Virtual Locations/Inventory adjustment,-8.92,not_found,Frutas y Verduras,shared_or_open,shared_cross_company,heuristic_category,pending_review,dictionary_candidate_shared,review_for_dictionary_mapping
4950,122,Espinaca,,Virtual Locations/Inventory adjustment,1.74,not_found,Frutas y Verduras,shared_or_open,shared_cross_company,heuristic_category,pending_review,dictionary_candidate_shared,review_for_dictionary_mapping
4951,122,Espinaca,,Virtual Locations/Scrap,0.93,not_found,Frutas y Verduras,shared_or_open,shared_cross_company,heuristic_category,pending_review,dictionary_candidate_shared,review_for_dictionary_mapping
4952,122,Espinaca,,FONDA/Existencias/Cocina,1.6,not_found,Frutas y Verduras,shared_or_open,shared_cross_company,heuristic_category,pending_review,dictionary_candidate_shared,review_for_dictionary_mapping
4953,122,Espinaca,,FONDA/Existencias/Cocina,4.42,not_found,Frutas y Verduras,shared_or_open,shared_cross_company,heuristic_category,pending_review,dictionary_candidate_shared,review_for_dictionary_mapping
4954,122,Espinaca,,FONDA/Existencias/Cocina,4.28,not_found,Frutas y Verduras,shared_or_open,shared_cross_company,heuristic_category,pending_review,dictionary_candidate_shared,review_for_dictionary_mapping
4955,122,Espinaca,,FAMAQ/Existencias/Cocina,8.02,not_found,Frutas y Verduras,shared_or_open,shared_cross_company,heuristic_category,pending_review,dictionary_candidate_shared,review_for_dictionary_mapping
4956,122,Espinaca,,TACOS/Existencias/Cocina,0.59,not_found,Frutas y Verduras,shared_or_open,shared_cross_company,heuristic_category,pending_review,dictionary_candidate_shared,review_for_dictionary_mapping
4957,122,Espinaca,,Virtual Locations/Inventory adjustment,-1.85,not_found,Frutas y Verduras,shared_or_open,shared_cross_company,heuristic_category,pending_review,dictionary_candidate_shared,review_for_dictionary_mapping
4958,122,Espinaca,,FACY/Existencias/Cocina,1.64,not_found,Frutas y Verduras,shared_or_open,shared_cross_company,heuristic_category,pending_review,dictionary_candidate_shared,review_for_dictionary_mapping
4959,124,Hierba de Olor,,Partners/Vendors,-385.74,not_found,Frutas y Verduras,shared_or_open,shared_cross_company,heuristic_category,pending_review,dictionary_candidate_shared,review_for_dictionary_mapping
4960,124,Hierba de Olor,,Partners/Customers,275.61,not_found,Frutas y Verduras,shared_or_open,shared_cross_company,heuristic_category,pending_review,dictionary_candidate_shared,review_for_dictionary_mapping
4961,124,Hierba de Olor,,Virtual Locations/Inter-company transit,78.7,not_found,Frutas y Verduras,shared_or_open,shared_cross_company,heuristic_category,pending_review,dictionary_candidate_shared,review_for_dictionary_mapping
4962,124,Hierba de Olor,,Virtual Locations/Inventory adjustment,-7.72,not_found,Frutas y Verduras,shared_or_open,shared_cross_company,heuristic_category,pending_review,dictionary_candidate_shared,review_for_dictionary_mapping
4963,124,Hierba de Olor,,Virtual Locations/Scrap,4.36,not_found,Frutas y Verduras,shared_or_open,shared_cross_company,heuristic_category,pending_review,dictionary_candidate_shared,review_for_dictionary_mapping
4964,124,Hierba de Olor,,Bodeg/Existencias,6.95,not_found,Frutas y Verduras,shared_or_open,shared_cross_company,heuristic_category,pending_review,dictionary_candidate_shared,review_for_dictionary_mapping
4965,124,Hierba de Olor,,Virtual Locations/Inventory adjustment,2.73,not_found,Frutas y Verduras,shared_or_open,shared_cross_company,heuristic_category,pending_review,dictionary_candidate_shared,review_for_dictionary_mapping
4966,124,Hierba de Olor,,Virtual Locations/Production,2.8,not_found,Frutas y Verduras,shared_or_open,shared_cross_company,heuristic_category,pending_review,dictionary_candidate_shared,review_for_dictionary_mapping
4967,124,Hierba de Olor,,Virtual Locations/Inventory adjustment,1.61,not_found,Frutas y Verduras,shared_or_open,shared_cross_company,heuristic_category,pending_review,dictionary_candidate_shared,review_for_dictionary_mapping
4968,124,Hierba de Olor,,Virtual Locations/Production,0.67,not_found,Frutas y Verduras,shared_or_open,shared_cross_company,heuristic_category,pending_review,dictionary_candidate_shared,review_for_dictionary_mapping
4969,124,Hierba de Olor,,Virtual Locations/Inventory adjustment,0.14,not_found,Frutas y Verduras,shared_or_open,shared_cross_company,heuristic_category,pending_review,dictionary_candidate_shared,review_for_dictionary_mapping
4970,124,Hierba de Olor,,Virtual Locations/Production,5.0,not_found,Frutas y Verduras,shared_or_open,shared_cross_company,heuristic_category,pending_review,dictionary_candidate_shared,review_for_dictionary_mapping
4971,124,Hierba de Olor,,Virtual Locations/Inventory adjustment,-0.57,not_found,Frutas y Verduras,shared_or_open,shared_cross_company,heuristic_category,pending_review,dictionary_candidate_shared,review_for_dictionary_mapping
4972,124,Hierba de Olor,,Virtual Locations/Inventory adjustment,8.43,not_found,Frutas y Verduras,shared_or_open,shared_cross_company,heuristic_category,pending_review,dictionary_candidate_shared,review_for_dictionary_mapping
4973,124,Hierba de Olor,,Virtual Locations/Production,0.72,not_found,Frutas y Verduras,shared_or_open,shared_cross_company,heuristic_category,pending_review,dictionary_candidate_shared,review_for_dictionary_mapping
4974,124,Hierba de Olor,,FONDA/Existencias/Cocina,0.3,not_found,Frutas y Verduras,shared_or_open,shared_cross_company,heuristic_category,pending_review,dictionary_candidate_shared,review_for_dictionary_mapping
4975,124,Hierba de Olor,,FONDA/Existencias/Cocina,0.4,not_found,Frutas y Verduras,shared_or_open,shared_cross_company,heuristic_category,pending_review,dictionary_candidate_shared,review_for_dictionary_mapping
4976,124,Hierba de Olor,,FONDA/Existencias/Cocina,0.46,not_found,Frutas y Verduras,shared_or_open,shared_cross_company,heuristic_category,pending_review,dictionary_candidate_shared,review_for_dictionary_mapping
4977,124,Hierba de Olor,,FAMAQ/Existencias/Cocina,0.57,not_found,Frutas y Verduras,shared_or_open,shared_cross_company,heuristic_category,pending_review,dictionary_candidate_shared,review_for_dictionary_mapping
4978,124,Hierba de Olor,,TACOS/Existencias/Cocina,0.19,not_found,Frutas y Verduras,shared_or_open,shared_cross_company,heuristic_category,pending_review,dictionary_candidate_shared,review_for_dictionary_mapping
4979,124,Hierba de Olor,,Virtual Locations/Inventory adjustment,-0.6,not_found,Frutas y Verduras,shared_or_open,shared_cross_company,heuristic_category,pending_review,dictionary_candidate_shared,review_for_dictionary_mapping
4980,124,Hierba de Olor,,FACY/Existencias/Cocina,0.6,not_found,Frutas y Verduras,shared_or_open,shared_cross_company,heuristic_category,pending_review,dictionary_candidate_shared,review_for_dictionary_mapping
4981,125,Hierbabuena,,Partners/Vendors,-543.32,not_found,Frutas y Verduras,shared_or_open,shared_cross_company,heuristic_category,pending_review,dictionary_candidate_shared,review_for_dictionary_mapping
4982,125,Hierbabuena,,Partners/Customers,311.2,not_found,Frutas y Verduras,shared_or_open,shared_cross_company,heuristic_category,pending_review,dictionary_candidate_shared,review_for_dictionary_mapping
4983,125,Hierbabuena,,Virtual Locations/Inter-company transit,84.07,not_found,Frutas y Verduras,shared_or_open,shared_cross_company,heuristic_category,pending_review,dictionary_candidate_shared,review_for_dictionary_mapping
4984,125,Hierbabuena,,Virtual Locations/Inventory adjustment,76.45,not_found,Frutas y Verduras,shared_or_open,shared_cross_company,heuristic_category,pending_review,dictionary_candidate_shared,review_for_dictionary_mapping
4985,125,Hierbabuena,,Virtual Locations/Scrap,70.08,not_found,Frutas y Verduras,shared_or_open,shared_cross_company,heuristic_category,pending_review,dictionary_candidate_shared,review_for_dictionary_mapping
4986,125,Hierbabuena,,Bodeg/Existencias,7.42,not_found,Frutas y Verduras,shared_or_open,shared_cross_company,heuristic_category,pending_review,dictionary_candidate_shared,review_for_dictionary_mapping
4987,125,Hierbabuena,,Virtual Locations/Inventory adjustment,-4.88,not_found,Frutas y Verduras,shared_or_open,shared_cross_company,heuristic_category,pending_review,dictionary_candidate_shared,review_for_dictionary_mapping
4988,125,Hierbabuena,,Virtual Locations/Inventory adjustment,-1.28,not_found,Frutas y Verduras,shared_or_open,shared_cross_company,heuristic_category,pending_review,dictionary_candidate_shared,review_for_dictionary_mapping
4989,125,Hierbabuena,,Virtual Locations/Inventory adjustment,1.1,not_found,Frutas y Verduras,shared_or_open,shared_cross_company,heuristic_category,pending_review,dictionary_candidate_shared,review_for_dictionary_mapping
4990,125,Hierbabuena,,Virtual Locations/Inventory adjustment,0.6,not_found,Frutas y Verduras,shared_or_open,shared_cross_company,heuristic_category,pending_review,dictionary_candidate_shared,review_for_dictionary_mapping
4991,125,Hierbabuena,,TACOS/Existencias/Cocina,0.1,not_found,Frutas y Verduras,shared_or_open,shared_cross_company,heuristic_category,pending_review,dictionary_candidate_shared,review_for_dictionary_mapping
4992,126,Jitomate Bola 4x3,,Partners/Vendors,-61838.46,not_found,Frutas y Verduras,shared_or_open,shared_cross_company,heuristic_category,pending_review,dictionary_candidate_shared,review_for_dictionary_mapping
4993,126,Jitomate Bola 4x3,,Partners/Customers,46370.09,not_found,Frutas y Verduras,shared_or_open,shared_cross_company,heuristic_category,pending_review,dictionary_candidate_shared,review_for_dictionary_mapping
4994,126,Jitomate Bola 4x3,,Virtual Locations/Inter-company transit,9870.04,not_found,Frutas y Verduras,shared_or_open,shared_cross_company,heuristic_category,pending_review,dictionary_candidate_shared,review_for_dictionary_mapping
4995,126,Jitomate Bola 4x3,,Virtual Locations/Inventory adjustment,3176.23,not_found,Frutas y Verduras,shared_or_open,shared_cross_company,heuristic_category,pending_review,dictionary_candidate_shared,review_for_dictionary_mapping
4996,126,Jitomate Bola 4x3,,Virtual Locations/Production,173.86,not_found,Frutas y Verduras,shared_or_open,shared_cross_company,heuristic_category,pending_review,dictionary_candidate_shared,review_for_dictionary_mapping
4997,126,Jitomate Bola 4x3,,Virtual Locations/Scrap,779.63,not_found,Frutas y Verduras,shared_or_open,shared_cross_company,heuristic_category,pending_review,dictionary_candidate_shared,review_for_dictionary_mapping
4998,126,Jitomate Bola 4x3,,Bodeg/Existencias,668.55,not_found,Frutas y Verduras,shared_or_open,shared_cross_company,heuristic_category,pending_review,dictionary_candidate_shared,review_for_dictionary_mapping
4999,126,Jitomate Bola 4x3,,Virtual Locations/Inventory adjustment,61.33,not_found,Frutas y Verduras,shared_or_open,shared_cross_company,heuristic_category,pending_review,dictionary_candidate_shared,review_for_dictionary_mapping
5000,126,Jitomate Bola 4x3,,Virtual Locations/Production,52.1,not_found,Frutas y Verduras,shared_or_open,shared_cross_company,heuristic_category,pending_review,dictionary_candidate_shared,review_for_dictionary_mapping
5001,126,Jitomate Bola 4x3,,Virtual Locations/Scrap,56.7,not_found,Frutas y Verduras,shared_or_open,shared_cross_company,heuristic_category,pending_review,dictionary_candidate_shared,review_for_dictionary_mapping
5002,126,Jitomate Bola 4x3,,Virtual Locations/Inventory adjustment,138.57,not_found,Frutas y Verduras,shared_or_open,shared_cross_company,heuristic_category,pending_review,dictionary_candidate_shared,review_for_dictionary_mapping
5003,126,Jitomate Bola 4x3,,Virtual Locations/Production,36.0,not_found,Frutas y Verduras,shared_or_open,shared_cross_company,heuristic_category,pending_review,dictionary_candidate_shared,review_for_dictionary_mapping
5004,126,Jitomate Bola 4x3,,Virtual Locations/Scrap,6.37,not_found,Frutas y Verduras,shared_or_open,shared_cross_company,heuristic_category,pending_review,dictionary_candidate_shared,review_for_dictionary_mapping
5005,126,Jitomate Bola 4x3,,Virtual Locations/Inventory adjustment,15.29,not_found,Frutas y Verduras,shared_or_open,shared_cross_company,heuristic_category,pending_review,dictionary_candidate_shared,review_for_dictionary_mapping
5006,126,Jitomate Bola 4x3,,Virtual Locations/Production,104.72,not_found,Frutas y Verduras,shared_or_open,shared_cross_company,heuristic_category,pending_review,dictionary_candidate_shared,review_for_dictionary_mapping
5007,126,Jitomate Bola 4x3,,Virtual Locations/Scrap,0.04,not_found,Frutas y Verduras,shared_or_open,shared_cross_company,heuristic_category,pending_review,dictionary_candidate_shared,review_for_dictionary_mapping
5008,126,Jitomate Bola 4x3,,Virtual Locations/Inventory adjustment,-4.25,not_found,Frutas y Verduras,shared_or_open,shared_cross_company,heuristic_category,pending_review,dictionary_candidate_shared,review_for_dictionary_mapping
5009,126,Jitomate Bola 4x3,,Virtual Locations/Inventory adjustment,40.93,not_found,Frutas y Verduras,shared_or_open,shared_cross_company,heuristic_category,pending_review,dictionary_candidate_shared,review_for_dictionary_mapping
5010,126,Jitomate Bola 4x3,,Virtual Locations/Scrap,6.18,not_found,Frutas y Verduras,shared_or_open,shared_cross_company,heuristic_category,pending_review,dictionary_candidate_shared,review_for_dictionary_mapping
5011,126,Jitomate Bola 4x3,,FONDA/Existencias/Cocina,23.1,not_found,Frutas y Verduras,shared_or_open,shared_cross_company,heuristic_category,pending_review,dictionary_candidate_shared,review_for_dictionary_mapping
5012,126,Jitomate Bola 4x3,,FONDA/Existencias/Cocina,38.06,not_found,Frutas y Verduras,shared_or_open,shared_cross_company,heuristic_category,pending_review,dictionary_candidate_shared,review_for_dictionary_mapping
5013,126,Jitomate Bola 4x3,,FONDA/Existencias/Cocina,31.55,not_found,Frutas y Verduras,shared_or_open,shared_cross_company,heuristic_category,pending_review,dictionary_candidate_shared,review_for_dictionary_mapping
5014,126,Jitomate Bola 4x3,,FAMAQ/Existencias/Cocina,13.11,not_found,Frutas y Verduras,shared_or_open,shared_cross_company,heuristic_category,pending_review,dictionary_candidate_shared,review_for_dictionary_mapping
5015,126,Jitomate Bola 4x3,,Virtual Locations/Inventory adjustment,-1.47,not_found,Frutas y Verduras,shared_or_open,shared_cross_company,heuristic_category,pending_review,dictionary_candidate_shared,review_for_dictionary_mapping
5016,127,Jitomate Guaje,,Partners/Vendors,-5715.93,not_found,Frutas y Verduras,shared_or_open,shared_cross_company,heuristic_category,pending_review,dictionary_candidate_shared,review_for_dictionary_mapping
5017,127,Jitomate Guaje,,Partners/Customers,4226.38,not_found,Frutas y Verduras,shared_or_open,shared_cross_company,heuristic_category,pending_review,dictionary_candidate_shared,review_for_dictionary_mapping
5018,127,Jitomate Guaje,,Virtual Locations/Inter-company transit,292.88,not_found,Frutas y Verduras,shared_or_open,shared_cross_company,heuristic_category,pending_review,dictionary_candidate_shared,review_for_dictionary_mapping
5019,127,Jitomate Guaje,,Virtual Locations/Inventory adjustment,114.95,not_found,Frutas y Verduras,shared_or_open,shared_cross_company,heuristic_category,pending_review,dictionary_candidate_shared,review_for_dictionary_mapping
5020,127,Jitomate Guaje,,Virtual Locations/Production,77.3,not_found,Frutas y Verduras,shared_or_open,shared_cross_company,heuristic_category,pending_review,dictionary_candidate_shared,review_for_dictionary_mapping
5021,127,Jitomate Guaje,,Virtual Locations/Scrap,116.95,not_found,Frutas y Verduras,shared_or_open,shared_cross_company,heuristic_category,pending_review,dictionary_candidate_shared,review_for_dictionary_mapping
5022,127,Jitomate Guaje,,Bodeg/Existencias,29.57,not_found,Frutas y Verduras,shared_or_open,shared_cross_company,heuristic_category,pending_review,dictionary_candidate_shared,review_for_dictionary_mapping
5023,127,Jitomate Guaje,,Virtual Locations/Inventory adjustment,76.0,not_found,Frutas y Verduras,shared_or_open,shared_cross_company,heuristic_category,pending_review,dictionary_candidate_shared,review_for_dictionary_mapping
5024,127,Jitomate Guaje,,Virtual Locations/Production,568.0,not_found,Frutas y Verduras,shared_or_open,shared_cross_company,heuristic_category,pending_review,dictionary_candidate_shared,review_for_dictionary_mapping
5025,127,Jitomate Guaje,,Virtual Locations/Inventory adjustment,6.9,not_found,Frutas y Verduras,shared_or_open,shared_cross_company,heuristic_category,pending_review,dictionary_candidate_shared,review_for_dictionary_mapping
5026,127,Jitomate Guaje,,Virtual Locations/Inventory adjustment,122.0,not_found,Frutas y Verduras,shared_or_open,shared_cross_company,heuristic_category,pending_review,dictionary_candidate_shared,review_for_dictionary_mapping
5027,127,Jitomate Guaje,,Virtual Locations/Production,20.0,not_found,Frutas y Verduras,shared_or_open,shared_cross_company,heuristic_category,pending_review,dictionary_candidate_shared,review_for_dictionary_mapping
5028,128,Lechuga Italiana,,Partners/Vendors,-13381.42,not_found,Frutas y Verduras,shared_or_open,shared_cross_company,heuristic_category,pending_review,dictionary_candidate_shared,review_for_dictionary_mapping
5029,128,Lechuga Italiana,,Partners/Customers,10689.28,not_found,Frutas y Verduras,shared_or_open,shared_cross_company,heuristic_category,pending_review,dictionary_candidate_shared,review_for_dictionary_mapping
5030,128,Lechuga Italiana,,Virtual Locations/Inter-company transit,2042.1,not_found,Frutas y Verduras,shared_or_open,shared_cross_company,heuristic_category,pending_review,dictionary_candidate_shared,review_for_dictionary_mapping
5031,128,Lechuga Italiana,,Virtual Locations/Inventory adjustment,622.19,not_found,Frutas y Verduras,shared_or_open,shared_cross_company,heuristic_category,pending_review,dictionary_candidate_shared,review_for_dictionary_mapping
5032,128,Lechuga Italiana,,Virtual Locations/Production,-380.26,not_found,Frutas y Verduras,shared_or_open,shared_cross_company,heuristic_category,pending_review,dictionary_candidate_shared,review_for_dictionary_mapping
5033,128,Lechuga Italiana,,Virtual Locations/Scrap,146.63,not_found,Frutas y Verduras,shared_or_open,shared_cross_company,heuristic_category,pending_review,dictionary_candidate_shared,review_for_dictionary_mapping
5034,128,Lechuga Italiana,,Bodeg/Existencias,161.24,not_found,Frutas y Verduras,shared_or_open,shared_cross_company,heuristic_category,pending_review,dictionary_candidate_shared,review_for_dictionary_mapping
5035,128,Lechuga Italiana,,Virtual Locations/Inventory adjustment,-10.4,not_found,Frutas y Verduras,shared_or_open,shared_cross_company,heuristic_category,pending_review,dictionary_candidate_shared,review_for_dictionary_mapping
5036,128,Lechuga Italiana,,Virtual Locations/Scrap,0.06,not_found,Frutas y Verduras,shared_or_open,shared_cross_company,heuristic_category,pending_review,dictionary_candidate_shared,review_for_dictionary_mapping
5037,128,Lechuga Italiana,,Virtual Locations/Inventory adjustment,-0.76,not_found,Frutas y Verduras,shared_or_open,shared_cross_company,heuristic_category,pending_review,dictionary_candidate_shared,review_for_dictionary_mapping
5038,128,Lechuga Italiana,,Virtual Locations/Scrap,1.61,not_found,Frutas y Verduras,shared_or_open,shared_cross_company,heuristic_category,pending_review,dictionary_candidate_shared,review_for_dictionary_mapping
5039,128,Lechuga Italiana,,Virtual Locations/Inventory adjustment,-5.59,not_found,Frutas y Verduras,shared_or_open,shared_cross_company,heuristic_category,pending_review,dictionary_candidate_shared,review_for_dictionary_mapping
5040,128,Lechuga Italiana,,Virtual Locations/Scrap,58.34,not_found,Frutas y Verduras,shared_or_open,shared_cross_company,heuristic_category,pending_review,dictionary_candidate_shared,review_for_dictionary_mapping
5041,128,Lechuga Italiana,,Virtual Locations/Inventory adjustment,-7.91,not_found,Frutas y Verduras,shared_or_open,shared_cross_company,heuristic_category,pending_review,dictionary_candidate_shared,review_for_dictionary_mapping
5042,128,Lechuga Italiana,,Virtual Locations/Inventory adjustment,9.01,not_found,Frutas y Verduras,shared_or_open,shared_cross_company,heuristic_category,pending_review,dictionary_candidate_shared,review_for_dictionary_mapping
5043,128,Lechuga Italiana,,Virtual Locations/Scrap,0.54,not_found,Frutas y Verduras,shared_or_open,shared_cross_company,heuristic_category,pending_review,dictionary_candidate_shared,review_for_dictionary_mapping
5044,128,Lechuga Italiana,,FONDA/Existencias/Cocina,6.9,not_found,Frutas y Verduras,shared_or_open,shared_cross_company,heuristic_category,pending_review,dictionary_candidate_shared,review_for_dictionary_mapping
5045,128,Lechuga Italiana,,FONDA/Existencias/Cocina,1.46,not_found,Frutas y Verduras,shared_or_open,shared_cross_company,heuristic_category,pending_review,dictionary_candidate_shared,review_for_dictionary_mapping
5046,128,Lechuga Italiana,,FONDA/Existencias/Cocina,8.48,not_found,Frutas y Verduras,shared_or_open,shared_cross_company,heuristic_category,pending_review,dictionary_candidate_shared,review_for_dictionary_mapping
5047,128,Lechuga Italiana,,FAMAQ/Existencias/Cocina,5.87,not_found,Frutas y Verduras,shared_or_open,shared_cross_company,heuristic_category,pending_review,dictionary_candidate_shared,review_for_dictionary_mapping
5048,128,Lechuga Italiana,,TACOS/Existencias/Cocina,1.09,not_found,Frutas y Verduras,shared_or_open,shared_cross_company,heuristic_category,pending_review,dictionary_candidate_shared,review_for_dictionary_mapping
5049,128,Lechuga Italiana,,Virtual Locations/Inventory adjustment,-1.0,not_found,Frutas y Verduras,shared_or_open,shared_cross_company,heuristic_category,pending_review,dictionary_candidate_shared,review_for_dictionary_mapping
5050,128,Lechuga Italiana,,FACY/Existencias/Cocina,1.0,not_found,Frutas y Verduras,shared_or_open,shared_cross_company,heuristic_category,pending_review,dictionary_candidate_shared,review_for_dictionary_mapping
5051,129,Lechuga Romana,,Partners/Vendors,-47005.81,not_found,Frutas y Verduras,shared_or_open,shared_cross_company,heuristic_category,pending_review,dictionary_candidate_shared,review_for_dictionary_mapping
5052,129,Lechuga Romana,,Partners/Customers,36562.23,not_found,Frutas y Verduras,shared_or_open,shared_cross_company,heuristic_category,pending_review,dictionary_candidate_shared,review_for_dictionary_mapping
5053,130,Lechuga Sangría,,Virtual Locations/Scrap,90.32,not_found,Frutas y Verduras,shared_or_open,shared_cross_company,heuristic_category,pending_review,dictionary_candidate_shared,review_for_dictionary_mapping
5054,130,Lechuga Sangría,,Bodeg/Existencias,248.52,not_found,Frutas y Verduras,shared_or_open,shared_cross_company,heuristic_category,pending_review,dictionary_candidate_shared,review_for_dictionary_mapping
5055,130,Lechuga Sangría,,Virtual Locations/Inventory adjustment,-13.92,not_found,Frutas y Verduras,shared_or_open,shared_cross_company,heuristic_category,pending_review,dictionary_candidate_shared,review_for_dictionary_mapping
5056,130,Lechuga Sangría,,Virtual Locations/Scrap,0.06,not_found,Frutas y Verduras,shared_or_open,shared_cross_company,heuristic_category,pending_review,dictionary_candidate_shared,review_for_dictionary_mapping
5057,130,Lechuga Sangría,,Virtual Locations/Inventory adjustment,-13.24,not_found,Frutas y Verduras,shared_or_open,shared_cross_company,heuristic_category,pending_review,dictionary_candidate_shared,review_for_dictionary_mapping
5058,130,Lechuga Sangría,,Virtual Locations/Scrap,1.3,not_found,Frutas y Verduras,shared_or_open,shared_cross_company,heuristic_category,pending_review,dictionary_candidate_shared,review_for_dictionary_mapping
5059,130,Lechuga Sangría,,Virtual Locations/Inventory adjustment,-15.05,not_found,Frutas y Verduras,shared_or_open,shared_cross_company,heuristic_category,pending_review,dictionary_candidate_shared,review_for_dictionary_mapping
5060,130,Lechuga Sangría,,Virtual Locations/Scrap,52.13,not_found,Frutas y Verduras,shared_or_open,shared_cross_company,heuristic_category,pending_review,dictionary_candidate_shared,review_for_dictionary_mapping
5061,130,Lechuga Sangría,,Virtual Locations/Inventory adjustment,-4.88,not_found,Frutas y Verduras,shared_or_open,shared_cross_company,heuristic_category,pending_review,dictionary_candidate_shared,review_for_dictionary_mapping
5062,130,Lechuga Sangría,,Virtual Locations/Inventory adjustment,9.94,not_found,Frutas y Verduras,shared_or_open,shared_cross_company,heuristic_category,pending_review,dictionary_candidate_shared,review_for_dictionary_mapping
5063,130,Lechuga Sangría,,Virtual Locations/Scrap,0.17,not_found,Frutas y Verduras,shared_or_open,shared_cross_company,heuristic_category,pending_review,dictionary_candidate_shared,review_for_dictionary_mapping
5064,130,Lechuga Sangría,,FONDA/Existencias/Cocina,6.9,not_found,Frutas y Verduras,shared_or_open,shared_cross_company,heuristic_category,pending_review,dictionary_candidate_shared,review_for_dictionary_mapping
5065,130,Lechuga Sangría,,FONDA/Existencias/Cocina,4.34,not_found,Frutas y Verduras,shared_or_open,shared_cross_company,heuristic_category,pending_review,dictionary_candidate_shared,review_for_dictionary_mapping
5066,130,Lechuga Sangría,,FONDA/Existencias/Cocina,8.8,not_found,Frutas y Verduras,shared_or_open,shared_cross_company,heuristic_category,pending_review,dictionary_candidate_shared,review_for_dictionary_mapping
5067,130,Lechuga Sangría,,FAMAQ/Existencias/Cocina,2.84,not_found,Frutas y Verduras,shared_or_open,shared_cross_company,heuristic_category,pending_review,dictionary_candidate_shared,review_for_dictionary_mapping
5068,130,Lechuga Sangría,,TACOS/Existencias/Cocina,0.61,not_found,Frutas y Verduras,shared_or_open,shared_cross_company,heuristic_category,pending_review,dictionary_candidate_shared,review_for_dictionary_mapping
5069,130,Lechuga Sangría,,Virtual Locations/Inventory adjustment,-1.14,not_found,Frutas y Verduras,shared_or_open,shared_cross_company,heuristic_category,pending_review,dictionary_candidate_shared,review_for_dictionary_mapping
5070,130,Lechuga Sangría,,FACY/Existencias/Cocina,1.14,not_found,Frutas y Verduras,shared_or_open,shared_cross_company,heuristic_category,pending_review,dictionary_candidate_shared,review_for_dictionary_mapping
5071,134,Melon Chino,,Partners/Vendors,-8760.89,not_found,Frutas y Verduras,shared_or_open,shared_cross_company,heuristic_category,pending_review,dictionary_candidate_shared,review_for_dictionary_mapping
5072,134,Melon Chino,,Partners/Customers,6604.39,not_found,Frutas y Verduras,shared_or_open,shared_cross_company,heuristic_category,pending_review,dictionary_candidate_shared,review_for_dictionary_mapping
5073,134,Melon Chino,,Virtual Locations/Inter-company transit,1398.87,not_found,Frutas y Verduras,shared_or_open,shared_cross_company,heuristic_category,pending_review,dictionary_candidate_shared,review_for_dictionary_mapping
5074,134,Melon Chino,,Virtual Locations/Inventory adjustment,225.44,not_found,Frutas y Verduras,shared_or_open,shared_cross_company,heuristic_category,pending_review,dictionary_candidate_shared,review_for_dictionary_mapping
5075,134,Melon Chino,,Virtual Locations/Scrap,205.33,not_found,Frutas y Verduras,shared_or_open,shared_cross_company,heuristic_category,pending_review,dictionary_candidate_shared,review_for_dictionary_mapping
5076,134,Melon Chino,,Bodeg/Existencias,93.44,not_found,Frutas y Verduras,shared_or_open,shared_cross_company,heuristic_category,pending_review,dictionary_candidate_shared,review_for_dictionary_mapping
5077,134,Melon Chino,,Virtual Locations/Inventory adjustment,54.61,not_found,Frutas y Verduras,shared_or_open,shared_cross_company,heuristic_category,pending_review,dictionary_candidate_shared,review_for_dictionary_mapping
5078,134,Melon Chino,,Virtual Locations/Scrap,18.76,not_found,Frutas y Verduras,shared_or_open,shared_cross_company,heuristic_category,pending_review,dictionary_candidate_shared,review_for_dictionary_mapping
5079,134,Melon Chino,,Virtual Locations/Inventory adjustment,48.41,not_found,Frutas y Verduras,shared_or_open,shared_cross_company,heuristic_category,pending_review,dictionary_candidate_shared,review_for_dictionary_mapping
5080,134,Melon Chino,,Virtual Locations/Inventory adjustment,8.49,not_found,Frutas y Verduras,shared_or_open,shared_cross_company,heuristic_category,pending_review,dictionary_candidate_shared,review_for_dictionary_mapping
5081,134,Melon Chino,,Virtual Locations/Scrap,39.0,not_found,Frutas y Verduras,shared_or_open,shared_cross_company,heuristic_category,pending_review,dictionary_candidate_shared,review_for_dictionary_mapping
5082,134,Melon Chino,,Virtual Locations/Inventory adjustment,-3.11,not_found,Frutas y Verduras,shared_or_open,shared_cross_company,heuristic_category,pending_review,dictionary_candidate_shared,review_for_dictionary_mapping
5083,134,Melon Chino,,Virtual Locations/Inventory adjustment,11.77,not_found,Frutas y Verduras,shared_or_open,shared_cross_company,heuristic_category,pending_review,dictionary_candidate_shared,review_for_dictionary_mapping
5084,134,Melon Chino,,FONDA/Existencias/Bar,19.0,not_found,Frutas y Verduras,shared_or_open,shared_cross_company,heuristic_category,pending_review,dictionary_candidate_shared,review_for_dictionary_mapping
5085,134,Melon Chino,,FONDA/Existencias/Bar,5.38,not_found,Frutas y Verduras,shared_or_open,shared_cross_company,heuristic_category,pending_review,dictionary_candidate_shared,review_for_dictionary_mapping
5086,134,Melon Chino,,FAMAQ/Existencias/Bar,2.41,not_found,Frutas y Verduras,shared_or_open,shared_cross_company,heuristic_category,pending_review,dictionary_candidate_shared,review_for_dictionary_mapping
5087,134,Melon Chino,,TACOS/Existencias/Bar,1.14,not_found,Frutas y Verduras,shared_or_open,shared_cross_company,heuristic_category,pending_review,dictionary_candidate_shared,review_for_dictionary_mapping
5088,134,Melon Chino,,Virtual Locations/Inventory adjustment,-0.66,not_found,Frutas y Verduras,shared_or_open,shared_cross_company,heuristic_category,pending_review,dictionary_candidate_shared,review_for_dictionary_mapping
5089,134,Melon Chino,,FACY/Existencias/Bar,0.35,not_found,Frutas y Verduras,shared_or_open,shared_cross_company,heuristic_category,pending_review,dictionary_candidate_shared,review_for_dictionary_mapping
5090,136,Nopal,,Partners/Vendors,-2264.34,not_found,Frutas y Verduras,shared_or_open,shared_cross_company,heuristic_category,pending_review,dictionary_candidate_shared,review_for_dictionary_mapping
5091,136,Nopal,,Partners/Customers,1733.31,not_found,Frutas y Verduras,shared_or_open,shared_cross_company,heuristic_category,pending_review,dictionary_candidate_shared,review_for_dictionary_mapping
5092,136,Nopal,,Virtual Locations/Inter-company transit,311.24,not_found,Frutas y Verduras,shared_or_open,shared_cross_company,heuristic_category,pending_review,dictionary_candidate_shared,review_for_dictionary_mapping
5093,136,Nopal,,Virtual Locations/Inventory adjustment,108.24,not_found,Frutas y Verduras,shared_or_open,shared_cross_company,heuristic_category,pending_review,dictionary_candidate_shared,review_for_dictionary_mapping
5094,136,Nopal,,Virtual Locations/Production,28.0,not_found,Frutas y Verduras,shared_or_open,shared_cross_company,heuristic_category,pending_review,dictionary_candidate_shared,review_for_dictionary_mapping
5095,136,Nopal,,Virtual Locations/Scrap,65.02,not_found,Frutas y Verduras,shared_or_open,shared_cross_company,heuristic_category,pending_review,dictionary_candidate_shared,review_for_dictionary_mapping
5096,136,Nopal,,Bodeg/Existencias,19.0,not_found,Frutas y Verduras,shared_or_open,shared_cross_company,heuristic_category,pending_review,dictionary_candidate_shared,review_for_dictionary_mapping
5097,136,Nopal,,Virtual Locations/Inventory adjustment,1.87,not_found,Frutas y Verduras,shared_or_open,shared_cross_company,heuristic_category,pending_review,dictionary_candidate_shared,review_for_dictionary_mapping
5098,136,Nopal,,TACOS/Existencias/Parrilla,0.5,not_found,Frutas y Verduras,shared_or_open,shared_cross_company,heuristic_category,pending_review,dictionary_candidate_shared,review_for_dictionary_mapping
5099,137,Papa Blanca,,Partners/Vendors,-30831.31,not_found,Frutas y Verduras,shared_or_open,shared_cross_company,heuristic_category,pending_review,dictionary_candidate_shared,review_for_dictionary_mapping
5100,137,Papa Blanca,,Partners/Customers,23409.19,not_found,Frutas y Verduras,shared_or_open,shared_cross_company,heuristic_category,pending_review,dictionary_candidate_shared,review_for_dictionary_mapping
5101,137,Papa Blanca,,Virtual Locations/Inter-company transit,5134.14,not_found,Frutas y Verduras,shared_or_open,shared_cross_company,heuristic_category,pending_review,dictionary_candidate_shared,review_for_dictionary_mapping
5102,137,Papa Blanca,,Virtual Locations/Inventory adjustment,1687.87,not_found,Frutas y Verduras,shared_or_open,shared_cross_company,heuristic_category,pending_review,dictionary_candidate_shared,review_for_dictionary_mapping
5103,137,Papa Blanca,,Virtual Locations/Production,105.74,not_found,Frutas y Verduras,shared_or_open,shared_cross_company,heuristic_category,pending_review,dictionary_candidate_shared,review_for_dictionary_mapping
5104,137,Papa Blanca,,Virtual Locations/Scrap,207.06,not_found,Frutas y Verduras,shared_or_open,shared_cross_company,heuristic_category,pending_review,dictionary_candidate_shared,review_for_dictionary_mapping
5105,137,Papa Blanca,,Bodeg/Existencias,20.91,not_found,Frutas y Verduras,shared_or_open,shared_cross_company,heuristic_category,pending_review,dictionary_candidate_shared,review_for_dictionary_mapping
5106,137,Papa Blanca,,Virtual Locations/Inventory adjustment,-95.72,not_found,Frutas y Verduras,shared_or_open,shared_cross_company,heuristic_category,pending_review,dictionary_candidate_shared,review_for_dictionary_mapping
5107,137,Papa Blanca,,Virtual Locations/Scrap,0.4,not_found,Frutas y Verduras,shared_or_open,shared_cross_company,heuristic_category,pending_review,dictionary_candidate_shared,review_for_dictionary_mapping
5108,137,Papa Blanca,,Virtual Locations/Inventory adjustment,-26.39,not_found,Frutas y Verduras,shared_or_open,shared_cross_company,heuristic_category,pending_review,dictionary_candidate_shared,review_for_dictionary_mapping
5109,137,Papa Blanca,,Virtual Locations/Scrap,0.3,not_found,Frutas y Verduras,shared_or_open,shared_cross_company,heuristic_category,pending_review,dictionary_candidate_shared,review_for_dictionary_mapping
5110,137,Papa Blanca,,Virtual Locations/Inventory adjustment,43.91,not_found,Frutas y Verduras,shared_or_open,shared_cross_company,heuristic_category,pending_review,dictionary_candidate_shared,review_for_dictionary_mapping
5111,137,Papa Blanca,,Virtual Locations/Scrap,0.6,not_found,Frutas y Verduras,shared_or_open,shared_cross_company,heuristic_category,pending_review,dictionary_candidate_shared,review_for_dictionary_mapping
5112,137,Papa Blanca,,Virtual Locations/Inventory adjustment,-0.31,not_found,Frutas y Verduras,shared_or_open,shared_cross_company,heuristic_category,pending_review,dictionary_candidate_shared,review_for_dictionary_mapping
5113,137,Papa Blanca,,Virtual Locations/Inventory adjustment,39.81,not_found,Frutas y Verduras,shared_or_open,shared_cross_company,heuristic_category,pending_review,dictionary_candidate_shared,review_for_dictionary_mapping
5114,137,Papa Blanca,,Virtual Locations/Production,6.19,not_found,Frutas y Verduras,shared_or_open,shared_cross_company,heuristic_category,pending_review,dictionary_candidate_shared,review_for_dictionary_mapping
5115,137,Papa Blanca,,FONDA/Existencias/Cocina,22.5,not_found,Frutas y Verduras,shared_or_open,shared_cross_company,heuristic_category,pending_review,dictionary_candidate_shared,review_for_dictionary_mapping
5116,137,Papa Blanca,,FONDA/Existencias/Cocina,26.32,not_found,Frutas y Verduras,shared_or_open,shared_cross_company,heuristic_category,pending_review,dictionary_candidate_shared,review_for_dictionary_mapping
5117,137,Papa Blanca,,FONDA/Existencias/Cocina,34.29,not_found,Frutas y Verduras,shared_or_open,shared_cross_company,heuristic_category,pending_review,dictionary_candidate_shared,review_for_dictionary_mapping
5118,137,Papa Blanca,,FAMAQ/Existencias/Cocina,3.3,not_found,Frutas y Verduras,shared_or_open,shared_cross_company,heuristic_category,pending_review,dictionary_candidate_shared,review_for_dictionary_mapping
5119,139,Pepino,,Partners/Vendors,-743.97,not_found,Frutas y Verduras,shared_or_open,shared_cross_company,heuristic_category,pending_review,dictionary_candidate_shared,review_for_dictionary_mapping
5120,139,Pepino,,Partners/Customers,509.27,not_found,Frutas y Verduras,shared_or_open,shared_cross_company,heuristic_category,pending_review,dictionary_candidate_shared,review_for_dictionary_mapping
5121,139,Pepino,,Virtual Locations/Inter-company transit,109.6,not_found,Frutas y Verduras,shared_or_open,shared_cross_company,heuristic_category,pending_review,dictionary_candidate_shared,review_for_dictionary_mapping
5122,139,Pepino,,Virtual Locations/Inventory adjustment,47.05,not_found,Frutas y Verduras,shared_or_open,shared_cross_company,heuristic_category,pending_review,dictionary_candidate_shared,review_for_dictionary_mapping
5123,139,Pepino,,Virtual Locations/Scrap,54.41,not_found,Frutas y Verduras,shared_or_open,shared_cross_company,heuristic_category,pending_review,dictionary_candidate_shared,review_for_dictionary_mapping
5124,139,Pepino,,Bodeg/Existencias,4.78,not_found,Frutas y Verduras,shared_or_open,shared_cross_company,heuristic_category,pending_review,dictionary_candidate_shared,review_for_dictionary_mapping
5125,139,Pepino,,Virtual Locations/Inventory adjustment,7.63,not_found,Frutas y Verduras,shared_or_open,shared_cross_company,heuristic_category,pending_review,dictionary_candidate_shared,review_for_dictionary_mapping
5126,139,Pepino,,Virtual Locations/Inventory adjustment,6.2,not_found,Frutas y Verduras,shared_or_open,shared_cross_company,heuristic_category,pending_review,dictionary_candidate_shared,review_for_dictionary_mapping
5127,139,Pepino,,Virtual Locations/Inventory adjustment,-0.66,not_found,Frutas y Verduras,shared_or_open,shared_cross_company,heuristic_category,pending_review,dictionary_candidate_shared,review_for_dictionary_mapping
5128,139,Pepino,,FONDA/Existencias/Bar,0.78,not_found,Frutas y Verduras,shared_or_open,shared_cross_company,heuristic_category,pending_review,dictionary_candidate_shared,review_for_dictionary_mapping
5129,139,Pepino,,FONDA/Existencias/Bar,1.1,not_found,Frutas y Verduras,shared_or_open,shared_cross_company,heuristic_category,pending_review,dictionary_candidate_shared,review_for_dictionary_mapping
5130,139,Pepino,,FAMAQ/Existencias/Bar,0.66,not_found,Frutas y Verduras,shared_or_open,shared_cross_company,heuristic_category,pending_review,dictionary_candidate_shared,review_for_dictionary_mapping
5131,140,Pera Anjou,,Partners/Vendors,-9712.43,not_found,Frutas y Verduras,shared_or_open,shared_cross_company,heuristic_category,pending_review,dictionary_candidate_shared,review_for_dictionary_mapping
5132,140,Pera Anjou,,Partners/Customers,7299.16,not_found,Frutas y Verduras,shared_or_open,shared_cross_company,heuristic_category,pending_review,dictionary_candidate_shared,review_for_dictionary_mapping
5133,140,Pera Anjou,,Virtual Locations/Inter-company transit,1644.2,not_found,Frutas y Verduras,shared_or_open,shared_cross_company,heuristic_category,pending_review,dictionary_candidate_shared,review_for_dictionary_mapping
5134,140,Pera Anjou,,Virtual Locations/Inventory adjustment,462.11,not_found,Frutas y Verduras,shared_or_open,shared_cross_company,heuristic_category,pending_review,dictionary_candidate_shared,review_for_dictionary_mapping
5135,140,Pera Anjou,,Virtual Locations/Scrap,155.11,not_found,Frutas y Verduras,shared_or_open,shared_cross_company,heuristic_category,pending_review,dictionary_candidate_shared,review_for_dictionary_mapping
5136,140,Pera Anjou,,Bodeg/Existencias,27.4,not_found,Frutas y Verduras,shared_or_open,shared_cross_company,heuristic_category,pending_review,dictionary_candidate_shared,review_for_dictionary_mapping
5137,140,Pera Anjou,,Virtual Locations/Inventory adjustment,43.29,not_found,Frutas y Verduras,shared_or_open,shared_cross_company,heuristic_category,pending_review,dictionary_candidate_shared,review_for_dictionary_mapping
5138,140,Pera Anjou,,Virtual Locations/Scrap,21.8,not_found,Frutas y Verduras,shared_or_open,shared_cross_company,heuristic_category,pending_review,dictionary_candidate_shared,review_for_dictionary_mapping
5139,140,Pera Anjou,,Virtual Locations/Inventory adjustment,15.44,not_found,Frutas y Verduras,shared_or_open,shared_cross_company,heuristic_category,pending_review,dictionary_candidate_shared,review_for_dictionary_mapping
5140,140,Pera Anjou,,Virtual Locations/Scrap,0.47,not_found,Frutas y Verduras,shared_or_open,shared_cross_company,heuristic_category,pending_review,dictionary_candidate_shared,review_for_dictionary_mapping
5141,140,Pera Anjou,,Virtual Locations/Inventory adjustment,-17.38,not_found,Frutas y Verduras,shared_or_open,shared_cross_company,heuristic_category,pending_review,dictionary_candidate_shared,review_for_dictionary_mapping
5142,140,Pera Anjou,,Virtual Locations/Scrap,35.25,not_found,Frutas y Verduras,shared_or_open,shared_cross_company,heuristic_category,pending_review,dictionary_candidate_shared,review_for_dictionary_mapping
5143,140,Pera Anjou,,Virtual Locations/Inventory adjustment,-1.95,not_found,Frutas y Verduras,shared_or_open,shared_cross_company,heuristic_category,pending_review,dictionary_candidate_shared,review_for_dictionary_mapping
5144,140,Pera Anjou,,Virtual Locations/Inventory adjustment,-9.87,not_found,Frutas y Verduras,shared_or_open,shared_cross_company,heuristic_category,pending_review,dictionary_candidate_shared,review_for_dictionary_mapping
5145,140,Pera Anjou,,FONDA/Existencias/Cocina,11.1,not_found,Frutas y Verduras,shared_or_open,shared_cross_company,heuristic_category,pending_review,dictionary_candidate_shared,review_for_dictionary_mapping
5146,140,Pera Anjou,,FONDA/Existencias/Cocina,3.93,not_found,Frutas y Verduras,shared_or_open,shared_cross_company,heuristic_category,pending_review,dictionary_candidate_shared,review_for_dictionary_mapping
5147,140,Pera Anjou,,FONDA/Existencias/Cocina,3.08,not_found,Frutas y Verduras,shared_or_open,shared_cross_company,heuristic_category,pending_review,dictionary_candidate_shared,review_for_dictionary_mapping
5148,140,Pera Anjou,,FAMAQ/Existencias/Cocina,0.61,not_found,Frutas y Verduras,shared_or_open,shared_cross_company,heuristic_category,pending_review,dictionary_candidate_shared,review_for_dictionary_mapping
5149,140,Pera Anjou,,TACOS/Existencias/Cocina,1.52,not_found,Frutas y Verduras,shared_or_open,shared_cross_company,heuristic_category,pending_review,dictionary_candidate_shared,review_for_dictionary_mapping
5150,140,Pera Anjou,,Virtual Locations/Inventory adjustment,-2.16,not_found,Frutas y Verduras,shared_or_open,shared_cross_company,heuristic_category,pending_review,dictionary_candidate_shared,review_for_dictionary_mapping
5151,140,Pera Anjou,,FACY/Existencias/Cocina,2.16,not_found,Frutas y Verduras,shared_or_open,shared_cross_company,heuristic_category,pending_review,dictionary_candidate_shared,review_for_dictionary_mapping
5152,141,Perejil,,Partners/Vendors,-27790.27,not_found,Frutas y Verduras,shared_or_open,shared_cross_company,heuristic_category,pending_review,dictionary_candidate_shared,review_for_dictionary_mapping
5153,141,Perejil,,Partners/Customers,316.48,not_found,Frutas y Verduras,shared_or_open,shared_cross_company,heuristic_category,pending_review,dictionary_candidate_shared,review_for_dictionary_mapping
5154,141,Perejil,,Virtual Locations/Inter-company transit,26.56,not_found,Frutas y Verduras,shared_or_open,shared_cross_company,heuristic_category,pending_review,dictionary_candidate_shared,review_for_dictionary_mapping
5155,141,Perejil,,Virtual Locations/Inventory adjustment,723.46,not_found,Frutas y Verduras,shared_or_open,shared_cross_company,heuristic_category,pending_review,dictionary_candidate_shared,review_for_dictionary_mapping
5156,141,Perejil,,Virtual Locations/Production,25856.25,not_found,Frutas y Verduras,shared_or_open,shared_cross_company,heuristic_category,pending_review,dictionary_candidate_shared,review_for_dictionary_mapping
5157,141,Perejil,,Virtual Locations/Scrap,165.26,not_found,Frutas y Verduras,shared_or_open,shared_cross_company,heuristic_category,pending_review,dictionary_candidate_shared,review_for_dictionary_mapping
5158,141,Perejil,,Bodeg/Existencias,431.46,not_found,Frutas y Verduras,shared_or_open,shared_cross_company,heuristic_category,pending_review,dictionary_candidate_shared,review_for_dictionary_mapping
5159,141,Perejil,,Bodeg/Panadería y pastelería,190.0,not_found,Frutas y Verduras,shared_or_open,shared_cross_company,heuristic_category,pending_review,dictionary_candidate_shared,review_for_dictionary_mapping
5160,141,Perejil,,Virtual Locations/Inventory adjustment,7.14,not_found,Frutas y Verduras,shared_or_open,shared_cross_company,heuristic_category,pending_review,dictionary_candidate_shared,review_for_dictionary_mapping
5161,141,Perejil,,Virtual Locations/Scrap,0.01,not_found,Frutas y Verduras,shared_or_open,shared_cross_company,heuristic_category,pending_review,dictionary_candidate_shared,review_for_dictionary_mapping
5162,141,Perejil,,Virtual Locations/Inventory adjustment,-0.27,not_found,Frutas y Verduras,shared_or_open,shared_cross_company,heuristic_category,pending_review,dictionary_candidate_shared,review_for_dictionary_mapping
5163,141,Perejil,,Virtual Locations/Inventory adjustment,5.0,not_found,Frutas y Verduras,shared_or_open,shared_cross_company,heuristic_category,pending_review,dictionary_candidate_shared,review_for_dictionary_mapping
5164,141,Perejil,,Virtual Locations/Inventory adjustment,16.5,not_found,Frutas y Verduras,shared_or_open,shared_cross_company,heuristic_category,pending_review,dictionary_candidate_shared,review_for_dictionary_mapping
5165,141,Perejil,,FONDA/Existencias/Cocina,1.2,not_found,Frutas y Verduras,shared_or_open,shared_cross_company,heuristic_category,pending_review,dictionary_candidate_shared,review_for_dictionary_mapping
5166,141,Perejil,,Virtual Locations/Inventory adjustment,-0.5,not_found,Frutas y Verduras,shared_or_open,shared_cross_company,heuristic_category,pending_review,dictionary_candidate_shared,review_for_dictionary_mapping
5167,141,Perejil,,FACY/Existencias/Cocina,0.5,not_found,Frutas y Verduras,shared_or_open,shared_cross_company,heuristic_category,pending_review,dictionary_candidate_shared,review_for_dictionary_mapping
5168,142,Pimiento Morrón Rojo,,Partners/Vendors,-5672.59,not_found,Frutas y Verduras,shared_or_open,shared_cross_company,heuristic_category,pending_review,dictionary_candidate_shared,review_for_dictionary_mapping
5169,142,Pimiento Morrón Rojo,,Partners/Customers,3772.42,not_found,Frutas y Verduras,shared_or_open,shared_cross_company,heuristic_category,pending_review,dictionary_candidate_shared,review_for_dictionary_mapping
5170,142,Pimiento Morrón Rojo,,Virtual Locations/Inter-company transit,1156.99,not_found,Frutas y Verduras,shared_or_open,shared_cross_company,heuristic_category,pending_review,dictionary_candidate_shared,review_for_dictionary_mapping
5171,142,Pimiento Morrón Rojo,,Virtual Locations/Inventory adjustment,434.03,not_found,Frutas y Verduras,shared_or_open,shared_cross_company,heuristic_category,pending_review,dictionary_candidate_shared,review_for_dictionary_mapping
5172,142,Pimiento Morrón Rojo,,Virtual Locations/Production,95.55,not_found,Frutas y Verduras,shared_or_open,shared_cross_company,heuristic_category,pending_review,dictionary_candidate_shared,review_for_dictionary_mapping
5173,142,Pimiento Morrón Rojo,,Virtual Locations/Scrap,63.31,not_found,Frutas y Verduras,shared_or_open,shared_cross_company,heuristic_category,pending_review,dictionary_candidate_shared,review_for_dictionary_mapping
5174,142,Pimiento Morrón Rojo,,Bodeg/Existencias,117.08,not_found,Frutas y Verduras,shared_or_open,shared_cross_company,heuristic_category,pending_review,dictionary_candidate_shared,review_for_dictionary_mapping
5175,142,Pimiento Morrón Rojo,,Virtual Locations/Inventory adjustment,0.02,not_found,Frutas y Verduras,shared_or_open,shared_cross_company,heuristic_category,pending_review,dictionary_candidate_shared,review_for_dictionary_mapping
5176,142,Pimiento Morrón Rojo,,Virtual Locations/Scrap,3.85,not_found,Frutas y Verduras,shared_or_open,shared_cross_company,heuristic_category,pending_review,dictionary_candidate_shared,review_for_dictionary_mapping
5177,142,Pimiento Morrón Rojo,,Virtual Locations/Inventory adjustment,4.12,not_found,Frutas y Verduras,shared_or_open,shared_cross_company,heuristic_category,pending_review,dictionary_candidate_shared,review_for_dictionary_mapping
5178,142,Pimiento Morrón Rojo,,Virtual Locations/Scrap,0.44,not_found,Frutas y Verduras,shared_or_open,shared_cross_company,heuristic_category,pending_review,dictionary_candidate_shared,review_for_dictionary_mapping
5179,142,Pimiento Morrón Rojo,,Virtual Locations/Inventory adjustment,-15.88,not_found,Frutas y Verduras,shared_or_open,shared_cross_company,heuristic_category,pending_review,dictionary_candidate_shared,review_for_dictionary_mapping
5180,142,Pimiento Morrón Rojo,,Virtual Locations/Scrap,4.26,not_found,Frutas y Verduras,shared_or_open,shared_cross_company,heuristic_category,pending_review,dictionary_candidate_shared,review_for_dictionary_mapping
5181,142,Pimiento Morrón Rojo,,Virtual Locations/Inventory adjustment,-2.54,not_found,Frutas y Verduras,shared_or_open,shared_cross_company,heuristic_category,pending_review,dictionary_candidate_shared,review_for_dictionary_mapping
5182,142,Pimiento Morrón Rojo,,Virtual Locations/Inventory adjustment,3.83,not_found,Frutas y Verduras,shared_or_open,shared_cross_company,heuristic_category,pending_review,dictionary_candidate_shared,review_for_dictionary_mapping
5183,142,Pimiento Morrón Rojo,,FONDA/Existencias/Cocina,1.77,not_found,Frutas y Verduras,shared_or_open,shared_cross_company,heuristic_category,pending_review,dictionary_candidate_shared,review_for_dictionary_mapping
5184,142,Pimiento Morrón Rojo,,FAMAQ/Existencias/Cocina,3.24,not_found,Frutas y Verduras,shared_or_open,shared_cross_company,heuristic_category,pending_review,dictionary_candidate_shared,review_for_dictionary_mapping
5185,142,Pimiento Morrón Rojo,,FAMAQ/Existencias/Parrilla,0.04,not_found,Frutas y Verduras,shared_or_open,shared_cross_company,heuristic_category,pending_review,dictionary_candidate_shared,review_for_dictionary_mapping
5186,142,Pimiento Morrón Rojo,,TACOS/Existencias/Parrilla,1.75,not_found,Frutas y Verduras,shared_or_open,shared_cross_company,heuristic_category,pending_review,dictionary_candidate_shared,review_for_dictionary_mapping
5187,142,Pimiento Morrón Rojo,,Virtual Locations/Inventory adjustment,-0.08,not_found,Frutas y Verduras,shared_or_open,shared_cross_company,heuristic_category,pending_review,dictionary_candidate_shared,review_for_dictionary_mapping
5188,143,Pimiento Morrón Verde,,Partners/Vendors,-2671.1,not_found,Frutas y Verduras,shared_or_open,shared_cross_company,heuristic_category,pending_review,dictionary_candidate_shared,review_for_dictionary_mapping
5189,143,Pimiento Morrón Verde,,Partners/Customers,1318.11,not_found,Frutas y Verduras,shared_or_open,shared_cross_company,heuristic_category,pending_review,dictionary_candidate_shared,review_for_dictionary_mapping
5190,143,Pimiento Morrón Verde,,Virtual Locations/Inter-company transit,369.68,not_found,Frutas y Verduras,shared_or_open,shared_cross_company,heuristic_category,pending_review,dictionary_candidate_shared,review_for_dictionary_mapping
5191,143,Pimiento Morrón Verde,,Virtual Locations/Inventory adjustment,161.08,not_found,Frutas y Verduras,shared_or_open,shared_cross_company,heuristic_category,pending_review,dictionary_candidate_shared,review_for_dictionary_mapping
5192,143,Pimiento Morrón Verde,,Virtual Locations/Production,40.93,not_found,Frutas y Verduras,shared_or_open,shared_cross_company,heuristic_category,pending_review,dictionary_candidate_shared,review_for_dictionary_mapping
5193,143,Pimiento Morrón Verde,,Virtual Locations/Scrap,39.94,not_found,Frutas y Verduras,shared_or_open,shared_cross_company,heuristic_category,pending_review,dictionary_candidate_shared,review_for_dictionary_mapping
5194,143,Pimiento Morrón Verde,,Bodeg/Existencias,128.68,not_found,Frutas y Verduras,shared_or_open,shared_cross_company,heuristic_category,pending_review,dictionary_candidate_shared,review_for_dictionary_mapping
5195,143,Pimiento Morrón Verde,,Virtual Locations/Inventory adjustment,300.0,not_found,Frutas y Verduras,shared_or_open,shared_cross_company,heuristic_category,pending_review,dictionary_candidate_shared,review_for_dictionary_mapping
5196,143,Pimiento Morrón Verde,,Virtual Locations/Production,282.0,not_found,Frutas y Verduras,shared_or_open,shared_cross_company,heuristic_category,pending_review,dictionary_candidate_shared,review_for_dictionary_mapping
5197,143,Pimiento Morrón Verde,,Virtual Locations/Inventory adjustment,1.32,not_found,Frutas y Verduras,shared_or_open,shared_cross_company,heuristic_category,pending_review,dictionary_candidate_shared,review_for_dictionary_mapping
5198,143,Pimiento Morrón Verde,,Virtual Locations/Inventory adjustment,-4.62,not_found,Frutas y Verduras,shared_or_open,shared_cross_company,heuristic_category,pending_review,dictionary_candidate_shared,review_for_dictionary_mapping
5199,143,Pimiento Morrón Verde,,Virtual Locations/Inventory adjustment,-3.25,not_found,Frutas y Verduras,shared_or_open,shared_cross_company,heuristic_category,pending_review,dictionary_candidate_shared,review_for_dictionary_mapping
5200,143,Pimiento Morrón Verde,,Virtual Locations/Inventory adjustment,17.96,not_found,Frutas y Verduras,shared_or_open,shared_cross_company,heuristic_category,pending_review,dictionary_candidate_shared,review_for_dictionary_mapping
5201,143,Pimiento Morrón Verde,,FONDA/Existencias/Cocina,1.6,not_found,Frutas y Verduras,shared_or_open,shared_cross_company,heuristic_category,pending_review,dictionary_candidate_shared,review_for_dictionary_mapping
5202,143,Pimiento Morrón Verde,,FONDA/Existencias/Cocina,0.9,not_found,Frutas y Verduras,shared_or_open,shared_cross_company,heuristic_category,pending_review,dictionary_candidate_shared,review_for_dictionary_mapping
5203,143,Pimiento Morrón Verde,,FONDA/Existencias/Cocina,4.55,not_found,Frutas y Verduras,shared_or_open,shared_cross_company,heuristic_category,pending_review,dictionary_candidate_shared,review_for_dictionary_mapping
5204,143,Pimiento Morrón Verde,,TACOS/Existencias/Parrilla,0.3,not_found,Frutas y Verduras,shared_or_open,shared_cross_company,heuristic_category,pending_review,dictionary_candidate_shared,review_for_dictionary_mapping
5205,145,Poro,,Partners/Vendors,-2828.49,not_found,Frutas y Verduras,shared_or_open,shared_cross_company,heuristic_category,pending_review,dictionary_candidate_shared,review_for_dictionary_mapping
5206,145,Poro,,Partners/Customers,1939.49,not_found,Frutas y Verduras,shared_or_open,shared_cross_company,heuristic_category,pending_review,dictionary_candidate_shared,review_for_dictionary_mapping
5207,145,Poro,,Virtual Locations/Inter-company transit,437.7,not_found,Frutas y Verduras,shared_or_open,shared_cross_company,heuristic_category,pending_review,dictionary_candidate_shared,review_for_dictionary_mapping
5208,145,Poro,,Virtual Locations/Inventory adjustment,202.37,not_found,Frutas y Verduras,shared_or_open,shared_cross_company,heuristic_category,pending_review,dictionary_candidate_shared,review_for_dictionary_mapping
5209,145,Poro,,Virtual Locations/Scrap,77.79,not_found,Frutas y Verduras,shared_or_open,shared_cross_company,heuristic_category,pending_review,dictionary_candidate_shared,review_for_dictionary_mapping
5210,145,Poro,,Bodeg/Existencias,27.94,not_found,Frutas y Verduras,shared_or_open,shared_cross_company,heuristic_category,pending_review,dictionary_candidate_shared,review_for_dictionary_mapping
5211,145,Poro,,Virtual Locations/Inventory adjustment,35.91,not_found,Frutas y Verduras,shared_or_open,shared_cross_company,heuristic_category,pending_review,dictionary_candidate_shared,review_for_dictionary_mapping
5212,145,Poro,,Virtual Locations/Production,21.35,not_found,Frutas y Verduras,shared_or_open,shared_cross_company,heuristic_category,pending_review,dictionary_candidate_shared,review_for_dictionary_mapping
5213,145,Poro,,Virtual Locations/Inventory adjustment,6.33,not_found,Frutas y Verduras,shared_or_open,shared_cross_company,heuristic_category,pending_review,dictionary_candidate_shared,review_for_dictionary_mapping
5214,145,Poro,,Virtual Locations/Production,4.91,not_found,Frutas y Verduras,shared_or_open,shared_cross_company,heuristic_category,pending_review,dictionary_candidate_shared,review_for_dictionary_mapping
5215,145,Poro,,Virtual Locations/Inventory adjustment,1.09,not_found,Frutas y Verduras,shared_or_open,shared_cross_company,heuristic_category,pending_review,dictionary_candidate_shared,review_for_dictionary_mapping
5216,145,Poro,,FONDA/Existencias/Cocina,1.79,not_found,Frutas y Verduras,shared_or_open,shared_cross_company,heuristic_category,pending_review,dictionary_candidate_shared,review_for_dictionary_mapping
5217,145,Poro,,FONDA/Existencias/Cocina,2.86,not_found,Frutas y Verduras,shared_or_open,shared_cross_company,heuristic_category,pending_review,dictionary_candidate_shared,review_for_dictionary_mapping
5218,145,Poro,,FAMAQ/Existencias/Cocina,4.03,not_found,Frutas y Verduras,shared_or_open,shared_cross_company,heuristic_category,pending_review,dictionary_candidate_shared,review_for_dictionary_mapping
5219,146,Hongo Portobello,,Partners/Vendors,-3513.9,not_found,Frutas y Verduras,shared_or_open,shared_cross_company,heuristic_category,pending_review,dictionary_candidate_shared,review_for_dictionary_mapping
5220,146,Hongo Portobello,,Partners/Customers,2683.15,not_found,Frutas y Verduras,shared_or_open,shared_cross_company,heuristic_category,pending_review,dictionary_candidate_shared,review_for_dictionary_mapping
5221,146,Hongo Portobello,,Virtual Locations/Inter-company transit,592.4,not_found,Frutas y Verduras,shared_or_open,shared_cross_company,heuristic_category,pending_review,dictionary_candidate_shared,review_for_dictionary_mapping
5222,146,Hongo Portobello,,Virtual Locations/Inventory adjustment,186.29,not_found,Frutas y Verduras,shared_or_open,shared_cross_company,heuristic_category,pending_review,dictionary_candidate_shared,review_for_dictionary_mapping
5223,146,Hongo Portobello,,Virtual Locations/Scrap,12.5,not_found,Frutas y Verduras,shared_or_open,shared_cross_company,heuristic_category,pending_review,dictionary_candidate_shared,review_for_dictionary_mapping
5224,146,Hongo Portobello,,Bodeg/Existencias,22.94,not_found,Frutas y Verduras,shared_or_open,shared_cross_company,heuristic_category,pending_review,dictionary_candidate_shared,review_for_dictionary_mapping
5225,146,Hongo Portobello,,Virtual Locations/Inventory adjustment,-11.7,not_found,Frutas y Verduras,shared_or_open,shared_cross_company,heuristic_category,pending_review,dictionary_candidate_shared,review_for_dictionary_mapping
5226,146,Hongo Portobello,,Virtual Locations/Inventory adjustment,-0.15,not_found,Frutas y Verduras,shared_or_open,shared_cross_company,heuristic_category,pending_review,dictionary_candidate_shared,review_for_dictionary_mapping
5227,146,Hongo Portobello,,Virtual Locations/Scrap,0.26,not_found,Frutas y Verduras,shared_or_open,shared_cross_company,heuristic_category,pending_review,dictionary_candidate_shared,review_for_dictionary_mapping
5228,146,Hongo Portobello,,Virtual Locations/Inventory adjustment,4.4,not_found,Frutas y Verduras,shared_or_open,shared_cross_company,heuristic_category,pending_review,dictionary_candidate_shared,review_for_dictionary_mapping
5229,146,Hongo Portobello,,Virtual Locations/Scrap,5.0,not_found,Frutas y Verduras,shared_or_open,shared_cross_company,heuristic_category,pending_review,dictionary_candidate_shared,review_for_dictionary_mapping
5230,146,Hongo Portobello,,Virtual Locations/Inventory adjustment,-1.93,not_found,Frutas y Verduras,shared_or_open,shared_cross_company,heuristic_category,pending_review,dictionary_candidate_shared,review_for_dictionary_mapping
5231,146,Hongo Portobello,,FONDA/Existencias/Cocina,2.44,not_found,Frutas y Verduras,shared_or_open,shared_cross_company,heuristic_category,pending_review,dictionary_candidate_shared,review_for_dictionary_mapping
5232,146,Hongo Portobello,,FONDA/Existencias/Cocina,3.6,not_found,Frutas y Verduras,shared_or_open,shared_cross_company,heuristic_category,pending_review,dictionary_candidate_shared,review_for_dictionary_mapping
5233,146,Hongo Portobello,,FONDA/Existencias/Parrilla,3.0,not_found,Frutas y Verduras,shared_or_open,shared_cross_company,heuristic_category,pending_review,dictionary_candidate_shared,review_for_dictionary_mapping
5234,146,Hongo Portobello,,Virtual Locations/Inventory adjustment,-1.52,not_found,Frutas y Verduras,shared_or_open,shared_cross_company,heuristic_category,pending_review,dictionary_candidate_shared,review_for_dictionary_mapping
5235,146,Hongo Portobello,,FACY/Existencias/Parrilla,1.42,not_found,Frutas y Verduras,shared_or_open,shared_cross_company,heuristic_category,pending_review,dictionary_candidate_shared,review_for_dictionary_mapping
5236,147,Romero,,Partners/Vendors,-42.45,not_found,Frutas y Verduras,shared_or_open,shared_cross_company,heuristic_category,pending_review,dictionary_candidate_shared,review_for_dictionary_mapping
5237,147,Romero,,Partners/Customers,25.08,not_found,Frutas y Verduras,shared_or_open,shared_cross_company,heuristic_category,pending_review,dictionary_candidate_shared,review_for_dictionary_mapping
5238,147,Romero,,Virtual Locations/Inter-company transit,8.34,not_found,Frutas y Verduras,shared_or_open,shared_cross_company,heuristic_category,pending_review,dictionary_candidate_shared,review_for_dictionary_mapping
5239,147,Romero,,Virtual Locations/Inventory adjustment,2.46,not_found,Frutas y Verduras,shared_or_open,shared_cross_company,heuristic_category,pending_review,dictionary_candidate_shared,review_for_dictionary_mapping
5240,147,Romero,,Virtual Locations/Production,0.24,not_found,Frutas y Verduras,shared_or_open,shared_cross_company,heuristic_category,pending_review,dictionary_candidate_shared,review_for_dictionary_mapping
5241,147,Romero,,Virtual Locations/Scrap,4.35,not_found,Frutas y Verduras,shared_or_open,shared_cross_company,heuristic_category,pending_review,dictionary_candidate_shared,review_for_dictionary_mapping
5242,147,Romero,,Bodeg/Existencias,0.53,not_found,Frutas y Verduras,shared_or_open,shared_cross_company,heuristic_category,pending_review,dictionary_candidate_shared,review_for_dictionary_mapping
5243,147,Romero,,Virtual Locations/Inventory adjustment,0.8,not_found,Frutas y Verduras,shared_or_open,shared_cross_company,heuristic_category,pending_review,dictionary_candidate_shared,review_for_dictionary_mapping
5244,147,Romero,,Virtual Locations/Inventory adjustment,0.05,not_found,Frutas y Verduras,shared_or_open,shared_cross_company,heuristic_category,pending_review,dictionary_candidate_shared,review_for_dictionary_mapping
5245,147,Romero,,Virtual Locations/Scrap,0.1,not_found,Frutas y Verduras,shared_or_open,shared_cross_company,heuristic_category,pending_review,dictionary_candidate_shared,review_for_dictionary_mapping
5246,149,Tomate Verde Limpio,,Partners/Vendors,-4263.58,not_found,Frutas y Verduras,shared_or_open,shared_cross_company,heuristic_category,pending_review,dictionary_candidate_shared,review_for_dictionary_mapping
5247,149,Tomate Verde Limpio,,Partners/Customers,3183.55,not_found,Frutas y Verduras,shared_or_open,shared_cross_company,heuristic_category,pending_review,dictionary_candidate_shared,review_for_dictionary_mapping
5248,149,Tomate Verde Limpio,,Virtual Locations/Inter-company transit,237.35,not_found,Frutas y Verduras,shared_or_open,shared_cross_company,heuristic_category,pending_review,dictionary_candidate_shared,review_for_dictionary_mapping
5249,149,Tomate Verde Limpio,,Virtual Locations/Inventory adjustment,12.65,not_found,Frutas y Verduras,shared_or_open,shared_cross_company,heuristic_category,pending_review,dictionary_candidate_shared,review_for_dictionary_mapping
5250,149,Tomate Verde Limpio,,Virtual Locations/Production,646.14,not_found,Frutas y Verduras,shared_or_open,shared_cross_company,heuristic_category,pending_review,dictionary_candidate_shared,review_for_dictionary_mapping
5251,149,Tomate Verde Limpio,,Virtual Locations/Scrap,70.84,not_found,Frutas y Verduras,shared_or_open,shared_cross_company,heuristic_category,pending_review,dictionary_candidate_shared,review_for_dictionary_mapping
5252,149,Tomate Verde Limpio,,Bodeg/Panadería y pastelería,0.05,not_found,Frutas y Verduras,shared_or_open,shared_cross_company,heuristic_category,pending_review,dictionary_candidate_shared,review_for_dictionary_mapping
5253,149,Tomate Verde Limpio,,Virtual Locations/Inventory adjustment,49.0,not_found,Frutas y Verduras,shared_or_open,shared_cross_company,heuristic_category,pending_review,dictionary_candidate_shared,review_for_dictionary_mapping
5254,149,Tomate Verde Limpio,,Virtual Locations/Production,15.0,not_found,Frutas y Verduras,shared_or_open,shared_cross_company,heuristic_category,pending_review,dictionary_candidate_shared,review_for_dictionary_mapping
5255,151,Zanahoria Mediana,,Partners/Vendors,-8098.09,not_found,Frutas y Verduras,shared_or_open,shared_cross_company,heuristic_category,pending_review,dictionary_candidate_shared,review_for_dictionary_mapping
5256,151,Zanahoria Mediana,,Partners/Customers,5808.08,not_found,Frutas y Verduras,shared_or_open,shared_cross_company,heuristic_category,pending_review,dictionary_candidate_shared,review_for_dictionary_mapping
5257,151,Zanahoria Mediana,,Virtual Locations/Inter-company transit,1419.69,not_found,Frutas y Verduras,shared_or_open,shared_cross_company,heuristic_category,pending_review,dictionary_candidate_shared,review_for_dictionary_mapping
5258,151,Zanahoria Mediana,,Virtual Locations/Inventory adjustment,499.5,not_found,Frutas y Verduras,shared_or_open,shared_cross_company,heuristic_category,pending_review,dictionary_candidate_shared,review_for_dictionary_mapping
5259,151,Zanahoria Mediana,,Virtual Locations/Production,16.12,not_found,Frutas y Verduras,shared_or_open,shared_cross_company,heuristic_category,pending_review,dictionary_candidate_shared,review_for_dictionary_mapping
5260,151,Zanahoria Mediana,,Virtual Locations/Scrap,70.0,not_found,Frutas y Verduras,shared_or_open,shared_cross_company,heuristic_category,pending_review,dictionary_candidate_shared,review_for_dictionary_mapping
5261,151,Zanahoria Mediana,,Bodeg/Existencias,47.04,not_found,Frutas y Verduras,shared_or_open,shared_cross_company,heuristic_category,pending_review,dictionary_candidate_shared,review_for_dictionary_mapping
5262,151,Zanahoria Mediana,,Virtual Locations/Inventory adjustment,13.26,not_found,Frutas y Verduras,shared_or_open,shared_cross_company,heuristic_category,pending_review,dictionary_candidate_shared,review_for_dictionary_mapping
5263,151,Zanahoria Mediana,,Virtual Locations/Production,23.73,not_found,Frutas y Verduras,shared_or_open,shared_cross_company,heuristic_category,pending_review,dictionary_candidate_shared,review_for_dictionary_mapping
5264,151,Zanahoria Mediana,,Virtual Locations/Scrap,17.85,not_found,Frutas y Verduras,shared_or_open,shared_cross_company,heuristic_category,pending_review,dictionary_candidate_shared,review_for_dictionary_mapping
5265,151,Zanahoria Mediana,,Virtual Locations/Inventory adjustment,21.66,not_found,Frutas y Verduras,shared_or_open,shared_cross_company,heuristic_category,pending_review,dictionary_candidate_shared,review_for_dictionary_mapping
5266,151,Zanahoria Mediana,,Virtual Locations/Production,4.91,not_found,Frutas y Verduras,shared_or_open,shared_cross_company,heuristic_category,pending_review,dictionary_candidate_shared,review_for_dictionary_mapping
5267,151,Zanahoria Mediana,,Virtual Locations/Scrap,1.03,not_found,Frutas y Verduras,shared_or_open,shared_cross_company,heuristic_category,pending_review,dictionary_candidate_shared,review_for_dictionary_mapping
5268,151,Zanahoria Mediana,,Virtual Locations/Inventory adjustment,29.5,not_found,Frutas y Verduras,shared_or_open,shared_cross_company,heuristic_category,pending_review,dictionary_candidate_shared,review_for_dictionary_mapping
5269,151,Zanahoria Mediana,,Virtual Locations/Production,26.65,not_found,Frutas y Verduras,shared_or_open,shared_cross_company,heuristic_category,pending_review,dictionary_candidate_shared,review_for_dictionary_mapping
5270,151,Zanahoria Mediana,,Virtual Locations/Scrap,10.46,not_found,Frutas y Verduras,shared_or_open,shared_cross_company,heuristic_category,pending_review,dictionary_candidate_shared,review_for_dictionary_mapping
5271,151,Zanahoria Mediana,,Virtual Locations/Inventory adjustment,-1.42,not_found,Frutas y Verduras,shared_or_open,shared_cross_company,heuristic_category,pending_review,dictionary_candidate_shared,review_for_dictionary_mapping
5272,151,Zanahoria Mediana,,Virtual Locations/Inventory adjustment,0.72,not_found,Frutas y Verduras,shared_or_open,shared_cross_company,heuristic_category,pending_review,dictionary_candidate_shared,review_for_dictionary_mapping
5273,151,Zanahoria Mediana,,Virtual Locations/Production,3.63,not_found,Frutas y Verduras,shared_or_open,shared_cross_company,heuristic_category,pending_review,dictionary_candidate_shared,review_for_dictionary_mapping
5274,151,Zanahoria Mediana,,FONDA/Existencias/Cocina,5.0,not_found,Frutas y Verduras,shared_or_open,shared_cross_company,heuristic_category,pending_review,dictionary_candidate_shared,review_for_dictionary_mapping
5275,151,Zanahoria Mediana,,FONDA/Existencias/Cocina,3.68,not_found,Frutas y Verduras,shared_or_open,shared_cross_company,heuristic_category,pending_review,dictionary_candidate_shared,review_for_dictionary_mapping
5276,151,Zanahoria Mediana,,FONDA/Existencias/Cocina,10.49,not_found,Frutas y Verduras,shared_or_open,shared_cross_company,heuristic_category,pending_review,dictionary_candidate_shared,review_for_dictionary_mapping
5277,151,Zanahoria Mediana,,FAMAQ/Existencias/Cocina,1.74,not_found,Frutas y Verduras,shared_or_open,shared_cross_company,heuristic_category,pending_review,dictionary_candidate_shared,review_for_dictionary_mapping
5278,151,Zanahoria Mediana,,FAMAQ/Existencias/Parrilla,0.42,not_found,Frutas y Verduras,shared_or_open,shared_cross_company,heuristic_category,pending_review,dictionary_candidate_shared,review_for_dictionary_mapping
5279,151,Zanahoria Mediana,,TACOS/Existencias/Cocina,0.25,not_found,Frutas y Verduras,shared_or_open,shared_cross_company,heuristic_category,pending_review,dictionary_candidate_shared,review_for_dictionary_mapping
5280,151,Zanahoria Mediana,,Virtual Locations/Inventory adjustment,-3.45,not_found,Frutas y Verduras,shared_or_open,shared_cross_company,heuristic_category,pending_review,dictionary_candidate_shared,review_for_dictionary_mapping
5281,151,Zanahoria Mediana,,FACY/Existencias/Cocina,1.6,not_found,Frutas y Verduras,shared_or_open,shared_cross_company,heuristic_category,pending_review,dictionary_candidate_shared,review_for_dictionary_mapping
5282,151,Zanahoria Mediana,,FACY/Existencias/Parrilla,1.75,not_found,Frutas y Verduras,shared_or_open,shared_cross_company,heuristic_category,pending_review,dictionary_candidate_shared,review_for_dictionary_mapping
5283,153,Ate de Tejocote caja 6 kg,,Partners/Vendors,-2872.1,not_found,Enlatados y Conservas,shared_or_open,shared_cross_company,heuristic_category,pending_review,dictionary_candidate_shared,review_for_dictionary_mapping
5284,153,Ate de Tejocote caja 6 kg,,Partners/Customers,2191.75,not_found,Enlatados y Conservas,shared_or_open,shared_cross_company,heuristic_category,pending_review,dictionary_candidate_shared,review_for_dictionary_mapping
5285,153,Ate de Tejocote caja 6 kg,,Virtual Locations/Inter-company transit,492.0,not_found,Enlatados y Conservas,shared_or_open,shared_cross_company,heuristic_category,pending_review,dictionary_candidate_shared,review_for_dictionary_mapping
5286,153,Ate de Tejocote caja 6 kg,,Virtual Locations/Inventory adjustment,93.8,not_found,Enlatados y Conservas,shared_or_open,shared_cross_company,heuristic_category,pending_review,dictionary_candidate_shared,review_for_dictionary_mapping
5287,153,Ate de Tejocote caja 6 kg,,Bodeg/Existencias,102.0,not_found,Enlatados y Conservas,shared_or_open,shared_cross_company,heuristic_category,pending_review,dictionary_candidate_shared,review_for_dictionary_mapping
5288,153,Ate de Tejocote caja 6 kg,,Virtual Locations/Inventory adjustment,-9.54,not_found,Enlatados y Conservas,shared_or_open,shared_cross_company,heuristic_category,pending_review,dictionary_candidate_shared,review_for_dictionary_mapping
5289,153,Ate de Tejocote caja 6 kg,,Virtual Locations/Inventory adjustment,-14.38,not_found,Enlatados y Conservas,shared_or_open,shared_cross_company,heuristic_category,pending_review,dictionary_candidate_shared,review_for_dictionary_mapping
5290,153,Ate de Tejocote caja 6 kg,,Virtual Locations/Inventory adjustment,-7.34,not_found,Enlatados y Conservas,shared_or_open,shared_cross_company,heuristic_category,pending_review,dictionary_candidate_shared,review_for_dictionary_mapping
5291,153,Ate de Tejocote caja 6 kg,,Virtual Locations/Inventory adjustment,-6.13,not_found,Enlatados y Conservas,shared_or_open,shared_cross_company,heuristic_category,pending_review,dictionary_candidate_shared,review_for_dictionary_mapping
5292,153,Ate de Tejocote caja 6 kg,,Virtual Locations/Inventory adjustment,0.51,not_found,Enlatados y Conservas,shared_or_open,shared_cross_company,heuristic_category,pending_review,dictionary_candidate_shared,review_for_dictionary_mapping
5293,153,Ate de Tejocote caja 6 kg,,FONDA/Existencias/Cocina,2.1,not_found,Enlatados y Conservas,shared_or_open,shared_cross_company,heuristic_category,pending_review,dictionary_candidate_shared,review_for_dictionary_mapping
5294,153,Ate de Tejocote caja 6 kg,,FONDA/Existencias/Cocina,7.66,not_found,Enlatados y Conservas,shared_or_open,shared_cross_company,heuristic_category,pending_review,dictionary_candidate_shared,review_for_dictionary_mapping
5295,153,Ate de Tejocote caja 6 kg,,FONDA/Existencias/Cocina,7.23,not_found,Enlatados y Conservas,shared_or_open,shared_cross_company,heuristic_category,pending_review,dictionary_candidate_shared,review_for_dictionary_mapping
5296,153,Ate de Tejocote caja 6 kg,,FAMAQ/Existencias/Cocina,5.97,not_found,Enlatados y Conservas,shared_or_open,shared_cross_company,heuristic_category,pending_review,dictionary_candidate_shared,review_for_dictionary_mapping
5297,153,Ate de Tejocote caja 6 kg,,TACOS/Existencias/Cocina,0.77,not_found,Enlatados y Conservas,shared_or_open,shared_cross_company,heuristic_category,pending_review,dictionary_candidate_shared,review_for_dictionary_mapping
5298,154,Crema Acida cubeta 4 lt,,Partners/Vendors,-13516.0,not_found,Otros lácteos,shared_or_open,shared_cross_company,heuristic_category,pending_review,dictionary_candidate_shared,review_for_dictionary_mapping
5299,154,Crema Acida cubeta 4 lt,,Partners/Customers,5311.73,not_found,Otros lácteos,shared_or_open,shared_cross_company,heuristic_category,pending_review,dictionary_candidate_shared,review_for_dictionary_mapping
5300,154,Crema Acida cubeta 4 lt,,Virtual Locations/Inter-company transit,1016.0,not_found,Otros lácteos,shared_or_open,shared_cross_company,heuristic_category,pending_review,dictionary_candidate_shared,review_for_dictionary_mapping
5301,154,Crema Acida cubeta 4 lt,,Virtual Locations/Inventory adjustment,234.07,not_found,Otros lácteos,shared_or_open,shared_cross_company,heuristic_category,pending_review,dictionary_candidate_shared,review_for_dictionary_mapping
5302,154,Crema Acida cubeta 4 lt,,Virtual Locations/Production,5996.93,not_found,Otros lácteos,shared_or_open,shared_cross_company,heuristic_category,pending_review,dictionary_candidate_shared,review_for_dictionary_mapping
5303,154,Crema Acida cubeta 4 lt,,Virtual Locations/Scrap,16.0,not_found,Otros lácteos,shared_or_open,shared_cross_company,heuristic_category,pending_review,dictionary_candidate_shared,review_for_dictionary_mapping
5304,154,Crema Acida cubeta 4 lt,,Bodeg/Existencias,696.0,not_found,Otros lácteos,shared_or_open,shared_cross_company,heuristic_category,pending_review,dictionary_candidate_shared,review_for_dictionary_mapping
5305,154,Crema Acida cubeta 4 lt,,Bodeg/Panadería y pastelería,80.0,not_found,Otros lácteos,shared_or_open,shared_cross_company,heuristic_category,pending_review,dictionary_candidate_shared,review_for_dictionary_mapping
5306,154,Crema Acida cubeta 4 lt,,Virtual Locations/Inventory adjustment,8.0,not_found,Otros lácteos,shared_or_open,shared_cross_company,heuristic_category,pending_review,dictionary_candidate_shared,review_for_dictionary_mapping
5307,154,Crema Acida cubeta 4 lt,,Virtual Locations/Production,36.0,not_found,Otros lácteos,shared_or_open,shared_cross_company,heuristic_category,pending_review,dictionary_candidate_shared,review_for_dictionary_mapping
5308,154,Crema Acida cubeta 4 lt,,Virtual Locations/Inventory adjustment,8.0,not_found,Otros lácteos,shared_or_open,shared_cross_company,heuristic_category,pending_review,dictionary_candidate_shared,review_for_dictionary_mapping
5309,154,Crema Acida cubeta 4 lt,,Virtual Locations/Production,8.0,not_found,Otros lácteos,shared_or_open,shared_cross_company,heuristic_category,pending_review,dictionary_candidate_shared,review_for_dictionary_mapping
5310,154,Crema Acida cubeta 4 lt,,Virtual Locations/Inventory adjustment,-3.6,not_found,Otros lácteos,shared_or_open,shared_cross_company,heuristic_category,pending_review,dictionary_candidate_shared,review_for_dictionary_mapping
5311,154,Crema Acida cubeta 4 lt,,Virtual Locations/Production,31.58,not_found,Otros lácteos,shared_or_open,shared_cross_company,heuristic_category,pending_review,dictionary_candidate_shared,review_for_dictionary_mapping
5312,154,Crema Acida cubeta 4 lt,,Virtual Locations/Inventory adjustment,-2.73,not_found,Otros lácteos,shared_or_open,shared_cross_company,heuristic_category,pending_review,dictionary_candidate_shared,review_for_dictionary_mapping
5313,154,Crema Acida cubeta 4 lt,,Virtual Locations/Inventory adjustment,3.0,not_found,Otros lácteos,shared_or_open,shared_cross_company,heuristic_category,pending_review,dictionary_candidate_shared,review_for_dictionary_mapping
5314,154,Crema Acida cubeta 4 lt,,FONDA/Existencias/Cocina,4.0,not_found,Otros lácteos,shared_or_open,shared_cross_company,heuristic_category,pending_review,dictionary_candidate_shared,review_for_dictionary_mapping
5315,154,Crema Acida cubeta 4 lt,,FONDA/Existencias/Cocina,4.02,not_found,Otros lácteos,shared_or_open,shared_cross_company,heuristic_category,pending_review,dictionary_candidate_shared,review_for_dictionary_mapping
5316,154,Crema Acida cubeta 4 lt,,FAMAQ/Existencias/Cocina,2.73,not_found,Otros lácteos,shared_or_open,shared_cross_company,heuristic_category,pending_review,dictionary_candidate_shared,review_for_dictionary_mapping
5317,154,Crema Acida cubeta 4 lt,,Virtual Locations/Inventory adjustment,-0.2,not_found,Otros lácteos,shared_or_open,shared_cross_company,heuristic_category,pending_review,dictionary_candidate_shared,review_for_dictionary_mapping
5318,154,Crema Acida cubeta 4 lt,,FACY/Existencias/Cocina,0.2,not_found,Otros lácteos,shared_or_open,shared_cross_company,heuristic_category,pending_review,dictionary_candidate_shared,review_for_dictionary_mapping
5319,157,Mantequilla,,Partners/Vendors,-10447.9,not_found,Otros lácteos,shared_or_open,shared_cross_company,heuristic_category,pending_review,dictionary_candidate_shared,review_for_dictionary_mapping
5320,157,Mantequilla,,Partners/Customers,4948.73,not_found,Otros lácteos,shared_or_open,shared_cross_company,heuristic_category,pending_review,dictionary_candidate_shared,review_for_dictionary_mapping
5321,157,Mantequilla,,Virtual Locations/Inter-company transit,1023.0,not_found,Otros lácteos,shared_or_open,shared_cross_company,heuristic_category,pending_review,dictionary_candidate_shared,review_for_dictionary_mapping
5322,157,Mantequilla,,Virtual Locations/Inventory adjustment,449.45,not_found,Otros lácteos,shared_or_open,shared_cross_company,heuristic_category,pending_review,dictionary_candidate_shared,review_for_dictionary_mapping
5323,157,Mantequilla,,Virtual Locations/Production,3682.68,not_found,Otros lácteos,shared_or_open,shared_cross_company,heuristic_category,pending_review,dictionary_candidate_shared,review_for_dictionary_mapping
5324,157,Mantequilla,,Virtual Locations/Scrap,17.0,not_found,Otros lácteos,shared_or_open,shared_cross_company,heuristic_category,pending_review,dictionary_candidate_shared,review_for_dictionary_mapping
5325,157,Mantequilla,,Bodeg/Existencias,80.57,not_found,Otros lácteos,shared_or_open,shared_cross_company,heuristic_category,pending_review,dictionary_candidate_shared,review_for_dictionary_mapping
5326,157,Mantequilla,,Bodeg/Panadería y pastelería,51.3,not_found,Otros lácteos,shared_or_open,shared_cross_company,heuristic_category,pending_review,dictionary_candidate_shared,review_for_dictionary_mapping
5327,157,Mantequilla,,Bodeg/PASTELERIA Y REPOSTERIA,112.0,not_found,Otros lácteos,shared_or_open,shared_cross_company,heuristic_category,pending_review,dictionary_candidate_shared,review_for_dictionary_mapping
5328,157,Mantequilla,,Virtual Locations/Inventory adjustment,3.92,not_found,Otros lácteos,shared_or_open,shared_cross_company,heuristic_category,pending_review,dictionary_candidate_shared,review_for_dictionary_mapping
5329,157,Mantequilla,,Virtual Locations/Production,9.0,not_found,Otros lácteos,shared_or_open,shared_cross_company,heuristic_category,pending_review,dictionary_candidate_shared,review_for_dictionary_mapping
5330,157,Mantequilla,,Virtual Locations/Scrap,0.03,not_found,Otros lácteos,shared_or_open,shared_cross_company,heuristic_category,pending_review,dictionary_candidate_shared,review_for_dictionary_mapping
5331,157,Mantequilla,,Virtual Locations/Inventory adjustment,0.74,not_found,Otros lácteos,shared_or_open,shared_cross_company,heuristic_category,pending_review,dictionary_candidate_shared,review_for_dictionary_mapping
5332,157,Mantequilla,,Virtual Locations/Production,10.79,not_found,Otros lácteos,shared_or_open,shared_cross_company,heuristic_category,pending_review,dictionary_candidate_shared,review_for_dictionary_mapping
5333,157,Mantequilla,,Virtual Locations/Inventory adjustment,-0.63,not_found,Otros lácteos,shared_or_open,shared_cross_company,heuristic_category,pending_review,dictionary_candidate_shared,review_for_dictionary_mapping
5334,157,Mantequilla,,Virtual Locations/Production,15.95,not_found,Otros lácteos,shared_or_open,shared_cross_company,heuristic_category,pending_review,dictionary_candidate_shared,review_for_dictionary_mapping
5335,157,Mantequilla,,Virtual Locations/Inventory adjustment,-2.9,not_found,Otros lácteos,shared_or_open,shared_cross_company,heuristic_category,pending_review,dictionary_candidate_shared,review_for_dictionary_mapping
5336,157,Mantequilla,,Virtual Locations/Inventory adjustment,9.28,not_found,Otros lácteos,shared_or_open,shared_cross_company,heuristic_category,pending_review,dictionary_candidate_shared,review_for_dictionary_mapping
5337,157,Mantequilla,,Virtual Locations/Production,1.46,not_found,Otros lácteos,shared_or_open,shared_cross_company,heuristic_category,pending_review,dictionary_candidate_shared,review_for_dictionary_mapping
5338,157,Mantequilla,,FONDA/Existencias/Cocina,4.0,not_found,Otros lácteos,shared_or_open,shared_cross_company,heuristic_category,pending_review,dictionary_candidate_shared,review_for_dictionary_mapping
5339,157,Mantequilla,,FONDA/Existencias/Cocina,5.16,not_found,Otros lácteos,shared_or_open,shared_cross_company,heuristic_category,pending_review,dictionary_candidate_shared,review_for_dictionary_mapping
5340,157,Mantequilla,,FONDA/Existencias/Cocina,1.5,not_found,Otros lácteos,shared_or_open,shared_cross_company,heuristic_category,pending_review,dictionary_candidate_shared,review_for_dictionary_mapping
5341,157,Mantequilla,,FAMAQ/Existencias/Cocina,2.71,not_found,Otros lácteos,shared_or_open,shared_cross_company,heuristic_category,pending_review,dictionary_candidate_shared,review_for_dictionary_mapping
5342,157,Mantequilla,,TACOS/Existencias/Cocina,1.26,not_found,Otros lácteos,shared_or_open,shared_cross_company,heuristic_category,pending_review,dictionary_candidate_shared,review_for_dictionary_mapping
5343,157,Mantequilla,,Virtual Locations/Inventory adjustment,-0.45,not_found,Otros lácteos,shared_or_open,shared_cross_company,heuristic_category,pending_review,dictionary_candidate_shared,review_for_dictionary_mapping
5344,157,Mantequilla,,FACY/Existencias/Cocina,0.45,not_found,Otros lácteos,shared_or_open,shared_cross_company,heuristic_category,pending_review,dictionary_candidate_shared,review_for_dictionary_mapping
5345,160,Queso Azul,,Partners/Vendors,-8075.47,not_found,Queso,shared_or_open,shared_cross_company,review_scope_shared_heuristic,pending_review,dictionary_candidate_shared,review_for_dictionary_mapping
5346,160,Queso Azul,,Partners/Customers,6120.45,not_found,Queso,shared_or_open,shared_cross_company,review_scope_shared_heuristic,pending_review,dictionary_candidate_shared,review_for_dictionary_mapping
5347,160,Queso Azul,,Virtual Locations/Inter-company transit,1305.68,not_found,Queso,shared_or_open,shared_cross_company,review_scope_shared_heuristic,pending_review,dictionary_candidate_shared,review_for_dictionary_mapping
5348,160,Queso Azul,,Virtual Locations/Inventory adjustment,443.18,not_found,Queso,shared_or_open,shared_cross_company,review_scope_shared_heuristic,pending_review,dictionary_candidate_shared,review_for_dictionary_mapping
5349,160,Queso Azul,,Bodeg/Existencias,202.14,not_found,Queso,shared_or_open,shared_cross_company,review_scope_shared_heuristic,pending_review,dictionary_candidate_shared,review_for_dictionary_mapping
5350,160,Queso Azul,,Virtual Locations/Inventory adjustment,-23.5,not_found,Queso,shared_or_open,shared_cross_company,review_scope_shared_heuristic,pending_review,dictionary_candidate_shared,review_for_dictionary_mapping
5351,160,Queso Azul,,Virtual Locations/Scrap,0.03,not_found,Queso,shared_or_open,shared_cross_company,review_scope_shared_heuristic,pending_review,dictionary_candidate_shared,review_for_dictionary_mapping
5352,160,Queso Azul,,Virtual Locations/Inventory adjustment,-0.94,not_found,Queso,shared_or_open,shared_cross_company,review_scope_shared_heuristic,pending_review,dictionary_candidate_shared,review_for_dictionary_mapping
5353,160,Queso Azul,,Virtual Locations/Inventory adjustment,0.09,not_found,Queso,shared_or_open,shared_cross_company,review_scope_shared_heuristic,pending_review,dictionary_candidate_shared,review_for_dictionary_mapping
5354,160,Queso Azul,,Virtual Locations/Scrap,0.55,not_found,Queso,shared_or_open,shared_cross_company,review_scope_shared_heuristic,pending_review,dictionary_candidate_shared,review_for_dictionary_mapping
5355,160,Queso Azul,,Virtual Locations/Inventory adjustment,-4.1,not_found,Queso,shared_or_open,shared_cross_company,review_scope_shared_heuristic,pending_review,dictionary_candidate_shared,review_for_dictionary_mapping
5356,160,Queso Azul,,Virtual Locations/Inventory adjustment,-2.42,not_found,Queso,shared_or_open,shared_cross_company,review_scope_shared_heuristic,pending_review,dictionary_candidate_shared,review_for_dictionary_mapping
5357,160,Queso Azul,,FONDA/Existencias/Cocina,6.45,not_found,Queso,shared_or_open,shared_cross_company,review_scope_shared_heuristic,pending_review,dictionary_candidate_shared,review_for_dictionary_mapping
5358,160,Queso Azul,,FONDA/Existencias/Cocina,5.17,not_found,Queso,shared_or_open,shared_cross_company,review_scope_shared_heuristic,pending_review,dictionary_candidate_shared,review_for_dictionary_mapping
5359,160,Queso Azul,,FONDA/Existencias/Cocina,5.6,not_found,Queso,shared_or_open,shared_cross_company,review_scope_shared_heuristic,pending_review,dictionary_candidate_shared,review_for_dictionary_mapping
5360,160,Queso Azul,,FAMAQ/Existencias/Cocina,2.95,not_found,Queso,shared_or_open,shared_cross_company,review_scope_shared_heuristic,pending_review,dictionary_candidate_shared,review_for_dictionary_mapping
5361,160,Queso Azul,,TACOS/Existencias/Cocina,2.0,not_found,Queso,shared_or_open,shared_cross_company,review_scope_shared_heuristic,pending_review,dictionary_candidate_shared,review_for_dictionary_mapping
5362,160,Queso Azul,,Virtual Locations/Inventory adjustment,-1.43,not_found,Queso,shared_or_open,shared_cross_company,review_scope_shared_heuristic,pending_review,dictionary_candidate_shared,review_for_dictionary_mapping
5363,160,Queso Azul,,FACY/Existencias/Cocina,1.0,not_found,Queso,shared_or_open,shared_cross_company,review_scope_shared_heuristic,pending_review,dictionary_candidate_shared,review_for_dictionary_mapping
5364,160,Queso Azul,,FACY/Existencias/Parrilla,0.2,not_found,Queso,shared_or_open,shared_cross_company,review_scope_shared_heuristic,pending_review,dictionary_candidate_shared,review_for_dictionary_mapping
5365,161,Queso Fetta,,Partners/Vendors,-2178.41,not_found,Queso,shared_or_open,shared_cross_company,review_scope_shared_heuristic,pending_review,dictionary_candidate_shared,review_for_dictionary_mapping
5366,161,Queso Fetta,,Partners/Customers,1712.96,not_found,Queso,shared_or_open,shared_cross_company,review_scope_shared_heuristic,pending_review,dictionary_candidate_shared,review_for_dictionary_mapping
5367,161,Queso Fetta,,Virtual Locations/Inter-company transit,325.72,not_found,Queso,shared_or_open,shared_cross_company,review_scope_shared_heuristic,pending_review,dictionary_candidate_shared,review_for_dictionary_mapping
5368,161,Queso Fetta,,Virtual Locations/Inventory adjustment,112.73,not_found,Queso,shared_or_open,shared_cross_company,review_scope_shared_heuristic,pending_review,dictionary_candidate_shared,review_for_dictionary_mapping
5369,161,Queso Fetta,,Virtual Locations/Scrap,0.7,not_found,Queso,shared_or_open,shared_cross_company,review_scope_shared_heuristic,pending_review,dictionary_candidate_shared,review_for_dictionary_mapping
5370,161,Queso Fetta,,Bodeg/Existencias,28.55,not_found,Queso,shared_or_open,shared_cross_company,review_scope_shared_heuristic,pending_review,dictionary_candidate_shared,review_for_dictionary_mapping
5371,161,Queso Fetta,,Virtual Locations/Inventory adjustment,-6.11,not_found,Queso,shared_or_open,shared_cross_company,review_scope_shared_heuristic,pending_review,dictionary_candidate_shared,review_for_dictionary_mapping
5372,161,Queso Fetta,,Virtual Locations/Inventory adjustment,-0.03,not_found,Queso,shared_or_open,shared_cross_company,review_scope_shared_heuristic,pending_review,dictionary_candidate_shared,review_for_dictionary_mapping
5373,161,Queso Fetta,,Virtual Locations/Inventory adjustment,-0.37,not_found,Queso,shared_or_open,shared_cross_company,review_scope_shared_heuristic,pending_review,dictionary_candidate_shared,review_for_dictionary_mapping
5374,161,Queso Fetta,,Virtual Locations/Scrap,0.31,not_found,Queso,shared_or_open,shared_cross_company,review_scope_shared_heuristic,pending_review,dictionary_candidate_shared,review_for_dictionary_mapping
5375,161,Queso Fetta,,Virtual Locations/Inventory adjustment,-0.37,not_found,Queso,shared_or_open,shared_cross_company,review_scope_shared_heuristic,pending_review,dictionary_candidate_shared,review_for_dictionary_mapping
5376,161,Queso Fetta,,FONDA/Existencias/Cocina,1.4,not_found,Queso,shared_or_open,shared_cross_company,review_scope_shared_heuristic,pending_review,dictionary_candidate_shared,review_for_dictionary_mapping
5377,162,Queso Gouda,,Bodeg/Existencias,1278.02,not_found,Queso,shared_or_open,shared_cross_company,review_scope_shared_heuristic,pending_review,dictionary_candidate_shared,review_for_dictionary_mapping
5378,162,Queso Gouda,,Virtual Locations/Inventory adjustment,1119.99,not_found,Queso,shared_or_open,shared_cross_company,review_scope_shared_heuristic,pending_review,dictionary_candidate_shared,review_for_dictionary_mapping
5379,162,Queso Gouda,,Virtual Locations/Production,33293.83,not_found,Queso,shared_or_open,shared_cross_company,review_scope_shared_heuristic,pending_review,dictionary_candidate_shared,review_for_dictionary_mapping
5380,162,Queso Gouda,,Virtual Locations/Scrap,1.1,not_found,Queso,shared_or_open,shared_cross_company,review_scope_shared_heuristic,pending_review,dictionary_candidate_shared,review_for_dictionary_mapping
5381,162,Queso Gouda,,Empan/Existencias,329.77,not_found,Queso,shared_or_open,shared_cross_company,review_scope_shared_heuristic,pending_review,dictionary_candidate_shared,review_for_dictionary_mapping
5382,162,Queso Gouda,,Empan/Preproducción,9.71,not_found,Queso,shared_or_open,shared_cross_company,review_scope_shared_heuristic,pending_review,dictionary_candidate_shared,review_for_dictionary_mapping
5383,162,Queso Gouda,,Virtual Locations/Inventory adjustment,-34.1,not_found,Queso,shared_or_open,shared_cross_company,review_scope_shared_heuristic,pending_review,dictionary_candidate_shared,review_for_dictionary_mapping
5384,162,Queso Gouda,,Virtual Locations/Inventory adjustment,-3.08,not_found,Queso,shared_or_open,shared_cross_company,review_scope_shared_heuristic,pending_review,dictionary_candidate_shared,review_for_dictionary_mapping
5385,162,Queso Gouda,,Virtual Locations/Inventory adjustment,34.08,not_found,Queso,shared_or_open,shared_cross_company,review_scope_shared_heuristic,pending_review,dictionary_candidate_shared,review_for_dictionary_mapping
5386,162,Queso Gouda,,Virtual Locations/Inventory adjustment,-32.87,not_found,Queso,shared_or_open,shared_cross_company,review_scope_shared_heuristic,pending_review,dictionary_candidate_shared,review_for_dictionary_mapping
5387,162,Queso Gouda,,FONDA/Existencias/Cocina,19.5,not_found,Queso,shared_or_open,shared_cross_company,review_scope_shared_heuristic,pending_review,dictionary_candidate_shared,review_for_dictionary_mapping
5388,162,Queso Gouda,,FONDA/Existencias/Cocina,12.16,not_found,Queso,shared_or_open,shared_cross_company,review_scope_shared_heuristic,pending_review,dictionary_candidate_shared,review_for_dictionary_mapping
5389,162,Queso Gouda,,FONDA/Existencias/Cocina,54.63,not_found,Queso,shared_or_open,shared_cross_company,review_scope_shared_heuristic,pending_review,dictionary_candidate_shared,review_for_dictionary_mapping
5390,162,Queso Gouda,,FAMAQ/Existencias/Cocina,29.55,not_found,Queso,shared_or_open,shared_cross_company,review_scope_shared_heuristic,pending_review,dictionary_candidate_shared,review_for_dictionary_mapping
5391,162,Queso Gouda,,TACOS/Existencias/Parrilla,2.25,not_found,Queso,shared_or_open,shared_cross_company,review_scope_shared_heuristic,pending_review,dictionary_candidate_shared,review_for_dictionary_mapping
5392,162,Queso Gouda,,Virtual Locations/Inventory adjustment,-8.4,not_found,Queso,shared_or_open,shared_cross_company,review_scope_shared_heuristic,pending_review,dictionary_candidate_shared,review_for_dictionary_mapping
5393,162,Queso Gouda,,FACY/Existencias,3.7,not_found,Queso,shared_or_open,shared_cross_company,review_scope_shared_heuristic,pending_review,dictionary_candidate_shared,review_for_dictionary_mapping
5394,162,Queso Gouda,,FACY/Existencias/Cocina,3.28,not_found,Queso,shared_or_open,shared_cross_company,review_scope_shared_heuristic,pending_review,dictionary_candidate_shared,review_for_dictionary_mapping
5395,162,Queso Gouda,,FACY/Existencias/Parrilla,3.75,not_found,Queso,shared_or_open,shared_cross_company,review_scope_shared_heuristic,pending_review,dictionary_candidate_shared,review_for_dictionary_mapping
5396,169,Ron Capitán Morgan White 700 ml,,Virtual Locations/Inventory adjustment,-8.5,not_found,Ron,shared_or_open,shared_cross_company,review_scope_shared_heuristic,pending_review,dictionary_candidate_shared,review_for_dictionary_mapping
5397,169,Ron Capitán Morgan White 700 ml,,Virtual Locations/Scrap,8.5,not_found,Ron,shared_or_open,shared_cross_company,review_scope_shared_heuristic,pending_review,dictionary_candidate_shared,review_for_dictionary_mapping
5398,170,Tequila Don Julio 70 Años 700 ml,,Partners/Vendors,-34.3,not_found,Tequila,shared_or_open,shared_cross_company,heuristic_category,pending_review,dictionary_candidate_shared,review_for_dictionary_mapping
5399,170,Tequila Don Julio 70 Años 700 ml,,Partners/Customers,37.94,not_found,Tequila,shared_or_open,shared_cross_company,heuristic_category,pending_review,dictionary_candidate_shared,review_for_dictionary_mapping
5400,170,Tequila Don Julio 70 Años 700 ml,,Virtual Locations/Inventory adjustment,-8.4,not_found,Tequila,shared_or_open,shared_cross_company,heuristic_category,pending_review,dictionary_candidate_shared,review_for_dictionary_mapping
5401,170,Tequila Don Julio 70 Años 700 ml,,Virtual Locations/Inventory adjustment,-5.18,not_found,Tequila,shared_or_open,shared_cross_company,heuristic_category,pending_review,dictionary_candidate_shared,review_for_dictionary_mapping
5402,170,Tequila Don Julio 70 Años 700 ml,,Virtual Locations/Inventory adjustment,-5.06,not_found,Tequila,shared_or_open,shared_cross_company,heuristic_category,pending_review,dictionary_candidate_shared,review_for_dictionary_mapping
5403,170,Tequila Don Julio 70 Años 700 ml,,Virtual Locations/Inventory adjustment,-2.0,not_found,Tequila,shared_or_open,shared_cross_company,heuristic_category,pending_review,dictionary_candidate_shared,review_for_dictionary_mapping
5404,170,Tequila Don Julio 70 Años 700 ml,,Virtual Locations/Inventory adjustment,-1.4,not_found,Tequila,shared_or_open,shared_cross_company,heuristic_category,pending_review,dictionary_candidate_shared,review_for_dictionary_mapping
5405,171,Tequila Don Julio Blanco 700 ml,,Virtual Locations/Inventory adjustment,-3.06,not_found,Tequila,shared_or_open,shared_cross_company,heuristic_category,pending_review,dictionary_candidate_shared,review_for_dictionary_mapping
5406,171,Tequila Don Julio Blanco 700 ml,,Virtual Locations/Inventory adjustment,-1.76,not_found,Tequila,shared_or_open,shared_cross_company,heuristic_category,pending_review,dictionary_candidate_shared,review_for_dictionary_mapping
5407,171,Tequila Don Julio Blanco 700 ml,,Virtual Locations/Inventory adjustment,-2.22,not_found,Tequila,shared_or_open,shared_cross_company,heuristic_category,pending_review,dictionary_candidate_shared,review_for_dictionary_mapping
5408,171,Tequila Don Julio Blanco 700 ml,,Virtual Locations/Inventory adjustment,-1.64,not_found,Tequila,shared_or_open,shared_cross_company,heuristic_category,pending_review,dictionary_candidate_shared,review_for_dictionary_mapping
5409,171,Tequila Don Julio Blanco 700 ml,,Virtual Locations/Inventory adjustment,-1.0,not_found,Tequila,shared_or_open,shared_cross_company,heuristic_category,pending_review,dictionary_candidate_shared,review_for_dictionary_mapping
5410,171,Tequila Don Julio Blanco 700 ml,,FONDA/Existencias/Bar,2.22,not_found,Tequila,shared_or_open,shared_cross_company,heuristic_category,pending_review,dictionary_candidate_shared,review_for_dictionary_mapping
5411,171,Tequila Don Julio Blanco 700 ml,,FONDA/Existencias/Bar,2.58,not_found,Tequila,shared_or_open,shared_cross_company,heuristic_category,pending_review,dictionary_candidate_shared,review_for_dictionary_mapping
5412,171,Tequila Don Julio Blanco 700 ml,,FONDA/Existencias/Bar,1.46,not_found,Tequila,shared_or_open,shared_cross_company,heuristic_category,pending_review,dictionary_candidate_shared,review_for_dictionary_mapping
5413,171,Tequila Don Julio Blanco 700 ml,,FAMAQ/Existencias/Bar,1.64,not_found,Tequila,shared_or_open,shared_cross_company,heuristic_category,pending_review,dictionary_candidate_shared,review_for_dictionary_mapping
5414,171,Tequila Don Julio Blanco 700 ml,,TACOS/Existencias/Bar,1.1,not_found,Tequila,shared_or_open,shared_cross_company,heuristic_category,pending_review,dictionary_candidate_shared,review_for_dictionary_mapping
5415,171,Tequila Don Julio Blanco 700 ml,,Virtual Locations/Inventory adjustment,-1.24,not_found,Tequila,shared_or_open,shared_cross_company,heuristic_category,pending_review,dictionary_candidate_shared,review_for_dictionary_mapping
5416,171,Tequila Don Julio Blanco 700 ml,,FACY/Existencias/Bar,1.24,not_found,Tequila,shared_or_open,shared_cross_company,heuristic_category,pending_review,dictionary_candidate_shared,review_for_dictionary_mapping
5417,172,Tequila Don Julio Reposado 700 ml,,Partners/Vendors,-12.2,not_found,Tequila,shared_or_open,shared_cross_company,heuristic_category,pending_review,dictionary_candidate_shared,review_for_dictionary_mapping
5418,172,Tequila Don Julio Reposado 700 ml,,Partners/Customers,21.82,not_found,Tequila,shared_or_open,shared_cross_company,heuristic_category,pending_review,dictionary_candidate_shared,review_for_dictionary_mapping
5419,172,Tequila Don Julio Reposado 700 ml,,Virtual Locations/Inventory adjustment,-9.8,not_found,Tequila,shared_or_open,shared_cross_company,heuristic_category,pending_review,dictionary_candidate_shared,review_for_dictionary_mapping
5420,172,Tequila Don Julio Reposado 700 ml,,Virtual Locations/Inventory adjustment,-3.42,not_found,Tequila,shared_or_open,shared_cross_company,heuristic_category,pending_review,dictionary_candidate_shared,review_for_dictionary_mapping
5421,172,Tequila Don Julio Reposado 700 ml,,Virtual Locations/Inventory adjustment,-2.0,not_found,Tequila,shared_or_open,shared_cross_company,heuristic_category,pending_review,dictionary_candidate_shared,review_for_dictionary_mapping
5422,172,Tequila Don Julio Reposado 700 ml,,Virtual Locations/Inventory adjustment,-2.02,not_found,Tequila,shared_or_open,shared_cross_company,heuristic_category,pending_review,dictionary_candidate_shared,review_for_dictionary_mapping
5423,172,Tequila Don Julio Reposado 700 ml,,Virtual Locations/Inventory adjustment,-1.18,not_found,Tequila,shared_or_open,shared_cross_company,heuristic_category,pending_review,dictionary_candidate_shared,review_for_dictionary_mapping
5424,172,Tequila Don Julio Reposado 700 ml,,Virtual Locations/Inventory adjustment,-1.13,not_found,Tequila,shared_or_open,shared_cross_company,heuristic_category,pending_review,dictionary_candidate_shared,review_for_dictionary_mapping
5425,172,Tequila Don Julio Reposado 700 ml,,FONDA/Existencias/Bar,2.7,not_found,Tequila,shared_or_open,shared_cross_company,heuristic_category,pending_review,dictionary_candidate_shared,review_for_dictionary_mapping
5426,172,Tequila Don Julio Reposado 700 ml,,FONDA/Existencias/Bar,3.1,not_found,Tequila,shared_or_open,shared_cross_company,heuristic_category,pending_review,dictionary_candidate_shared,review_for_dictionary_mapping
5427,172,Tequila Don Julio Reposado 700 ml,,FONDA/Existencias/Bar,1.0,not_found,Tequila,shared_or_open,shared_cross_company,heuristic_category,pending_review,dictionary_candidate_shared,review_for_dictionary_mapping
5428,172,Tequila Don Julio Reposado 700 ml,,FAMAQ/Existencias/Bar,1.18,not_found,Tequila,shared_or_open,shared_cross_company,heuristic_category,pending_review,dictionary_candidate_shared,review_for_dictionary_mapping
5429,172,Tequila Don Julio Reposado 700 ml,,TACOS/Existencias/Bar,1.05,not_found,Tequila,shared_or_open,shared_cross_company,heuristic_category,pending_review,dictionary_candidate_shared,review_for_dictionary_mapping
5430,179,Tequila Jose Cuervo Tradicional 950 ml,,Partners/Vendors,-99.12,not_found,Tequila,shared_or_open,shared_cross_company,heuristic_category,pending_review,dictionary_candidate_shared,review_for_dictionary_mapping
5431,179,Tequila Jose Cuervo Tradicional 950 ml,,Partners/Customers,100.4,not_found,Tequila,shared_or_open,shared_cross_company,heuristic_category,pending_review,dictionary_candidate_shared,review_for_dictionary_mapping
5432,179,Tequila Jose Cuervo Tradicional 950 ml,,Virtual Locations/Inventory adjustment,-4.4,not_found,Tequila,shared_or_open,shared_cross_company,heuristic_category,pending_review,dictionary_candidate_shared,review_for_dictionary_mapping
5433,179,Tequila Jose Cuervo Tradicional 950 ml,,Virtual Locations/Scrap,3.45,not_found,Tequila,shared_or_open,shared_cross_company,heuristic_category,pending_review,dictionary_candidate_shared,review_for_dictionary_mapping
5434,179,Tequila Jose Cuervo Tradicional 950 ml,,Virtual Locations/Inventory adjustment,-7.21,not_found,Tequila,shared_or_open,shared_cross_company,heuristic_category,pending_review,dictionary_candidate_shared,review_for_dictionary_mapping
5435,179,Tequila Jose Cuervo Tradicional 950 ml,,Virtual Locations/Inventory adjustment,-10.47,not_found,Tequila,shared_or_open,shared_cross_company,heuristic_category,pending_review,dictionary_candidate_shared,review_for_dictionary_mapping
5436,179,Tequila Jose Cuervo Tradicional 950 ml,,Virtual Locations/Inventory adjustment,-4.13,not_found,Tequila,shared_or_open,shared_cross_company,heuristic_category,pending_review,dictionary_candidate_shared,review_for_dictionary_mapping
5437,179,Tequila Jose Cuervo Tradicional 950 ml,,Virtual Locations/Inventory adjustment,-3.26,not_found,Tequila,shared_or_open,shared_cross_company,heuristic_category,pending_review,dictionary_candidate_shared,review_for_dictionary_mapping
5438,179,Tequila Jose Cuervo Tradicional 950 ml,,Virtual Locations/Inventory adjustment,-2.35,not_found,Tequila,shared_or_open,shared_cross_company,heuristic_category,pending_review,dictionary_candidate_shared,review_for_dictionary_mapping
5439,179,Tequila Jose Cuervo Tradicional 950 ml,,FONDA/Existencias/Bar,5.88,not_found,Tequila,shared_or_open,shared_cross_company,heuristic_category,pending_review,dictionary_candidate_shared,review_for_dictionary_mapping
5440,179,Tequila Jose Cuervo Tradicional 950 ml,,FONDA/Existencias/Bar,7.72,not_found,Tequila,shared_or_open,shared_cross_company,heuristic_category,pending_review,dictionary_candidate_shared,review_for_dictionary_mapping
5441,179,Tequila Jose Cuervo Tradicional 950 ml,,FONDA/Existencias/Bar,2.53,not_found,Tequila,shared_or_open,shared_cross_company,heuristic_category,pending_review,dictionary_candidate_shared,review_for_dictionary_mapping
5442,179,Tequila Jose Cuervo Tradicional 950 ml,,FAMAQ/Existencias/Bar,4.98,not_found,Tequila,shared_or_open,shared_cross_company,heuristic_category,pending_review,dictionary_candidate_shared,review_for_dictionary_mapping
5443,179,Tequila Jose Cuervo Tradicional 950 ml,,TACOS/Existencias/Bar,0.7,not_found,Tequila,shared_or_open,shared_cross_company,heuristic_category,pending_review,dictionary_candidate_shared,review_for_dictionary_mapping
5444,179,Tequila Jose Cuervo Tradicional 950 ml,,Virtual Locations/Inventory adjustment,-1.39,not_found,Tequila,shared_or_open,shared_cross_company,heuristic_category,pending_review,dictionary_candidate_shared,review_for_dictionary_mapping
5445,179,Tequila Jose Cuervo Tradicional 950 ml,,FACY/Existencias,1.0,not_found,Tequila,shared_or_open,shared_cross_company,heuristic_category,pending_review,dictionary_candidate_shared,review_for_dictionary_mapping
5446,179,Tequila Jose Cuervo Tradicional 950 ml,,FACY/Existencias/Bar,1.33,not_found,Tequila,shared_or_open,shared_cross_company,heuristic_category,pending_review,dictionary_candidate_shared,review_for_dictionary_mapping
5447,188,Consomé de Pollo,,Partners/Vendors,-5300.95,not_found,"Semillas, Especias y Condimentos",shared_or_open,shared_cross_company,heuristic_category,pending_review,dictionary_candidate_shared,review_for_dictionary_mapping
5448,188,Consomé de Pollo,,Partners/Customers,2536.85,not_found,"Semillas, Especias y Condimentos",shared_or_open,shared_cross_company,heuristic_category,pending_review,dictionary_candidate_shared,review_for_dictionary_mapping
5449,188,Consomé de Pollo,,Virtual Locations/Inter-company transit,636.7,not_found,"Semillas, Especias y Condimentos",shared_or_open,shared_cross_company,heuristic_category,pending_review,dictionary_candidate_shared,review_for_dictionary_mapping
5450,188,Consomé de Pollo,,Virtual Locations/Inventory adjustment,83.22,not_found,"Semillas, Especias y Condimentos",shared_or_open,shared_cross_company,heuristic_category,pending_review,dictionary_candidate_shared,review_for_dictionary_mapping
5451,188,Consomé de Pollo,,Virtual Locations/Production,1149.29,not_found,"Semillas, Especias y Condimentos",shared_or_open,shared_cross_company,heuristic_category,pending_review,dictionary_candidate_shared,review_for_dictionary_mapping
5452,188,Consomé de Pollo,,Virtual Locations/Scrap,6.5,not_found,"Semillas, Especias y Condimentos",shared_or_open,shared_cross_company,heuristic_category,pending_review,dictionary_candidate_shared,review_for_dictionary_mapping
5453,188,Consomé de Pollo,,Bodeg/Existencias,156.9,not_found,"Semillas, Especias y Condimentos",shared_or_open,shared_cross_company,heuristic_category,pending_review,dictionary_candidate_shared,review_for_dictionary_mapping
5454,188,Consomé de Pollo,,Virtual Locations/Inventory adjustment,40.85,not_found,"Semillas, Especias y Condimentos",shared_or_open,shared_cross_company,heuristic_category,pending_review,dictionary_candidate_shared,review_for_dictionary_mapping
5455,188,Consomé de Pollo,,Virtual Locations/Production,478.46,not_found,"Semillas, Especias y Condimentos",shared_or_open,shared_cross_company,heuristic_category,pending_review,dictionary_candidate_shared,review_for_dictionary_mapping
5456,188,Consomé de Pollo,,Empan/Existencias,17.69,not_found,"Semillas, Especias y Condimentos",shared_or_open,shared_cross_company,heuristic_category,pending_review,dictionary_candidate_shared,review_for_dictionary_mapping
5457,188,Consomé de Pollo,,Bodeg/Panadería y pastelería,52.26,not_found,"Semillas, Especias y Condimentos",shared_or_open,shared_cross_company,heuristic_category,pending_review,dictionary_candidate_shared,review_for_dictionary_mapping
5458,188,Consomé de Pollo,,Bodeg/PASTELERIA Y REPOSTERIA,0.15,not_found,"Semillas, Especias y Condimentos",shared_or_open,shared_cross_company,heuristic_category,pending_review,dictionary_candidate_shared,review_for_dictionary_mapping
5459,188,Consomé de Pollo,,Virtual Locations/Inventory adjustment,4.15,not_found,"Semillas, Especias y Condimentos",shared_or_open,shared_cross_company,heuristic_category,pending_review,dictionary_candidate_shared,review_for_dictionary_mapping
5460,188,Consomé de Pollo,,Virtual Locations/Production,34.45,not_found,"Semillas, Especias y Condimentos",shared_or_open,shared_cross_company,heuristic_category,pending_review,dictionary_candidate_shared,review_for_dictionary_mapping
5461,188,Consomé de Pollo,,Virtual Locations/Inventory adjustment,22.5,not_found,"Semillas, Especias y Condimentos",shared_or_open,shared_cross_company,heuristic_category,pending_review,dictionary_candidate_shared,review_for_dictionary_mapping
5462,188,Consomé de Pollo,,Virtual Locations/Production,5.5,not_found,"Semillas, Especias y Condimentos",shared_or_open,shared_cross_company,heuristic_category,pending_review,dictionary_candidate_shared,review_for_dictionary_mapping
5463,188,Consomé de Pollo,,Virtual Locations/Inventory adjustment,-4.81,not_found,"Semillas, Especias y Condimentos",shared_or_open,shared_cross_company,heuristic_category,pending_review,dictionary_candidate_shared,review_for_dictionary_mapping
5464,188,Consomé de Pollo,,Virtual Locations/Production,32.0,not_found,"Semillas, Especias y Condimentos",shared_or_open,shared_cross_company,heuristic_category,pending_review,dictionary_candidate_shared,review_for_dictionary_mapping
5465,188,Consomé de Pollo,,Virtual Locations/Inventory adjustment,-0.1,not_found,"Semillas, Especias y Condimentos",shared_or_open,shared_cross_company,heuristic_category,pending_review,dictionary_candidate_shared,review_for_dictionary_mapping
5466,188,Consomé de Pollo,,Virtual Locations/Inventory adjustment,25.31,not_found,"Semillas, Especias y Condimentos",shared_or_open,shared_cross_company,heuristic_category,pending_review,dictionary_candidate_shared,review_for_dictionary_mapping
5467,188,Consomé de Pollo,,Virtual Locations/Production,-3.54,not_found,"Semillas, Especias y Condimentos",shared_or_open,shared_cross_company,heuristic_category,pending_review,dictionary_candidate_shared,review_for_dictionary_mapping
5468,188,Consomé de Pollo,,FONDA/Existencias/Cocina,0.0,not_found,"Semillas, Especias y Condimentos",shared_or_open,shared_cross_company,heuristic_category,pending_review,dictionary_candidate_shared,review_for_dictionary_mapping
5469,188,Consomé de Pollo,,FONDA/Existencias/Cocina,3.86,not_found,"Semillas, Especias y Condimentos",shared_or_open,shared_cross_company,heuristic_category,pending_review,dictionary_candidate_shared,review_for_dictionary_mapping
5470,188,Consomé de Pollo,,TACOS/Existencias/Cocina,0.13,not_found,"Semillas, Especias y Condimentos",shared_or_open,shared_cross_company,heuristic_category,pending_review,dictionary_candidate_shared,review_for_dictionary_mapping
5471,188,Consomé de Pollo,,FONDA/Existencias/Almacén,7.0,not_found,"Semillas, Especias y Condimentos",shared_or_open,shared_cross_company,heuristic_category,pending_review,dictionary_candidate_shared,review_for_dictionary_mapping
5472,188,Consomé de Pollo,,FONDA/Existencias/Almacén,0.0,not_found,"Semillas, Especias y Condimentos",shared_or_open,shared_cross_company,heuristic_category,pending_review,dictionary_candidate_shared,review_for_dictionary_mapping
5473,188,Consomé de Pollo,,FAMAQ/Existencias/Almacén,0.1,not_found,"Semillas, Especias y Condimentos",shared_or_open,shared_cross_company,heuristic_category,pending_review,dictionary_candidate_shared,review_for_dictionary_mapping
5474,188,Consomé de Pollo,,Virtual Locations/Inventory adjustment,-3.3,not_found,"Semillas, Especias y Condimentos",shared_or_open,shared_cross_company,heuristic_category,pending_review,dictionary_candidate_shared,review_for_dictionary_mapping
5475,188,Consomé de Pollo,,FACY/Existencias/Cocina,3.3,not_found,"Semillas, Especias y Condimentos",shared_or_open,shared_cross_company,heuristic_category,pending_review,dictionary_candidate_shared,review_for_dictionary_mapping
5476,210,Plato con Taza (juego de te),,Partners/Vendors,-58.0,not_found,Loza,shared_or_open,shared_cross_company,review_scope_shared_heuristic,pending_review,dictionary_candidate_shared,review_for_dictionary_mapping
5477,210,Plato con Taza (juego de te),,Partners/Customers,71.0,not_found,Loza,shared_or_open,shared_cross_company,review_scope_shared_heuristic,pending_review,dictionary_candidate_shared,review_for_dictionary_mapping
5478,210,Plato con Taza (juego de te),,Virtual Locations/Inventory adjustment,-16.0,not_found,Loza,shared_or_open,shared_cross_company,review_scope_shared_heuristic,pending_review,dictionary_candidate_shared,review_for_dictionary_mapping
5479,210,Plato con Taza (juego de te),,Virtual Locations/Inventory adjustment,3.0,not_found,Loza,shared_or_open,shared_cross_company,review_scope_shared_heuristic,pending_review,dictionary_candidate_shared,review_for_dictionary_mapping
5480,213,Porta te de cerámica (juego de te),,Partners/Vendors,-58.0,not_found,Loza,shared_or_open,shared_cross_company,review_scope_shared_heuristic,pending_review,dictionary_candidate_shared,review_for_dictionary_mapping
5481,213,Porta te de cerámica (juego de te),,Partners/Customers,71.0,not_found,Loza,shared_or_open,shared_cross_company,review_scope_shared_heuristic,pending_review,dictionary_candidate_shared,review_for_dictionary_mapping
5482,213,Porta te de cerámica (juego de te),,Virtual Locations/Inventory adjustment,-16.0,not_found,Loza,shared_or_open,shared_cross_company,review_scope_shared_heuristic,pending_review,dictionary_candidate_shared,review_for_dictionary_mapping
5483,213,Porta te de cerámica (juego de te),,Virtual Locations/Inventory adjustment,3.0,not_found,Loza,shared_or_open,shared_cross_company,review_scope_shared_heuristic,pending_review,dictionary_candidate_shared,review_for_dictionary_mapping
5484,217,Tetera (juego de te),,Partners/Vendors,-63.0,not_found,Loza,shared_or_open,shared_cross_company,review_scope_shared_heuristic,pending_review,dictionary_candidate_shared,review_for_dictionary_mapping
5485,217,Tetera (juego de te),,Partners/Customers,71.0,not_found,Loza,shared_or_open,shared_cross_company,review_scope_shared_heuristic,pending_review,dictionary_candidate_shared,review_for_dictionary_mapping
5486,217,Tetera (juego de te),,Virtual Locations/Inventory adjustment,-11.0,not_found,Loza,shared_or_open,shared_cross_company,review_scope_shared_heuristic,pending_review,dictionary_candidate_shared,review_for_dictionary_mapping
5487,217,Tetera (juego de te),,Virtual Locations/Inventory adjustment,3.0,not_found,Loza,shared_or_open,shared_cross_company,review_scope_shared_heuristic,pending_review,dictionary_candidate_shared,review_for_dictionary_mapping
5488,227,Hinojo Molido,,Partners/Vendors,-50.0,not_found,"Semillas, Especias y Condimentos",shared_or_open,shared_cross_company,heuristic_category,pending_review,dictionary_candidate_shared,review_for_dictionary_mapping
5489,227,Hinojo Molido,,Partners/Customers,3.3,not_found,"Semillas, Especias y Condimentos",shared_or_open,shared_cross_company,heuristic_category,pending_review,dictionary_candidate_shared,review_for_dictionary_mapping
5490,227,Hinojo Molido,,Virtual Locations/Inventory adjustment,-2.1,not_found,"Semillas, Especias y Condimentos",shared_or_open,shared_cross_company,heuristic_category,pending_review,dictionary_candidate_shared,review_for_dictionary_mapping
5491,227,Hinojo Molido,,Virtual Locations/Production,46.51,not_found,"Semillas, Especias y Condimentos",shared_or_open,shared_cross_company,heuristic_category,pending_review,dictionary_candidate_shared,review_for_dictionary_mapping
5492,227,Hinojo Molido,,Virtual Locations/Scrap,0.06,not_found,"Semillas, Especias y Condimentos",shared_or_open,shared_cross_company,heuristic_category,pending_review,dictionary_candidate_shared,review_for_dictionary_mapping
5493,227,Hinojo Molido,,Bodeg/Embutidos,2.23,not_found,"Semillas, Especias y Condimentos",shared_or_open,shared_cross_company,heuristic_category,pending_review,dictionary_candidate_shared,review_for_dictionary_mapping
5494,229,Pasta de ajo,,Partners/Vendors,-17.0,not_found,"Semillas, Especias y Condimentos",shared_or_open,shared_cross_company,heuristic_category,pending_review,dictionary_candidate_shared,review_for_dictionary_mapping
5495,229,Pasta de ajo,,Partners/Customers,1.65,not_found,"Semillas, Especias y Condimentos",shared_or_open,shared_cross_company,heuristic_category,pending_review,dictionary_candidate_shared,review_for_dictionary_mapping
5496,229,Pasta de ajo,,Virtual Locations/Inventory adjustment,-9.52,not_found,"Semillas, Especias y Condimentos",shared_or_open,shared_cross_company,heuristic_category,pending_review,dictionary_candidate_shared,review_for_dictionary_mapping
5497,229,Pasta de ajo,,Virtual Locations/Production,23.64,not_found,"Semillas, Especias y Condimentos",shared_or_open,shared_cross_company,heuristic_category,pending_review,dictionary_candidate_shared,review_for_dictionary_mapping
5498,229,Pasta de ajo,,Virtual Locations/Scrap,0.03,not_found,"Semillas, Especias y Condimentos",shared_or_open,shared_cross_company,heuristic_category,pending_review,dictionary_candidate_shared,review_for_dictionary_mapping
5499,229,Pasta de ajo,,Bodeg/Embutidos,1.2,not_found,"Semillas, Especias y Condimentos",shared_or_open,shared_cross_company,heuristic_category,pending_review,dictionary_candidate_shared,review_for_dictionary_mapping
5500,232,Pimienta Negra Quebrada,,Partners/Vendors,-137.1,not_found,"Semillas, Especias y Condimentos",shared_or_open,shared_cross_company,heuristic_category,pending_review,dictionary_candidate_shared,review_for_dictionary_mapping
5501,232,Pimienta Negra Quebrada,,Partners/Customers,2.4,not_found,"Semillas, Especias y Condimentos",shared_or_open,shared_cross_company,heuristic_category,pending_review,dictionary_candidate_shared,review_for_dictionary_mapping
5502,232,Pimienta Negra Quebrada,,Virtual Locations/Inventory adjustment,-3.1,not_found,"Semillas, Especias y Condimentos",shared_or_open,shared_cross_company,heuristic_category,pending_review,dictionary_candidate_shared,review_for_dictionary_mapping
5503,232,Pimienta Negra Quebrada,,Virtual Locations/Production,39.47,not_found,"Semillas, Especias y Condimentos",shared_or_open,shared_cross_company,heuristic_category,pending_review,dictionary_candidate_shared,review_for_dictionary_mapping
5504,232,Pimienta Negra Quebrada,,Virtual Locations/Scrap,0.04,not_found,"Semillas, Especias y Condimentos",shared_or_open,shared_cross_company,heuristic_category,pending_review,dictionary_candidate_shared,review_for_dictionary_mapping
5505,232,Pimienta Negra Quebrada,,Virtual Locations/Inventory adjustment,-7.67,not_found,"Semillas, Especias y Condimentos",shared_or_open,shared_cross_company,heuristic_category,pending_review,dictionary_candidate_shared,review_for_dictionary_mapping
5506,232,Pimienta Negra Quebrada,,Virtual Locations/Production,79.07,not_found,"Semillas, Especias y Condimentos",shared_or_open,shared_cross_company,heuristic_category,pending_review,dictionary_candidate_shared,review_for_dictionary_mapping
5507,232,Pimienta Negra Quebrada,,Virtual Locations/Scrap,0.01,not_found,"Semillas, Especias y Condimentos",shared_or_open,shared_cross_company,heuristic_category,pending_review,dictionary_candidate_shared,review_for_dictionary_mapping
5508,232,Pimienta Negra Quebrada,,Empan/Existencias,22.69,not_found,"Semillas, Especias y Condimentos",shared_or_open,shared_cross_company,heuristic_category,pending_review,dictionary_candidate_shared,review_for_dictionary_mapping
5509,232,Pimienta Negra Quebrada,,Bodeg/Embutidos,4.19,not_found,"Semillas, Especias y Condimentos",shared_or_open,shared_cross_company,heuristic_category,pending_review,dictionary_candidate_shared,review_for_dictionary_mapping
5510,234,Sanacel 400,,Partners/Vendors,-220.0,not_found,Materia prima,shared_or_open,shared_cross_company,heuristic_category,pending_review,dictionary_candidate_shared,review_for_dictionary_mapping
5511,234,Sanacel 400,,Partners/Customers,6.6,not_found,Materia prima,shared_or_open,shared_cross_company,heuristic_category,pending_review,dictionary_candidate_shared,review_for_dictionary_mapping
5512,234,Sanacel 400,,Virtual Locations/Inventory adjustment,-15.87,not_found,Materia prima,shared_or_open,shared_cross_company,heuristic_category,pending_review,dictionary_candidate_shared,review_for_dictionary_mapping
5513,234,Sanacel 400,,Virtual Locations/Production,223.85,not_found,Materia prima,shared_or_open,shared_cross_company,heuristic_category,pending_review,dictionary_candidate_shared,review_for_dictionary_mapping
5514,234,Sanacel 400,,Virtual Locations/Scrap,0.32,not_found,Materia prima,shared_or_open,shared_cross_company,heuristic_category,pending_review,dictionary_candidate_shared,review_for_dictionary_mapping
5515,234,Sanacel 400,,Bodeg/Embutidos,5.1,not_found,Materia prima,shared_or_open,shared_cross_company,heuristic_category,pending_review,dictionary_candidate_shared,review_for_dictionary_mapping
5516,303,Alfajor Mini domo 32 piezas,,FONDA/Existencias/Bar,288.0,not_found,Pasteles,shared_or_open,shared_cross_company,heuristic_category,pending_review,dictionary_candidate_shared,review_for_dictionary_mapping
5517,303,Alfajor Mini domo 32 piezas,,FONDA/Existencias/Bar,128.0,not_found,Pasteles,shared_or_open,shared_cross_company,heuristic_category,pending_review,dictionary_candidate_shared,review_for_dictionary_mapping
5518,303,Alfajor Mini domo 32 piezas,,FONDA/Existencias/Bar,244.0,not_found,Pasteles,shared_or_open,shared_cross_company,heuristic_category,pending_review,dictionary_candidate_shared,review_for_dictionary_mapping
5519,303,Alfajor Mini domo 32 piezas,,FAMAQ/Existencias/Bar,12.0,not_found,Pasteles,shared_or_open,shared_cross_company,heuristic_category,pending_review,dictionary_candidate_shared,review_for_dictionary_mapping
5520,303,Alfajor Mini domo 32 piezas,,Virtual Locations/Inventory adjustment,-35.0,not_found,Pasteles,shared_or_open,shared_cross_company,heuristic_category,pending_review,dictionary_candidate_shared,review_for_dictionary_mapping
5521,303,Alfajor Mini domo 32 piezas,,FACY/Existencias/Bar,28.0,not_found,Pasteles,shared_or_open,shared_cross_company,heuristic_category,pending_review,dictionary_candidate_shared,review_for_dictionary_mapping
5522,304,Baguette,,Partners/Customers,510.0,not_found,Pan,shared_or_open,shared_cross_company,review_scope_shared_heuristic,pending_review,dictionary_candidate_shared,review_for_dictionary_mapping
5523,304,Baguette,,Virtual Locations/Inventory adjustment,-146.0,not_found,Pan,shared_or_open,shared_cross_company,review_scope_shared_heuristic,pending_review,dictionary_candidate_shared,review_for_dictionary_mapping
5524,304,Baguette,,Virtual Locations/Production,-384.0,not_found,Pan,shared_or_open,shared_cross_company,review_scope_shared_heuristic,pending_review,dictionary_candidate_shared,review_for_dictionary_mapping
5525,304,Baguette,,Virtual Locations/Scrap,20.0,not_found,Pan,shared_or_open,shared_cross_company,review_scope_shared_heuristic,pending_review,dictionary_candidate_shared,review_for_dictionary_mapping
5526,308,Chocotorta,,Virtual Locations/Inter-company transit,1043.0,not_found,Pasteles,shared_or_open,shared_cross_company,heuristic_category,pending_review,dictionary_candidate_shared,review_for_dictionary_mapping
5527,308,Chocotorta,,Virtual Locations/Inventory adjustment,-27.0,not_found,Pasteles,shared_or_open,shared_cross_company,heuristic_category,pending_review,dictionary_candidate_shared,review_for_dictionary_mapping
5528,308,Chocotorta,,Virtual Locations/Production,-6267.0,not_found,Pasteles,shared_or_open,shared_cross_company,heuristic_category,pending_review,dictionary_candidate_shared,review_for_dictionary_mapping
5529,308,Chocotorta,,Virtual Locations/Scrap,131.0,not_found,Pasteles,shared_or_open,shared_cross_company,heuristic_category,pending_review,dictionary_candidate_shared,review_for_dictionary_mapping
5530,308,Chocotorta,,Bodeg/Existencias,42.0,not_found,Pasteles,shared_or_open,shared_cross_company,heuristic_category,pending_review,dictionary_candidate_shared,review_for_dictionary_mapping
5531,308,Chocotorta,,Virtual Locations/Inventory adjustment,-6.04,not_found,Pasteles,shared_or_open,shared_cross_company,heuristic_category,pending_review,dictionary_candidate_shared,review_for_dictionary_mapping
5532,308,Chocotorta,,Virtual Locations/Inventory adjustment,-1.22,not_found,Pasteles,shared_or_open,shared_cross_company,heuristic_category,pending_review,dictionary_candidate_shared,review_for_dictionary_mapping
5533,308,Chocotorta,,Virtual Locations/Inventory adjustment,-0.78,not_found,Pasteles,shared_or_open,shared_cross_company,heuristic_category,pending_review,dictionary_candidate_shared,review_for_dictionary_mapping
5534,308,Chocotorta,,Virtual Locations/Production,34.46,not_found,Pasteles,shared_or_open,shared_cross_company,heuristic_category,pending_review,dictionary_candidate_shared,review_for_dictionary_mapping
5535,308,Chocotorta,,Virtual Locations/Scrap,1.0,not_found,Pasteles,shared_or_open,shared_cross_company,heuristic_category,pending_review,dictionary_candidate_shared,review_for_dictionary_mapping
5536,308,Chocotorta,,Virtual Locations/Inventory adjustment,-0.13,not_found,Pasteles,shared_or_open,shared_cross_company,heuristic_category,pending_review,dictionary_candidate_shared,review_for_dictionary_mapping
5537,308,Chocotorta,,Virtual Locations/Production,0.13,not_found,Pasteles,shared_or_open,shared_cross_company,heuristic_category,pending_review,dictionary_candidate_shared,review_for_dictionary_mapping
5538,308,Chocotorta,,Virtual Locations/Inventory adjustment,-0.13,not_found,Pasteles,shared_or_open,shared_cross_company,heuristic_category,pending_review,dictionary_candidate_shared,review_for_dictionary_mapping
5539,308,Chocotorta,,FONDA/Existencias/Cocina,4.63,not_found,Pasteles,shared_or_open,shared_cross_company,heuristic_category,pending_review,dictionary_candidate_shared,review_for_dictionary_mapping
5540,308,Chocotorta,,FONDA/Existencias/Cocina,2.61,not_found,Pasteles,shared_or_open,shared_cross_company,heuristic_category,pending_review,dictionary_candidate_shared,review_for_dictionary_mapping
5541,308,Chocotorta,,FAMAQ/Existencias/Cocina,1.0,not_found,Pasteles,shared_or_open,shared_cross_company,heuristic_category,pending_review,dictionary_candidate_shared,review_for_dictionary_mapping
5542,308,Chocotorta,,Virtual Locations/Inventory adjustment,-0.75,not_found,Pasteles,shared_or_open,shared_cross_company,heuristic_category,pending_review,dictionary_candidate_shared,review_for_dictionary_mapping
5543,308,Chocotorta,,FACY/Existencias/Cocina,2.75,not_found,Pasteles,shared_or_open,shared_cross_company,heuristic_category,pending_review,dictionary_candidate_shared,review_for_dictionary_mapping
5544,309,Craquelado de Manzana y Nuez,,Partners/Vendors,-199.0,not_found,Pasteles,shared_or_open,shared_cross_company,heuristic_category,pending_review,dictionary_candidate_shared,review_for_dictionary_mapping
5545,309,Craquelado de Manzana y Nuez,,Partners/Customers,3732.99,not_found,Pasteles,shared_or_open,shared_cross_company,heuristic_category,pending_review,dictionary_candidate_shared,review_for_dictionary_mapping
5546,309,Craquelado de Manzana y Nuez,,Virtual Locations/Inter-company transit,1061.26,not_found,Pasteles,shared_or_open,shared_cross_company,heuristic_category,pending_review,dictionary_candidate_shared,review_for_dictionary_mapping
5547,309,Craquelado de Manzana y Nuez,,Virtual Locations/Inventory adjustment,-14.26,not_found,Pasteles,shared_or_open,shared_cross_company,heuristic_category,pending_review,dictionary_candidate_shared,review_for_dictionary_mapping
5548,309,Craquelado de Manzana y Nuez,,Virtual Locations/Production,-4716.0,not_found,Pasteles,shared_or_open,shared_cross_company,heuristic_category,pending_review,dictionary_candidate_shared,review_for_dictionary_mapping
5549,309,Craquelado de Manzana y Nuez,,Virtual Locations/Scrap,57.0,not_found,Pasteles,shared_or_open,shared_cross_company,heuristic_category,pending_review,dictionary_candidate_shared,review_for_dictionary_mapping
5550,309,Craquelado de Manzana y Nuez,,Bodeg/Existencias,11.0,not_found,Pasteles,shared_or_open,shared_cross_company,heuristic_category,pending_review,dictionary_candidate_shared,review_for_dictionary_mapping
5551,309,Craquelado de Manzana y Nuez,,Virtual Locations/Inventory adjustment,-6.22,not_found,Pasteles,shared_or_open,shared_cross_company,heuristic_category,pending_review,dictionary_candidate_shared,review_for_dictionary_mapping
5552,309,Craquelado de Manzana y Nuez,,Virtual Locations/Inventory adjustment,-0.85,not_found,Pasteles,shared_or_open,shared_cross_company,heuristic_category,pending_review,dictionary_candidate_shared,review_for_dictionary_mapping
5553,309,Craquelado de Manzana y Nuez,,Virtual Locations/Inventory adjustment,-2.39,not_found,Pasteles,shared_or_open,shared_cross_company,heuristic_category,pending_review,dictionary_candidate_shared,review_for_dictionary_mapping
5554,309,Craquelado de Manzana y Nuez,,Virtual Locations/Production,49.27,not_found,Pasteles,shared_or_open,shared_cross_company,heuristic_category,pending_review,dictionary_candidate_shared,review_for_dictionary_mapping
5555,309,Craquelado de Manzana y Nuez,,Virtual Locations/Inventory adjustment,-0.5,not_found,Pasteles,shared_or_open,shared_cross_company,heuristic_category,pending_review,dictionary_candidate_shared,review_for_dictionary_mapping
5556,309,Craquelado de Manzana y Nuez,,Virtual Locations/Production,0.5,not_found,Pasteles,shared_or_open,shared_cross_company,heuristic_category,pending_review,dictionary_candidate_shared,review_for_dictionary_mapping
5557,309,Craquelado de Manzana y Nuez,,FONDA/Existencias/Cocina,4.0,not_found,Pasteles,shared_or_open,shared_cross_company,heuristic_category,pending_review,dictionary_candidate_shared,review_for_dictionary_mapping
5558,309,Craquelado de Manzana y Nuez,,FONDA/Existencias/Cocina,2.0,not_found,Pasteles,shared_or_open,shared_cross_company,heuristic_category,pending_review,dictionary_candidate_shared,review_for_dictionary_mapping
5559,309,Craquelado de Manzana y Nuez,,FAMAQ/Existencias/Cocina,1.0,not_found,Pasteles,shared_or_open,shared_cross_company,heuristic_category,pending_review,dictionary_candidate_shared,review_for_dictionary_mapping
5560,310,Helado de Chocolate,,Partners/Vendors,-185.84,not_found,Helados,shared_or_open,shared_cross_company,review_scope_shared_heuristic,pending_review,dictionary_candidate_shared,review_for_dictionary_mapping
5561,310,Helado de Chocolate,,Partners/Customers,228.12,not_found,Helados,shared_or_open,shared_cross_company,review_scope_shared_heuristic,pending_review,dictionary_candidate_shared,review_for_dictionary_mapping
5562,310,Helado de Chocolate,,Virtual Locations/Inventory adjustment,-70.95,not_found,Helados,shared_or_open,shared_cross_company,review_scope_shared_heuristic,pending_review,dictionary_candidate_shared,review_for_dictionary_mapping
5563,310,Helado de Chocolate,,Virtual Locations/Inventory adjustment,-4.56,not_found,Helados,shared_or_open,shared_cross_company,review_scope_shared_heuristic,pending_review,dictionary_candidate_shared,review_for_dictionary_mapping
5564,310,Helado de Chocolate,,Virtual Locations/Inventory adjustment,-2.11,not_found,Helados,shared_or_open,shared_cross_company,review_scope_shared_heuristic,pending_review,dictionary_candidate_shared,review_for_dictionary_mapping
5565,310,Helado de Chocolate,,Virtual Locations/Inventory adjustment,-2.29,not_found,Helados,shared_or_open,shared_cross_company,review_scope_shared_heuristic,pending_review,dictionary_candidate_shared,review_for_dictionary_mapping
5566,317,Palillo Bambú 30 cm,,Virtual Locations/Inventory adjustment,-1495.0,not_found,Material de Empaque,shared_or_open,shared_cross_company,heuristic_category,pending_review,dictionary_candidate_shared,review_for_dictionary_mapping
5567,320,Aceite Vegetal,,Partners/Vendors,-39979.0,not_found,Aceites,shared_or_open,shared_cross_company,heuristic_category,pending_review,dictionary_candidate_shared,review_for_dictionary_mapping
5568,320,Aceite Vegetal,,Virtual Locations/Inventory adjustment,-129.5,not_found,Aceites,shared_or_open,shared_cross_company,heuristic_category,pending_review,dictionary_candidate_shared,review_for_dictionary_mapping
5569,320,Aceite Vegetal,,Virtual Locations/Production,38068.5,not_found,Aceites,shared_or_open,shared_cross_company,heuristic_category,pending_review,dictionary_candidate_shared,review_for_dictionary_mapping
5570,320,Aceite Vegetal,,Virtual Locations/Scrap,56.0,not_found,Aceites,shared_or_open,shared_cross_company,heuristic_category,pending_review,dictionary_candidate_shared,review_for_dictionary_mapping
5571,320,Aceite Vegetal,,Bodeg/Existencias,1692.0,not_found,Aceites,shared_or_open,shared_cross_company,heuristic_category,pending_review,dictionary_candidate_shared,review_for_dictionary_mapping
5572,320,Aceite Vegetal,,Virtual Locations/Inventory adjustment,-38.39,not_found,Aceites,shared_or_open,shared_cross_company,heuristic_category,pending_review,dictionary_candidate_shared,review_for_dictionary_mapping
5573,320,Aceite Vegetal,,Virtual Locations/Production,183.79,not_found,Aceites,shared_or_open,shared_cross_company,heuristic_category,pending_review,dictionary_candidate_shared,review_for_dictionary_mapping
5574,320,Aceite Vegetal,,Empan/Existencias,14.6,not_found,Aceites,shared_or_open,shared_cross_company,heuristic_category,pending_review,dictionary_candidate_shared,review_for_dictionary_mapping
5575,320,Aceite Vegetal,,Bodeg/Panadería y pastelería,68.0,not_found,Aceites,shared_or_open,shared_cross_company,heuristic_category,pending_review,dictionary_candidate_shared,review_for_dictionary_mapping
5576,320,Aceite Vegetal,,Virtual Locations/Inventory adjustment,20.0,not_found,Aceites,shared_or_open,shared_cross_company,heuristic_category,pending_review,dictionary_candidate_shared,review_for_dictionary_mapping
5577,321,Grasa Vegetal,,Partners/Vendors,-3672.0,not_found,Aceites,shared_or_open,shared_cross_company,heuristic_category,pending_review,dictionary_candidate_shared,review_for_dictionary_mapping
5578,321,Grasa Vegetal,,Virtual Locations/Inventory adjustment,-11.0,not_found,Aceites,shared_or_open,shared_cross_company,heuristic_category,pending_review,dictionary_candidate_shared,review_for_dictionary_mapping
5579,321,Grasa Vegetal,,Virtual Locations/Scrap,11.0,not_found,Aceites,shared_or_open,shared_cross_company,heuristic_category,pending_review,dictionary_candidate_shared,review_for_dictionary_mapping
5580,321,Grasa Vegetal,,Virtual Locations/Inventory adjustment,-95.33,not_found,Aceites,shared_or_open,shared_cross_company,heuristic_category,pending_review,dictionary_candidate_shared,review_for_dictionary_mapping
5581,321,Grasa Vegetal,,Virtual Locations/Production,3546.2,not_found,Aceites,shared_or_open,shared_cross_company,heuristic_category,pending_review,dictionary_candidate_shared,review_for_dictionary_mapping
5582,321,Grasa Vegetal,,Virtual Locations/Scrap,15.03,not_found,Aceites,shared_or_open,shared_cross_company,heuristic_category,pending_review,dictionary_candidate_shared,review_for_dictionary_mapping
5583,323,Orégano,,Partners/Vendors,-126.6,not_found,"Semillas, Especias y Condimentos",shared_or_open,shared_cross_company,heuristic_category,pending_review,dictionary_candidate_shared,review_for_dictionary_mapping
5584,323,Orégano,,Partners/Customers,1.1,not_found,"Semillas, Especias y Condimentos",shared_or_open,shared_cross_company,heuristic_category,pending_review,dictionary_candidate_shared,review_for_dictionary_mapping
5585,323,Orégano,,Virtual Locations/Inventory adjustment,-14.74,not_found,"Semillas, Especias y Condimentos",shared_or_open,shared_cross_company,heuristic_category,pending_review,dictionary_candidate_shared,review_for_dictionary_mapping
5586,323,Orégano,,Virtual Locations/Production,24.14,not_found,"Semillas, Especias y Condimentos",shared_or_open,shared_cross_company,heuristic_category,pending_review,dictionary_candidate_shared,review_for_dictionary_mapping
5587,323,Orégano,,Virtual Locations/Inventory adjustment,-3.07,not_found,"Semillas, Especias y Condimentos",shared_or_open,shared_cross_company,heuristic_category,pending_review,dictionary_candidate_shared,review_for_dictionary_mapping
5588,323,Orégano,,Virtual Locations/Production,95.53,not_found,"Semillas, Especias y Condimentos",shared_or_open,shared_cross_company,heuristic_category,pending_review,dictionary_candidate_shared,review_for_dictionary_mapping
5589,323,Orégano,,Virtual Locations/Scrap,0.01,not_found,"Semillas, Especias y Condimentos",shared_or_open,shared_cross_company,heuristic_category,pending_review,dictionary_candidate_shared,review_for_dictionary_mapping
5590,323,Orégano,,Empan/Existencias,22.03,not_found,"Semillas, Especias y Condimentos",shared_or_open,shared_cross_company,heuristic_category,pending_review,dictionary_candidate_shared,review_for_dictionary_mapping
5591,323,Orégano,,Virtual Locations/Inventory adjustment,1.1,not_found,"Semillas, Especias y Condimentos",shared_or_open,shared_cross_company,heuristic_category,pending_review,dictionary_candidate_shared,review_for_dictionary_mapping
5592,323,Orégano,,Virtual Locations/Inventory adjustment,0.35,not_found,"Semillas, Especias y Condimentos",shared_or_open,shared_cross_company,heuristic_category,pending_review,dictionary_candidate_shared,review_for_dictionary_mapping
5593,323,Orégano,,TACOS/Existencias/Cocina,0.15,not_found,"Semillas, Especias y Condimentos",shared_or_open,shared_cross_company,heuristic_category,pending_review,dictionary_candidate_shared,review_for_dictionary_mapping
5594,324,Paprika,,Partners/Vendors,-703.85,not_found,"Semillas, Especias y Condimentos",shared_or_open,shared_cross_company,heuristic_category,pending_review,dictionary_candidate_shared,review_for_dictionary_mapping
5595,324,Paprika,,Partners/Customers,32.66,not_found,"Semillas, Especias y Condimentos",shared_or_open,shared_cross_company,heuristic_category,pending_review,dictionary_candidate_shared,review_for_dictionary_mapping
5596,324,Paprika,,Virtual Locations/Inventory adjustment,2.56,not_found,"Semillas, Especias y Condimentos",shared_or_open,shared_cross_company,heuristic_category,pending_review,dictionary_candidate_shared,review_for_dictionary_mapping
5597,324,Paprika,,Virtual Locations/Production,397.45,not_found,"Semillas, Especias y Condimentos",shared_or_open,shared_cross_company,heuristic_category,pending_review,dictionary_candidate_shared,review_for_dictionary_mapping
5598,324,Paprika,,Virtual Locations/Scrap,0.5,not_found,"Semillas, Especias y Condimentos",shared_or_open,shared_cross_company,heuristic_category,pending_review,dictionary_candidate_shared,review_for_dictionary_mapping
5599,324,Paprika,,Bodeg/Existencias,35.18,not_found,"Semillas, Especias y Condimentos",shared_or_open,shared_cross_company,heuristic_category,pending_review,dictionary_candidate_shared,review_for_dictionary_mapping
5600,324,Paprika,,Virtual Locations/Inventory adjustment,-6.09,not_found,"Semillas, Especias y Condimentos",shared_or_open,shared_cross_company,heuristic_category,pending_review,dictionary_candidate_shared,review_for_dictionary_mapping
5601,324,Paprika,,Virtual Locations/Production,215.96,not_found,"Semillas, Especias y Condimentos",shared_or_open,shared_cross_company,heuristic_category,pending_review,dictionary_candidate_shared,review_for_dictionary_mapping
5602,324,Paprika,,Virtual Locations/Scrap,0.02,not_found,"Semillas, Especias y Condimentos",shared_or_open,shared_cross_company,heuristic_category,pending_review,dictionary_candidate_shared,review_for_dictionary_mapping
5603,324,Paprika,,Empan/Existencias,18.4,not_found,"Semillas, Especias y Condimentos",shared_or_open,shared_cross_company,heuristic_category,pending_review,dictionary_candidate_shared,review_for_dictionary_mapping
5604,324,Paprika,,Bodeg/Panadería y pastelería,6.8,not_found,"Semillas, Especias y Condimentos",shared_or_open,shared_cross_company,heuristic_category,pending_review,dictionary_candidate_shared,review_for_dictionary_mapping
5605,324,Paprika,,Virtual Locations/Inventory adjustment,-0.03,not_found,"Semillas, Especias y Condimentos",shared_or_open,shared_cross_company,heuristic_category,pending_review,dictionary_candidate_shared,review_for_dictionary_mapping
5606,324,Paprika,,Virtual Locations/Inventory adjustment,-2.06,not_found,"Semillas, Especias y Condimentos",shared_or_open,shared_cross_company,heuristic_category,pending_review,dictionary_candidate_shared,review_for_dictionary_mapping
5607,324,Paprika,,TACOS/Existencias/Cocina,0.25,not_found,"Semillas, Especias y Condimentos",shared_or_open,shared_cross_company,heuristic_category,pending_review,dictionary_candidate_shared,review_for_dictionary_mapping
5608,324,Paprika,,FONDA/Existencias/Almacén,2.0,not_found,"Semillas, Especias y Condimentos",shared_or_open,shared_cross_company,heuristic_category,pending_review,dictionary_candidate_shared,review_for_dictionary_mapping
5609,327,Harina de Trigo,,Partners/Vendors,-67253.0,not_found,Materia prima,shared_or_open,shared_cross_company,heuristic_category,pending_review,dictionary_candidate_shared,review_for_dictionary_mapping
5610,327,Harina de Trigo,,Partners/Customers,4322.06,not_found,Materia prima,shared_or_open,shared_cross_company,heuristic_category,pending_review,dictionary_candidate_shared,review_for_dictionary_mapping
5611,327,Harina de Trigo,,Virtual Locations/Inter-company transit,981.0,not_found,Materia prima,shared_or_open,shared_cross_company,heuristic_category,pending_review,dictionary_candidate_shared,review_for_dictionary_mapping
5612,327,Harina de Trigo,,Virtual Locations/Inventory adjustment,86.44,not_found,Materia prima,shared_or_open,shared_cross_company,heuristic_category,pending_review,dictionary_candidate_shared,review_for_dictionary_mapping
5613,327,Harina de Trigo,,Virtual Locations/Production,22367.5,not_found,Materia prima,shared_or_open,shared_cross_company,heuristic_category,pending_review,dictionary_candidate_shared,review_for_dictionary_mapping
5614,327,Harina de Trigo,,Virtual Locations/Scrap,32.5,not_found,Materia prima,shared_or_open,shared_cross_company,heuristic_category,pending_review,dictionary_candidate_shared,review_for_dictionary_mapping
5615,327,Harina de Trigo,,Bodeg/Existencias,697.0,not_found,Materia prima,shared_or_open,shared_cross_company,heuristic_category,pending_review,dictionary_candidate_shared,review_for_dictionary_mapping
5616,327,Harina de Trigo,,Virtual Locations/Inventory adjustment,1425.67,not_found,Materia prima,shared_or_open,shared_cross_company,heuristic_category,pending_review,dictionary_candidate_shared,review_for_dictionary_mapping
5617,327,Harina de Trigo,,Virtual Locations/Production,36455.73,not_found,Materia prima,shared_or_open,shared_cross_company,heuristic_category,pending_review,dictionary_candidate_shared,review_for_dictionary_mapping
5618,327,Harina de Trigo,,Empan/Existencias,618.6,not_found,Materia prima,shared_or_open,shared_cross_company,heuristic_category,pending_review,dictionary_candidate_shared,review_for_dictionary_mapping
5619,327,Harina de Trigo,,Bodeg/Panadería y pastelería,27.5,not_found,Materia prima,shared_or_open,shared_cross_company,heuristic_category,pending_review,dictionary_candidate_shared,review_for_dictionary_mapping
5620,327,Harina de Trigo,,Bodeg/PASTELERIA Y REPOSTERIA,0.0,not_found,Materia prima,shared_or_open,shared_cross_company,heuristic_category,pending_review,dictionary_candidate_shared,review_for_dictionary_mapping
5621,327,Harina de Trigo,,Virtual Locations/Inventory adjustment,44.26,not_found,Materia prima,shared_or_open,shared_cross_company,heuristic_category,pending_review,dictionary_candidate_shared,review_for_dictionary_mapping
5622,327,Harina de Trigo,,Virtual Locations/Production,27.54,not_found,Materia prima,shared_or_open,shared_cross_company,heuristic_category,pending_review,dictionary_candidate_shared,review_for_dictionary_mapping
5623,327,Harina de Trigo,,Virtual Locations/Inventory adjustment,25.62,not_found,Materia prima,shared_or_open,shared_cross_company,heuristic_category,pending_review,dictionary_candidate_shared,review_for_dictionary_mapping
5624,327,Harina de Trigo,,Virtual Locations/Production,25.13,not_found,Materia prima,shared_or_open,shared_cross_company,heuristic_category,pending_review,dictionary_candidate_shared,review_for_dictionary_mapping
5625,327,Harina de Trigo,,Virtual Locations/Inventory adjustment,-1.37,not_found,Materia prima,shared_or_open,shared_cross_company,heuristic_category,pending_review,dictionary_candidate_shared,review_for_dictionary_mapping
5626,327,Harina de Trigo,,Virtual Locations/Production,33.62,not_found,Materia prima,shared_or_open,shared_cross_company,heuristic_category,pending_review,dictionary_candidate_shared,review_for_dictionary_mapping
5627,327,Harina de Trigo,,Virtual Locations/Inventory adjustment,-4.8,not_found,Materia prima,shared_or_open,shared_cross_company,heuristic_category,pending_review,dictionary_candidate_shared,review_for_dictionary_mapping
5628,327,Harina de Trigo,,Virtual Locations/Inventory adjustment,9.61,not_found,Materia prima,shared_or_open,shared_cross_company,heuristic_category,pending_review,dictionary_candidate_shared,review_for_dictionary_mapping
5629,327,Harina de Trigo,,Virtual Locations/Production,1.89,not_found,Materia prima,shared_or_open,shared_cross_company,heuristic_category,pending_review,dictionary_candidate_shared,review_for_dictionary_mapping
5630,327,Harina de Trigo,,FONDA/Existencias/Cocina,2.2,not_found,Materia prima,shared_or_open,shared_cross_company,heuristic_category,pending_review,dictionary_candidate_shared,review_for_dictionary_mapping
5631,327,Harina de Trigo,,FONDA/Existencias/Cocina,2.25,not_found,Materia prima,shared_or_open,shared_cross_company,heuristic_category,pending_review,dictionary_candidate_shared,review_for_dictionary_mapping
5632,327,Harina de Trigo,,FONDA/Existencias/Cocina,2.75,not_found,Materia prima,shared_or_open,shared_cross_company,heuristic_category,pending_review,dictionary_candidate_shared,review_for_dictionary_mapping
5633,327,Harina de Trigo,,FAMAQ/Existencias/Cocina,4.8,not_found,Materia prima,shared_or_open,shared_cross_company,heuristic_category,pending_review,dictionary_candidate_shared,review_for_dictionary_mapping
5634,329,Margarina Flex Azul,,Partners/Vendors,-4000.0,not_found,Materia prima,shared_or_open,shared_cross_company,heuristic_category,pending_review,dictionary_candidate_shared,review_for_dictionary_mapping
5635,329,Margarina Flex Azul,,Virtual Locations/Inventory adjustment,68.6,not_found,Materia prima,shared_or_open,shared_cross_company,heuristic_category,pending_review,dictionary_candidate_shared,review_for_dictionary_mapping
5636,329,Margarina Flex Azul,,Virtual Locations/Production,3837.4,not_found,Materia prima,shared_or_open,shared_cross_company,heuristic_category,pending_review,dictionary_candidate_shared,review_for_dictionary_mapping
5637,329,Margarina Flex Azul,,Empan/Existencias,94.0,not_found,Materia prima,shared_or_open,shared_cross_company,heuristic_category,pending_review,dictionary_candidate_shared,review_for_dictionary_mapping
5638,332,Carne Molida Especial,,Virtual Locations/Scrap,0.98,not_found,Carne de res,shared_or_open,shared_cross_company,heuristic_category,pending_review,dictionary_candidate_shared,review_for_dictionary_mapping
5639,332,Carne Molida Especial,,Virtual Locations/Inventory adjustment,637.04,not_found,Carne de res,shared_or_open,shared_cross_company,heuristic_category,pending_review,dictionary_candidate_shared,review_for_dictionary_mapping
5640,332,Carne Molida Especial,,Virtual Locations/Production,22796.38,not_found,Carne de res,shared_or_open,shared_cross_company,heuristic_category,pending_review,dictionary_candidate_shared,review_for_dictionary_mapping
5641,332,Carne Molida Especial,,Empan/Existencias,40.0,not_found,Carne de res,shared_or_open,shared_cross_company,heuristic_category,pending_review,dictionary_candidate_shared,review_for_dictionary_mapping
5642,332,Carne Molida Especial,,Virtual Locations/Inventory adjustment,21.97,not_found,Carne de res,shared_or_open,shared_cross_company,heuristic_category,pending_review,dictionary_candidate_shared,review_for_dictionary_mapping
5643,332,Carne Molida Especial,,Virtual Locations/Production,15.52,not_found,Carne de res,shared_or_open,shared_cross_company,heuristic_category,pending_review,dictionary_candidate_shared,review_for_dictionary_mapping
5644,334,Cebolla Extra,,Partners/Vendors,-82679.41,not_found,Frutas y Verduras,shared_or_open,shared_cross_company,heuristic_category,pending_review,dictionary_candidate_shared,review_for_dictionary_mapping
5645,334,Cebolla Extra,,Partners/Customers,31565.75,not_found,Frutas y Verduras,shared_or_open,shared_cross_company,heuristic_category,pending_review,dictionary_candidate_shared,review_for_dictionary_mapping
5646,334,Cebolla Extra,,Virtual Locations/Inter-company transit,8066.52,not_found,Frutas y Verduras,shared_or_open,shared_cross_company,heuristic_category,pending_review,dictionary_candidate_shared,review_for_dictionary_mapping
5647,334,Cebolla Extra,,Virtual Locations/Inventory adjustment,2921.88,not_found,Frutas y Verduras,shared_or_open,shared_cross_company,heuristic_category,pending_review,dictionary_candidate_shared,review_for_dictionary_mapping
5648,334,Cebolla Extra,,Virtual Locations/Production,4147.82,not_found,Frutas y Verduras,shared_or_open,shared_cross_company,heuristic_category,pending_review,dictionary_candidate_shared,review_for_dictionary_mapping
5649,334,Cebolla Extra,,Virtual Locations/Scrap,833.17,not_found,Frutas y Verduras,shared_or_open,shared_cross_company,heuristic_category,pending_review,dictionary_candidate_shared,review_for_dictionary_mapping
5650,334,Cebolla Extra,,Bodeg/Existencias,589.96,not_found,Frutas y Verduras,shared_or_open,shared_cross_company,heuristic_category,pending_review,dictionary_candidate_shared,review_for_dictionary_mapping
5651,334,Cebolla Extra,,Virtual Locations/Inventory adjustment,1220.0,not_found,Frutas y Verduras,shared_or_open,shared_cross_company,heuristic_category,pending_review,dictionary_candidate_shared,review_for_dictionary_mapping
5652,334,Cebolla Extra,,Virtual Locations/Production,31648.5,not_found,Frutas y Verduras,shared_or_open,shared_cross_company,heuristic_category,pending_review,dictionary_candidate_shared,review_for_dictionary_mapping
5653,334,Cebolla Extra,,Empan/Existencias,20.5,not_found,Frutas y Verduras,shared_or_open,shared_cross_company,heuristic_category,pending_review,dictionary_candidate_shared,review_for_dictionary_mapping
5654,334,Cebolla Extra,,Bodeg/Panadería y pastelería,56.62,not_found,Frutas y Verduras,shared_or_open,shared_cross_company,heuristic_category,pending_review,dictionary_candidate_shared,review_for_dictionary_mapping
5655,334,Cebolla Extra,,Bodeg/PASTELERIA Y REPOSTERIA,1.8,not_found,Frutas y Verduras,shared_or_open,shared_cross_company,heuristic_category,pending_review,dictionary_candidate_shared,review_for_dictionary_mapping
5656,334,Cebolla Extra,,Virtual Locations/Inventory adjustment,414.45,not_found,Frutas y Verduras,shared_or_open,shared_cross_company,heuristic_category,pending_review,dictionary_candidate_shared,review_for_dictionary_mapping
5657,334,Cebolla Extra,,Virtual Locations/Production,31.02,not_found,Frutas y Verduras,shared_or_open,shared_cross_company,heuristic_category,pending_review,dictionary_candidate_shared,review_for_dictionary_mapping
5658,334,Cebolla Extra,,Virtual Locations/Scrap,27.41,not_found,Frutas y Verduras,shared_or_open,shared_cross_company,heuristic_category,pending_review,dictionary_candidate_shared,review_for_dictionary_mapping
5659,334,Cebolla Extra,,Virtual Locations/Inventory adjustment,363.92,not_found,Frutas y Verduras,shared_or_open,shared_cross_company,heuristic_category,pending_review,dictionary_candidate_shared,review_for_dictionary_mapping
5660,334,Cebolla Extra,,Virtual Locations/Production,10.33,not_found,Frutas y Verduras,shared_or_open,shared_cross_company,heuristic_category,pending_review,dictionary_candidate_shared,review_for_dictionary_mapping
5661,334,Cebolla Extra,,Virtual Locations/Scrap,13.24,not_found,Frutas y Verduras,shared_or_open,shared_cross_company,heuristic_category,pending_review,dictionary_candidate_shared,review_for_dictionary_mapping
5662,334,Cebolla Extra,,Virtual Locations/Inventory adjustment,5.12,not_found,Frutas y Verduras,shared_or_open,shared_cross_company,heuristic_category,pending_review,dictionary_candidate_shared,review_for_dictionary_mapping
5663,334,Cebolla Extra,,Virtual Locations/Production,50.22,not_found,Frutas y Verduras,shared_or_open,shared_cross_company,heuristic_category,pending_review,dictionary_candidate_shared,review_for_dictionary_mapping
5664,334,Cebolla Extra,,Virtual Locations/Scrap,67.55,not_found,Frutas y Verduras,shared_or_open,shared_cross_company,heuristic_category,pending_review,dictionary_candidate_shared,review_for_dictionary_mapping
5665,334,Cebolla Extra,,Virtual Locations/Inventory adjustment,-7.74,not_found,Frutas y Verduras,shared_or_open,shared_cross_company,heuristic_category,pending_review,dictionary_candidate_shared,review_for_dictionary_mapping
5666,334,Cebolla Extra,,Virtual Locations/Inventory adjustment,114.71,not_found,Frutas y Verduras,shared_or_open,shared_cross_company,heuristic_category,pending_review,dictionary_candidate_shared,review_for_dictionary_mapping
5667,334,Cebolla Extra,,Virtual Locations/Production,10.39,not_found,Frutas y Verduras,shared_or_open,shared_cross_company,heuristic_category,pending_review,dictionary_candidate_shared,review_for_dictionary_mapping
5668,334,Cebolla Extra,,Virtual Locations/Scrap,9.2,not_found,Frutas y Verduras,shared_or_open,shared_cross_company,heuristic_category,pending_review,dictionary_candidate_shared,review_for_dictionary_mapping
5669,334,Cebolla Extra,,FONDA/Existencias/Cocina,32.2,not_found,Frutas y Verduras,shared_or_open,shared_cross_company,heuristic_category,pending_review,dictionary_candidate_shared,review_for_dictionary_mapping
5670,334,Cebolla Extra,,FONDA/Existencias/Cocina,26.83,not_found,Frutas y Verduras,shared_or_open,shared_cross_company,heuristic_category,pending_review,dictionary_candidate_shared,review_for_dictionary_mapping
5671,334,Cebolla Extra,,FONDA/Existencias/Cocina,14.27,not_found,Frutas y Verduras,shared_or_open,shared_cross_company,heuristic_category,pending_review,dictionary_candidate_shared,review_for_dictionary_mapping
5672,334,Cebolla Extra,,FAMAQ/Existencias/Cocina,3.4,not_found,Frutas y Verduras,shared_or_open,shared_cross_company,heuristic_category,pending_review,dictionary_candidate_shared,review_for_dictionary_mapping
5673,334,Cebolla Extra,,Virtual Locations/Inventory adjustment,-4.89,not_found,Frutas y Verduras,shared_or_open,shared_cross_company,heuristic_category,pending_review,dictionary_candidate_shared,review_for_dictionary_mapping
5674,334,Cebolla Extra,,FACY/Existencias/Cocina,4.4,not_found,Frutas y Verduras,shared_or_open,shared_cross_company,heuristic_category,pending_review,dictionary_candidate_shared,review_for_dictionary_mapping
5675,394,Masa para Pizza,,Partners/Vendors,-479.0,not_found,Pasteleria Preparados,shared_or_open,shared_cross_company,heuristic_category,pending_review,dictionary_candidate_shared,review_for_dictionary_mapping
5676,394,Masa para Pizza,,Partners/Customers,18686.5,not_found,Pasteleria Preparados,shared_or_open,shared_cross_company,heuristic_category,pending_review,dictionary_candidate_shared,review_for_dictionary_mapping
5677,394,Masa para Pizza,,Virtual Locations/Inter-company transit,4327.0,not_found,Pasteleria Preparados,shared_or_open,shared_cross_company,heuristic_category,pending_review,dictionary_candidate_shared,review_for_dictionary_mapping
5678,394,Masa para Pizza,,Virtual Locations/Inventory adjustment,-37.0,not_found,Pasteleria Preparados,shared_or_open,shared_cross_company,heuristic_category,pending_review,dictionary_candidate_shared,review_for_dictionary_mapping
5679,394,Masa para Pizza,,Virtual Locations/Production,-23014.0,not_found,Pasteleria Preparados,shared_or_open,shared_cross_company,heuristic_category,pending_review,dictionary_candidate_shared,review_for_dictionary_mapping
5680,394,Masa para Pizza,,Virtual Locations/Scrap,441.0,not_found,Pasteleria Preparados,shared_or_open,shared_cross_company,heuristic_category,pending_review,dictionary_candidate_shared,review_for_dictionary_mapping
5681,394,Masa para Pizza,,Bodeg/Existencias,38.0,not_found,Pasteleria Preparados,shared_or_open,shared_cross_company,heuristic_category,pending_review,dictionary_candidate_shared,review_for_dictionary_mapping
5682,394,Masa para Pizza,,Virtual Locations/Inventory adjustment,-13.0,not_found,Pasteleria Preparados,shared_or_open,shared_cross_company,heuristic_category,pending_review,dictionary_candidate_shared,review_for_dictionary_mapping
5683,394,Masa para Pizza,,FONDA/Existencias/Parrilla,54.0,not_found,Pasteleria Preparados,shared_or_open,shared_cross_company,heuristic_category,pending_review,dictionary_candidate_shared,review_for_dictionary_mapping
5684,394,Masa para Pizza,,Virtual Locations/Inventory adjustment,-9.0,not_found,Pasteleria Preparados,shared_or_open,shared_cross_company,heuristic_category,pending_review,dictionary_candidate_shared,review_for_dictionary_mapping
5685,394,Masa para Pizza,,FACY/Existencias/Parrilla,5.5,not_found,Pasteleria Preparados,shared_or_open,shared_cross_company,heuristic_category,pending_review,dictionary_candidate_shared,review_for_dictionary_mapping
5686,414,Arándano Deshidratado,,Partners/Vendors,-6948.17,not_found,Frutas y Verduras,shared_or_open,shared_cross_company,heuristic_category,pending_review,dictionary_candidate_shared,review_for_dictionary_mapping
5687,414,Arándano Deshidratado,,Partners/Customers,5348.33,not_found,Frutas y Verduras,shared_or_open,shared_cross_company,heuristic_category,pending_review,dictionary_candidate_shared,review_for_dictionary_mapping
5688,414,Arándano Deshidratado,,Virtual Locations/Inter-company transit,1133.84,not_found,Frutas y Verduras,shared_or_open,shared_cross_company,heuristic_category,pending_review,dictionary_candidate_shared,review_for_dictionary_mapping
5689,414,Arándano Deshidratado,,Virtual Locations/Inventory adjustment,397.84,not_found,Frutas y Verduras,shared_or_open,shared_cross_company,heuristic_category,pending_review,dictionary_candidate_shared,review_for_dictionary_mapping
5690,414,Arándano Deshidratado,,Virtual Locations/Production,0.46,not_found,Frutas y Verduras,shared_or_open,shared_cross_company,heuristic_category,pending_review,dictionary_candidate_shared,review_for_dictionary_mapping
5691,414,Arándano Deshidratado,,Virtual Locations/Scrap,17.9,not_found,Frutas y Verduras,shared_or_open,shared_cross_company,heuristic_category,pending_review,dictionary_candidate_shared,review_for_dictionary_mapping
5692,414,Arándano Deshidratado,,Bodeg/Existencias,98.4,not_found,Frutas y Verduras,shared_or_open,shared_cross_company,heuristic_category,pending_review,dictionary_candidate_shared,review_for_dictionary_mapping
5693,414,Arándano Deshidratado,,Virtual Locations/Inventory adjustment,-14.06,not_found,Frutas y Verduras,shared_or_open,shared_cross_company,heuristic_category,pending_review,dictionary_candidate_shared,review_for_dictionary_mapping
5694,414,Arándano Deshidratado,,Virtual Locations/Scrap,0.03,not_found,Frutas y Verduras,shared_or_open,shared_cross_company,heuristic_category,pending_review,dictionary_candidate_shared,review_for_dictionary_mapping
5695,414,Arándano Deshidratado,,Virtual Locations/Inventory adjustment,2.43,not_found,Frutas y Verduras,shared_or_open,shared_cross_company,heuristic_category,pending_review,dictionary_candidate_shared,review_for_dictionary_mapping
5696,414,Arándano Deshidratado,,Virtual Locations/Inventory adjustment,-30.47,not_found,Frutas y Verduras,shared_or_open,shared_cross_company,heuristic_category,pending_review,dictionary_candidate_shared,review_for_dictionary_mapping
5697,414,Arándano Deshidratado,,Virtual Locations/Inventory adjustment,-1.69,not_found,Frutas y Verduras,shared_or_open,shared_cross_company,heuristic_category,pending_review,dictionary_candidate_shared,review_for_dictionary_mapping
5698,414,Arándano Deshidratado,,Virtual Locations/Inventory adjustment,-0.14,not_found,Frutas y Verduras,shared_or_open,shared_cross_company,heuristic_category,pending_review,dictionary_candidate_shared,review_for_dictionary_mapping
5699,414,Arándano Deshidratado,,FONDA/Existencias/Cocina,0.55,not_found,Frutas y Verduras,shared_or_open,shared_cross_company,heuristic_category,pending_review,dictionary_candidate_shared,review_for_dictionary_mapping
5700,414,Arándano Deshidratado,,FONDA/Existencias/Cocina,1.79,not_found,Frutas y Verduras,shared_or_open,shared_cross_company,heuristic_category,pending_review,dictionary_candidate_shared,review_for_dictionary_mapping
5701,414,Arándano Deshidratado,,FAMAQ/Existencias/Cocina,0.22,not_found,Frutas y Verduras,shared_or_open,shared_cross_company,heuristic_category,pending_review,dictionary_candidate_shared,review_for_dictionary_mapping
5702,414,Arándano Deshidratado,,TACOS/Existencias/Cocina,0.21,not_found,Frutas y Verduras,shared_or_open,shared_cross_company,heuristic_category,pending_review,dictionary_candidate_shared,review_for_dictionary_mapping
5703,414,Arándano Deshidratado,,FONDA/Existencias/Almacén,0.0,not_found,Frutas y Verduras,shared_or_open,shared_cross_company,heuristic_category,pending_review,dictionary_candidate_shared,review_for_dictionary_mapping
5704,414,Arándano Deshidratado,,Virtual Locations/Inventory adjustment,-1.13,not_found,Frutas y Verduras,shared_or_open,shared_cross_company,heuristic_category,pending_review,dictionary_candidate_shared,review_for_dictionary_mapping
5705,414,Arándano Deshidratado,,FACY/Existencias/Cocina,1.04,not_found,Frutas y Verduras,shared_or_open,shared_cross_company,heuristic_category,pending_review,dictionary_candidate_shared,review_for_dictionary_mapping
5706,415,Canela Molida,,Partners/Vendors,-11.0,not_found,"Semillas, Especias y Condimentos",shared_or_open,shared_cross_company,heuristic_category,pending_review,dictionary_candidate_shared,review_for_dictionary_mapping
5707,415,Canela Molida,,Partners/Customers,1.45,not_found,"Semillas, Especias y Condimentos",shared_or_open,shared_cross_company,heuristic_category,pending_review,dictionary_candidate_shared,review_for_dictionary_mapping
5708,415,Canela Molida,,Virtual Locations/Inventory adjustment,-6.85,not_found,"Semillas, Especias y Condimentos",shared_or_open,shared_cross_company,heuristic_category,pending_review,dictionary_candidate_shared,review_for_dictionary_mapping
5709,415,Canela Molida,,Virtual Locations/Production,14.99,not_found,"Semillas, Especias y Condimentos",shared_or_open,shared_cross_company,heuristic_category,pending_review,dictionary_candidate_shared,review_for_dictionary_mapping
5710,415,Canela Molida,,Bodeg/Panadería y pastelería,0.85,not_found,"Semillas, Especias y Condimentos",shared_or_open,shared_cross_company,heuristic_category,pending_review,dictionary_candidate_shared,review_for_dictionary_mapping
5711,415,Canela Molida,,Bodeg/Embutidos,1.01,not_found,"Semillas, Especias y Condimentos",shared_or_open,shared_cross_company,heuristic_category,pending_review,dictionary_candidate_shared,review_for_dictionary_mapping
5712,415,Canela Molida,,Virtual Locations/Inventory adjustment,-0.74,not_found,"Semillas, Especias y Condimentos",shared_or_open,shared_cross_company,heuristic_category,pending_review,dictionary_candidate_shared,review_for_dictionary_mapping
5713,415,Canela Molida,,Virtual Locations/Inventory adjustment,-0.46,not_found,"Semillas, Especias y Condimentos",shared_or_open,shared_cross_company,heuristic_category,pending_review,dictionary_candidate_shared,review_for_dictionary_mapping
5714,415,Canela Molida,,Virtual Locations/Inventory adjustment,-0.2,not_found,"Semillas, Especias y Condimentos",shared_or_open,shared_cross_company,heuristic_category,pending_review,dictionary_candidate_shared,review_for_dictionary_mapping
5715,415,Canela Molida,,Virtual Locations/Inventory adjustment,1.0,not_found,"Semillas, Especias y Condimentos",shared_or_open,shared_cross_company,heuristic_category,pending_review,dictionary_candidate_shared,review_for_dictionary_mapping
5716,420,Piña en Almíbar 3 kg,,Partners/Vendors,-1008.0,not_found,Enlatados y Conservas,shared_or_open,shared_cross_company,heuristic_category,pending_review,dictionary_candidate_shared,review_for_dictionary_mapping
5717,420,Piña en Almíbar 3 kg,,Partners/Customers,691.62,not_found,Enlatados y Conservas,shared_or_open,shared_cross_company,heuristic_category,pending_review,dictionary_candidate_shared,review_for_dictionary_mapping
5718,420,Piña en Almíbar 3 kg,,Virtual Locations/Inter-company transit,204.34,not_found,Enlatados y Conservas,shared_or_open,shared_cross_company,heuristic_category,pending_review,dictionary_candidate_shared,review_for_dictionary_mapping
5719,420,Piña en Almíbar 3 kg,,Virtual Locations/Inventory adjustment,26.71,not_found,Enlatados y Conservas,shared_or_open,shared_cross_company,heuristic_category,pending_review,dictionary_candidate_shared,review_for_dictionary_mapping
5720,420,Piña en Almíbar 3 kg,,Virtual Locations/Scrap,9.0,not_found,Enlatados y Conservas,shared_or_open,shared_cross_company,heuristic_category,pending_review,dictionary_candidate_shared,review_for_dictionary_mapping
5721,420,Piña en Almíbar 3 kg,,Bodeg/Existencias,74.95,not_found,Enlatados y Conservas,shared_or_open,shared_cross_company,heuristic_category,pending_review,dictionary_candidate_shared,review_for_dictionary_mapping
5722,420,Piña en Almíbar 3 kg,,Virtual Locations/Inventory adjustment,1.38,not_found,Enlatados y Conservas,shared_or_open,shared_cross_company,heuristic_category,pending_review,dictionary_candidate_shared,review_for_dictionary_mapping
5723,421,Vinagre de Yema,,Partners/Vendors,-21332.4,not_found,"Semillas, Especias y Condimentos",shared_or_open,shared_cross_company,heuristic_category,pending_review,dictionary_candidate_shared,review_for_dictionary_mapping
5724,421,Vinagre de Yema,,Partners/Customers,7720.67,not_found,"Semillas, Especias y Condimentos",shared_or_open,shared_cross_company,heuristic_category,pending_review,dictionary_candidate_shared,review_for_dictionary_mapping
5725,421,Vinagre de Yema,,Virtual Locations/Inter-company transit,1402.75,not_found,"Semillas, Especias y Condimentos",shared_or_open,shared_cross_company,heuristic_category,pending_review,dictionary_candidate_shared,review_for_dictionary_mapping
5726,421,Vinagre de Yema,,Virtual Locations/Inventory adjustment,130.76,not_found,"Semillas, Especias y Condimentos",shared_or_open,shared_cross_company,heuristic_category,pending_review,dictionary_candidate_shared,review_for_dictionary_mapping
5727,421,Vinagre de Yema,,Virtual Locations/Production,11015.55,not_found,"Semillas, Especias y Condimentos",shared_or_open,shared_cross_company,heuristic_category,pending_review,dictionary_candidate_shared,review_for_dictionary_mapping
5728,421,Vinagre de Yema,,Virtual Locations/Scrap,3.75,not_found,"Semillas, Especias y Condimentos",shared_or_open,shared_cross_company,heuristic_category,pending_review,dictionary_candidate_shared,review_for_dictionary_mapping
5729,421,Vinagre de Yema,,Bodeg/Existencias,973.0,not_found,"Semillas, Especias y Condimentos",shared_or_open,shared_cross_company,heuristic_category,pending_review,dictionary_candidate_shared,review_for_dictionary_mapping
5730,421,Vinagre de Yema,,Bodeg/Panadería y pastelería,124.59,not_found,"Semillas, Especias y Condimentos",shared_or_open,shared_cross_company,heuristic_category,pending_review,dictionary_candidate_shared,review_for_dictionary_mapping
5731,421,Vinagre de Yema,,Virtual Locations/Inventory adjustment,-32.76,not_found,"Semillas, Especias y Condimentos",shared_or_open,shared_cross_company,heuristic_category,pending_review,dictionary_candidate_shared,review_for_dictionary_mapping
5732,421,Vinagre de Yema,,Virtual Locations/Inventory adjustment,-44.22,not_found,"Semillas, Especias y Condimentos",shared_or_open,shared_cross_company,heuristic_category,pending_review,dictionary_candidate_shared,review_for_dictionary_mapping
5733,421,Vinagre de Yema,,Virtual Locations/Inventory adjustment,-6.45,not_found,"Semillas, Especias y Condimentos",shared_or_open,shared_cross_company,heuristic_category,pending_review,dictionary_candidate_shared,review_for_dictionary_mapping
5734,421,Vinagre de Yema,,Virtual Locations/Production,0.16,not_found,"Semillas, Especias y Condimentos",shared_or_open,shared_cross_company,heuristic_category,pending_review,dictionary_candidate_shared,review_for_dictionary_mapping
5735,421,Vinagre de Yema,,Virtual Locations/Inventory adjustment,-1.71,not_found,"Semillas, Especias y Condimentos",shared_or_open,shared_cross_company,heuristic_category,pending_review,dictionary_candidate_shared,review_for_dictionary_mapping
5736,421,Vinagre de Yema,,Virtual Locations/Inventory adjustment,-17.48,not_found,"Semillas, Especias y Condimentos",shared_or_open,shared_cross_company,heuristic_category,pending_review,dictionary_candidate_shared,review_for_dictionary_mapping
5737,421,Vinagre de Yema,,Virtual Locations/Production,0.22,not_found,"Semillas, Especias y Condimentos",shared_or_open,shared_cross_company,heuristic_category,pending_review,dictionary_candidate_shared,review_for_dictionary_mapping
5738,421,Vinagre de Yema,,FONDA/Existencias/Cocina,4.12,not_found,"Semillas, Especias y Condimentos",shared_or_open,shared_cross_company,heuristic_category,pending_review,dictionary_candidate_shared,review_for_dictionary_mapping
5739,421,Vinagre de Yema,,FAMAQ/Existencias/Cocina,0.1,not_found,"Semillas, Especias y Condimentos",shared_or_open,shared_cross_company,heuristic_category,pending_review,dictionary_candidate_shared,review_for_dictionary_mapping
5740,421,Vinagre de Yema,,FONDA/Existencias/Almacén,15.0,not_found,"Semillas, Especias y Condimentos",shared_or_open,shared_cross_company,heuristic_category,pending_review,dictionary_candidate_shared,review_for_dictionary_mapping
5741,421,Vinagre de Yema,,FONDA/Existencias/Almacén,20.0,not_found,"Semillas, Especias y Condimentos",shared_or_open,shared_cross_company,heuristic_category,pending_review,dictionary_candidate_shared,review_for_dictionary_mapping
5742,421,Vinagre de Yema,,FONDA/Existencias/Almacén,10.5,not_found,"Semillas, Especias y Condimentos",shared_or_open,shared_cross_company,heuristic_category,pending_review,dictionary_candidate_shared,review_for_dictionary_mapping
5743,421,Vinagre de Yema,,Virtual Locations/Inventory adjustment,-13.28,not_found,"Semillas, Especias y Condimentos",shared_or_open,shared_cross_company,heuristic_category,pending_review,dictionary_candidate_shared,review_for_dictionary_mapping
5744,421,Vinagre de Yema,,FACY/Existencias/Cocina,12.83,not_found,"Semillas, Especias y Condimentos",shared_or_open,shared_cross_company,heuristic_category,pending_review,dictionary_candidate_shared,review_for_dictionary_mapping
5745,427,Piña,,Partners/Vendors,-2370.98,not_found,Frutas y Verduras,shared_or_open,shared_cross_company,heuristic_category,pending_review,dictionary_candidate_shared,review_for_dictionary_mapping
5746,427,Piña,,Partners/Customers,1042.34,not_found,Frutas y Verduras,shared_or_open,shared_cross_company,heuristic_category,pending_review,dictionary_candidate_shared,review_for_dictionary_mapping
5747,427,Piña,,Virtual Locations/Inter-company transit,187.06,not_found,Frutas y Verduras,shared_or_open,shared_cross_company,heuristic_category,pending_review,dictionary_candidate_shared,review_for_dictionary_mapping
5748,427,Piña,,Virtual Locations/Inventory adjustment,124.92,not_found,Frutas y Verduras,shared_or_open,shared_cross_company,heuristic_category,pending_review,dictionary_candidate_shared,review_for_dictionary_mapping
5749,427,Piña,,Virtual Locations/Production,852.05,not_found,Frutas y Verduras,shared_or_open,shared_cross_company,heuristic_category,pending_review,dictionary_candidate_shared,review_for_dictionary_mapping
5750,427,Piña,,Virtual Locations/Scrap,103.36,not_found,Frutas y Verduras,shared_or_open,shared_cross_company,heuristic_category,pending_review,dictionary_candidate_shared,review_for_dictionary_mapping
5751,427,Piña,,Bodeg/Existencias,8.09,not_found,Frutas y Verduras,shared_or_open,shared_cross_company,heuristic_category,pending_review,dictionary_candidate_shared,review_for_dictionary_mapping
5752,427,Piña,,Virtual Locations/Inventory adjustment,2.7,not_found,Frutas y Verduras,shared_or_open,shared_cross_company,heuristic_category,pending_review,dictionary_candidate_shared,review_for_dictionary_mapping
5753,427,Piña,,Virtual Locations/Inventory adjustment,-1.69,not_found,Frutas y Verduras,shared_or_open,shared_cross_company,heuristic_category,pending_review,dictionary_candidate_shared,review_for_dictionary_mapping
5754,427,Piña,,Virtual Locations/Inventory adjustment,7.92,not_found,Frutas y Verduras,shared_or_open,shared_cross_company,heuristic_category,pending_review,dictionary_candidate_shared,review_for_dictionary_mapping
5755,427,Piña,,Virtual Locations/Scrap,13.12,not_found,Frutas y Verduras,shared_or_open,shared_cross_company,heuristic_category,pending_review,dictionary_candidate_shared,review_for_dictionary_mapping
5756,427,Piña,,Virtual Locations/Inventory adjustment,6.34,not_found,Frutas y Verduras,shared_or_open,shared_cross_company,heuristic_category,pending_review,dictionary_candidate_shared,review_for_dictionary_mapping
5757,427,Piña,,FONDA/Existencias/Bar,4.27,not_found,Frutas y Verduras,shared_or_open,shared_cross_company,heuristic_category,pending_review,dictionary_candidate_shared,review_for_dictionary_mapping
5758,427,Piña,,TACOS/Existencias/Parrilla,1.0,not_found,Frutas y Verduras,shared_or_open,shared_cross_company,heuristic_category,pending_review,dictionary_candidate_shared,review_for_dictionary_mapping
5759,427,Piña,,Virtual Locations/Inventory adjustment,-2.08,not_found,Frutas y Verduras,shared_or_open,shared_cross_company,heuristic_category,pending_review,dictionary_candidate_shared,review_for_dictionary_mapping
5760,427,Piña,,FACY/Existencias/Bar,2.08,not_found,Frutas y Verduras,shared_or_open,shared_cross_company,heuristic_category,pending_review,dictionary_candidate_shared,review_for_dictionary_mapping
5761,429,Salsa Catsup Grande,,Partners/Vendors,-1023.0,not_found,"Semillas, Especias y Condimentos",shared_or_open,shared_cross_company,heuristic_category,pending_review,dictionary_candidate_shared,review_for_dictionary_mapping
5762,429,Salsa Catsup Grande,,Partners/Customers,149.6,not_found,"Semillas, Especias y Condimentos",shared_or_open,shared_cross_company,heuristic_category,pending_review,dictionary_candidate_shared,review_for_dictionary_mapping
5763,429,Salsa Catsup Grande,,Virtual Locations/Inter-company transit,648.25,not_found,"Semillas, Especias y Condimentos",shared_or_open,shared_cross_company,heuristic_category,pending_review,dictionary_candidate_shared,review_for_dictionary_mapping
5764,429,Salsa Catsup Grande,,Virtual Locations/Inventory adjustment,88.4,not_found,"Semillas, Especias y Condimentos",shared_or_open,shared_cross_company,heuristic_category,pending_review,dictionary_candidate_shared,review_for_dictionary_mapping
5765,429,Salsa Catsup Grande,,Virtual Locations/Scrap,6.0,not_found,"Semillas, Especias y Condimentos",shared_or_open,shared_cross_company,heuristic_category,pending_review,dictionary_candidate_shared,review_for_dictionary_mapping
5766,429,Salsa Catsup Grande,,Bodeg/Existencias,124.75,not_found,"Semillas, Especias y Condimentos",shared_or_open,shared_cross_company,heuristic_category,pending_review,dictionary_candidate_shared,review_for_dictionary_mapping
5767,429,Salsa Catsup Grande,,FAMAQ/Existencias,3.0,not_found,"Semillas, Especias y Condimentos",shared_or_open,shared_cross_company,heuristic_category,pending_review,dictionary_candidate_shared,review_for_dictionary_mapping
5768,429,Salsa Catsup Grande,,Virtual Locations/Inventory adjustment,3.0,not_found,"Semillas, Especias y Condimentos",shared_or_open,shared_cross_company,heuristic_category,pending_review,dictionary_candidate_shared,review_for_dictionary_mapping
5769,430,Mostaza Grande,,Partners/Vendors,-664.38,not_found,"Semillas, Especias y Condimentos",shared_or_open,shared_cross_company,heuristic_category,pending_review,dictionary_candidate_shared,review_for_dictionary_mapping
5770,430,Mostaza Grande,,Partners/Customers,108.3,not_found,"Semillas, Especias y Condimentos",shared_or_open,shared_cross_company,heuristic_category,pending_review,dictionary_candidate_shared,review_for_dictionary_mapping
5771,430,Mostaza Grande,,Virtual Locations/Inter-company transit,116.6,not_found,"Semillas, Especias y Condimentos",shared_or_open,shared_cross_company,heuristic_category,pending_review,dictionary_candidate_shared,review_for_dictionary_mapping
5772,430,Mostaza Grande,,Virtual Locations/Inventory adjustment,-21.99,not_found,"Semillas, Especias y Condimentos",shared_or_open,shared_cross_company,heuristic_category,pending_review,dictionary_candidate_shared,review_for_dictionary_mapping
5773,430,Mostaza Grande,,Virtual Locations/Production,386.03,not_found,"Semillas, Especias y Condimentos",shared_or_open,shared_cross_company,heuristic_category,pending_review,dictionary_candidate_shared,review_for_dictionary_mapping
5774,430,Mostaza Grande,,Bodeg/Existencias,54.0,not_found,"Semillas, Especias y Condimentos",shared_or_open,shared_cross_company,heuristic_category,pending_review,dictionary_candidate_shared,review_for_dictionary_mapping
5775,430,Mostaza Grande,,Bodeg/Panadería y pastelería,18.44,not_found,"Semillas, Especias y Condimentos",shared_or_open,shared_cross_company,heuristic_category,pending_review,dictionary_candidate_shared,review_for_dictionary_mapping
5776,430,Mostaza Grande,,FAMAQ/Existencias,3.0,not_found,"Semillas, Especias y Condimentos",shared_or_open,shared_cross_company,heuristic_category,pending_review,dictionary_candidate_shared,review_for_dictionary_mapping
5777,431,Pan Molido,,Partners/Vendors,-401.57,not_found,Materia prima,shared_or_open,shared_cross_company,heuristic_category,pending_review,dictionary_candidate_shared,review_for_dictionary_mapping
5778,431,Pan Molido,,Partners/Customers,395.0,not_found,Materia prima,shared_or_open,shared_cross_company,heuristic_category,pending_review,dictionary_candidate_shared,review_for_dictionary_mapping
5779,431,Pan Molido,,Virtual Locations/Inventory adjustment,-20.0,not_found,Materia prima,shared_or_open,shared_cross_company,heuristic_category,pending_review,dictionary_candidate_shared,review_for_dictionary_mapping
5780,431,Pan Molido,,Virtual Locations/Inventory adjustment,-0.88,not_found,Materia prima,shared_or_open,shared_cross_company,heuristic_category,pending_review,dictionary_candidate_shared,review_for_dictionary_mapping
5781,431,Pan Molido,,Virtual Locations/Production,0.88,not_found,Materia prima,shared_or_open,shared_cross_company,heuristic_category,pending_review,dictionary_candidate_shared,review_for_dictionary_mapping
5782,431,Pan Molido,,Virtual Locations/Inventory adjustment,9.57,not_found,Materia prima,shared_or_open,shared_cross_company,heuristic_category,pending_review,dictionary_candidate_shared,review_for_dictionary_mapping
5783,431,Pan Molido,,Virtual Locations/Inventory adjustment,10.5,not_found,Materia prima,shared_or_open,shared_cross_company,heuristic_category,pending_review,dictionary_candidate_shared,review_for_dictionary_mapping
5784,431,Pan Molido,,Virtual Locations/Production,0.5,not_found,Materia prima,shared_or_open,shared_cross_company,heuristic_category,pending_review,dictionary_candidate_shared,review_for_dictionary_mapping
5785,432,Crayolas,,Partners/Vendors,-12130.0,not_found,Material de Empaque,shared_or_open,shared_cross_company,heuristic_category,pending_review,dictionary_candidate_shared,review_for_dictionary_mapping
5786,432,Crayolas,,Partners/Customers,7106.0,not_found,Material de Empaque,shared_or_open,shared_cross_company,heuristic_category,pending_review,dictionary_candidate_shared,review_for_dictionary_mapping
5787,432,Crayolas,,Virtual Locations/Inter-company transit,2616.0,not_found,Material de Empaque,shared_or_open,shared_cross_company,heuristic_category,pending_review,dictionary_candidate_shared,review_for_dictionary_mapping
5788,432,Crayolas,,Virtual Locations/Inventory adjustment,549.0,not_found,Material de Empaque,shared_or_open,shared_cross_company,heuristic_category,pending_review,dictionary_candidate_shared,review_for_dictionary_mapping
5789,432,Crayolas,,Virtual Locations/Production,100.0,not_found,Material de Empaque,shared_or_open,shared_cross_company,heuristic_category,pending_review,dictionary_candidate_shared,review_for_dictionary_mapping
5790,432,Crayolas,,Virtual Locations/Scrap,54.0,not_found,Material de Empaque,shared_or_open,shared_cross_company,heuristic_category,pending_review,dictionary_candidate_shared,review_for_dictionary_mapping
5791,432,Crayolas,,Bodeg/Existencias,1635.0,not_found,Material de Empaque,shared_or_open,shared_cross_company,heuristic_category,pending_review,dictionary_candidate_shared,review_for_dictionary_mapping
5792,433,Mayonesa Grande,,Partners/Vendors,-806.75,not_found,"Semillas, Especias y Condimentos",shared_or_open,shared_cross_company,heuristic_category,pending_review,dictionary_candidate_shared,review_for_dictionary_mapping
5793,433,Mayonesa Grande,,Partners/Customers,70.0,not_found,"Semillas, Especias y Condimentos",shared_or_open,shared_cross_company,heuristic_category,pending_review,dictionary_candidate_shared,review_for_dictionary_mapping
5794,433,Mayonesa Grande,,Virtual Locations/Inter-company transit,219.0,not_found,"Semillas, Especias y Condimentos",shared_or_open,shared_cross_company,heuristic_category,pending_review,dictionary_candidate_shared,review_for_dictionary_mapping
5795,433,Mayonesa Grande,,Virtual Locations/Inventory adjustment,69.3,not_found,"Semillas, Especias y Condimentos",shared_or_open,shared_cross_company,heuristic_category,pending_review,dictionary_candidate_shared,review_for_dictionary_mapping
5796,433,Mayonesa Grande,,Virtual Locations/Production,338.5,not_found,"Semillas, Especias y Condimentos",shared_or_open,shared_cross_company,heuristic_category,pending_review,dictionary_candidate_shared,review_for_dictionary_mapping
5797,433,Mayonesa Grande,,Virtual Locations/Scrap,5.7,not_found,"Semillas, Especias y Condimentos",shared_or_open,shared_cross_company,heuristic_category,pending_review,dictionary_candidate_shared,review_for_dictionary_mapping
5798,433,Mayonesa Grande,,Bodeg/Existencias,84.0,not_found,"Semillas, Especias y Condimentos",shared_or_open,shared_cross_company,heuristic_category,pending_review,dictionary_candidate_shared,review_for_dictionary_mapping
5799,433,Mayonesa Grande,,Bodeg/Panadería y pastelería,13.5,not_found,"Semillas, Especias y Condimentos",shared_or_open,shared_cross_company,heuristic_category,pending_review,dictionary_candidate_shared,review_for_dictionary_mapping
5800,433,Mayonesa Grande,,Virtual Locations/Inventory adjustment,2.5,not_found,"Semillas, Especias y Condimentos",shared_or_open,shared_cross_company,heuristic_category,pending_review,dictionary_candidate_shared,review_for_dictionary_mapping
5801,433,Mayonesa Grande,,TACOS/Existencias/Cocina,0.9,not_found,"Semillas, Especias y Condimentos",shared_or_open,shared_cross_company,heuristic_category,pending_review,dictionary_candidate_shared,review_for_dictionary_mapping
5802,434,Blueberry,,Partners/Vendors,-21.0,not_found,Frutas y Verduras,shared_or_open,shared_cross_company,heuristic_category,pending_review,dictionary_candidate_shared,review_for_dictionary_mapping
5803,434,Blueberry,,Partners/Customers,14.49,not_found,Frutas y Verduras,shared_or_open,shared_cross_company,heuristic_category,pending_review,dictionary_candidate_shared,review_for_dictionary_mapping
5804,434,Blueberry,,Virtual Locations/Inventory adjustment,-9.22,not_found,Frutas y Verduras,shared_or_open,shared_cross_company,heuristic_category,pending_review,dictionary_candidate_shared,review_for_dictionary_mapping
5805,434,Blueberry,,Virtual Locations/Production,11.28,not_found,Frutas y Verduras,shared_or_open,shared_cross_company,heuristic_category,pending_review,dictionary_candidate_shared,review_for_dictionary_mapping
5806,434,Blueberry,,Virtual Locations/Scrap,4.45,not_found,Frutas y Verduras,shared_or_open,shared_cross_company,heuristic_category,pending_review,dictionary_candidate_shared,review_for_dictionary_mapping
5807,463,Jugo de Naranja Tetrapack,,Partners/Vendors,-1478.58,not_found,Jugos,shared_or_open,shared_cross_company,review_scope_shared_heuristic,pending_review,dictionary_candidate_shared,review_for_dictionary_mapping
5808,463,Jugo de Naranja Tetrapack,,Partners/Customers,17.52,not_found,Jugos,shared_or_open,shared_cross_company,review_scope_shared_heuristic,pending_review,dictionary_candidate_shared,review_for_dictionary_mapping
5809,463,Jugo de Naranja Tetrapack,,Virtual Locations/Inventory adjustment,25.36,not_found,Jugos,shared_or_open,shared_cross_company,review_scope_shared_heuristic,pending_review,dictionary_candidate_shared,review_for_dictionary_mapping
5810,463,Jugo de Naranja Tetrapack,,Virtual Locations/Production,1142.54,not_found,Jugos,shared_or_open,shared_cross_company,review_scope_shared_heuristic,pending_review,dictionary_candidate_shared,review_for_dictionary_mapping
5811,463,Jugo de Naranja Tetrapack,,Virtual Locations/Scrap,38.5,not_found,Jugos,shared_or_open,shared_cross_company,review_scope_shared_heuristic,pending_review,dictionary_candidate_shared,review_for_dictionary_mapping
5812,463,Jugo de Naranja Tetrapack,,Bodeg/Existencias,82.56,not_found,Jugos,shared_or_open,shared_cross_company,review_scope_shared_heuristic,pending_review,dictionary_candidate_shared,review_for_dictionary_mapping
5813,463,Jugo de Naranja Tetrapack,,Bodeg/Panadería y pastelería,103.34,not_found,Jugos,shared_or_open,shared_cross_company,review_scope_shared_heuristic,pending_review,dictionary_candidate_shared,review_for_dictionary_mapping
5814,463,Jugo de Naranja Tetrapack,,Virtual Locations/Inventory adjustment,-1.28,not_found,Jugos,shared_or_open,shared_cross_company,review_scope_shared_heuristic,pending_review,dictionary_candidate_shared,review_for_dictionary_mapping
5815,463,Jugo de Naranja Tetrapack,,Virtual Locations/Production,12.8,not_found,Jugos,shared_or_open,shared_cross_company,review_scope_shared_heuristic,pending_review,dictionary_candidate_shared,review_for_dictionary_mapping
5816,463,Jugo de Naranja Tetrapack,,Virtual Locations/Inventory adjustment,-15.45,not_found,Jugos,shared_or_open,shared_cross_company,review_scope_shared_heuristic,pending_review,dictionary_candidate_shared,review_for_dictionary_mapping
5817,463,Jugo de Naranja Tetrapack,,Virtual Locations/Production,3.1,not_found,Jugos,shared_or_open,shared_cross_company,review_scope_shared_heuristic,pending_review,dictionary_candidate_shared,review_for_dictionary_mapping
5818,463,Jugo de Naranja Tetrapack,,Virtual Locations/Inventory adjustment,-11.54,not_found,Jugos,shared_or_open,shared_cross_company,review_scope_shared_heuristic,pending_review,dictionary_candidate_shared,review_for_dictionary_mapping
5819,463,Jugo de Naranja Tetrapack,,Virtual Locations/Production,22.6,not_found,Jugos,shared_or_open,shared_cross_company,review_scope_shared_heuristic,pending_review,dictionary_candidate_shared,review_for_dictionary_mapping
5820,463,Jugo de Naranja Tetrapack,,Virtual Locations/Inventory adjustment,-8.64,not_found,Jugos,shared_or_open,shared_cross_company,review_scope_shared_heuristic,pending_review,dictionary_candidate_shared,review_for_dictionary_mapping
5821,463,Jugo de Naranja Tetrapack,,Virtual Locations/Inventory adjustment,-0.02,not_found,Jugos,shared_or_open,shared_cross_company,review_scope_shared_heuristic,pending_review,dictionary_candidate_shared,review_for_dictionary_mapping
5822,463,Jugo de Naranja Tetrapack,,Virtual Locations/Production,0.02,not_found,Jugos,shared_or_open,shared_cross_company,review_scope_shared_heuristic,pending_review,dictionary_candidate_shared,review_for_dictionary_mapping
5823,463,Jugo de Naranja Tetrapack,,FONDA/Existencias/Cocina,1.0,not_found,Jugos,shared_or_open,shared_cross_company,review_scope_shared_heuristic,pending_review,dictionary_candidate_shared,review_for_dictionary_mapping
5824,463,Jugo de Naranja Tetrapack,,FONDA/Existencias/Cocina,1.06,not_found,Jugos,shared_or_open,shared_cross_company,review_scope_shared_heuristic,pending_review,dictionary_candidate_shared,review_for_dictionary_mapping
5825,463,Jugo de Naranja Tetrapack,,FAMAQ/Existencias/Cocina,8.64,not_found,Jugos,shared_or_open,shared_cross_company,review_scope_shared_heuristic,pending_review,dictionary_candidate_shared,review_for_dictionary_mapping
5826,463,Jugo de Naranja Tetrapack,,FONDA/Existencias/Almacén,11.35,not_found,Jugos,shared_or_open,shared_cross_company,review_scope_shared_heuristic,pending_review,dictionary_candidate_shared,review_for_dictionary_mapping
5827,463,Jugo de Naranja Tetrapack,,FONDA/Existencias/Almacén,10.56,not_found,Jugos,shared_or_open,shared_cross_company,review_scope_shared_heuristic,pending_review,dictionary_candidate_shared,review_for_dictionary_mapping
5828,463,Jugo de Naranja Tetrapack,,Virtual Locations/Inventory adjustment,-1.0,not_found,Jugos,shared_or_open,shared_cross_company,review_scope_shared_heuristic,pending_review,dictionary_candidate_shared,review_for_dictionary_mapping
5829,463,Jugo de Naranja Tetrapack,,FACY/Existencias/Cocina,1.0,not_found,Jugos,shared_or_open,shared_cross_company,review_scope_shared_heuristic,pending_review,dictionary_candidate_shared,review_for_dictionary_mapping
5830,464,Contenedor 9x9,,Partners/Vendors,-400.0,not_found,Material de Empaque,shared_or_open,shared_cross_company,heuristic_category,pending_review,dictionary_candidate_shared,review_for_dictionary_mapping
5831,464,Contenedor 9x9,,Partners/Customers,400.0,not_found,Material de Empaque,shared_or_open,shared_cross_company,heuristic_category,pending_review,dictionary_candidate_shared,review_for_dictionary_mapping
5832,464,Contenedor 9x9,,Virtual Locations/Inventory adjustment,-400.0,not_found,Material de Empaque,shared_or_open,shared_cross_company,heuristic_category,pending_review,dictionary_candidate_shared,review_for_dictionary_mapping
5833,464,Contenedor 9x9,,Virtual Locations/Scrap,400.0,not_found,Material de Empaque,shared_or_open,shared_cross_company,heuristic_category,pending_review,dictionary_candidate_shared,review_for_dictionary_mapping
5834,476,Sanitizante Sales Cuat. de Amonio,,Partners/Vendors,-48.0,not_found,Químicos,shared_or_open,shared_cross_company,review_scope_shared_heuristic,pending_review,dictionary_candidate_shared,review_for_dictionary_mapping
5835,476,Sanitizante Sales Cuat. de Amonio,,Virtual Locations/Inventory adjustment,-12.0,not_found,Químicos,shared_or_open,shared_cross_company,review_scope_shared_heuristic,pending_review,dictionary_candidate_shared,review_for_dictionary_mapping
5836,476,Sanitizante Sales Cuat. de Amonio,,Virtual Locations/Scrap,60.0,not_found,Químicos,shared_or_open,shared_cross_company,review_scope_shared_heuristic,pending_review,dictionary_candidate_shared,review_for_dictionary_mapping
5837,491,Contenedor Hamburguesero 6x6,,Partners/Customers,1000.0,not_found,Material de Empaque,shared_or_open,shared_cross_company,heuristic_category,pending_review,dictionary_candidate_shared,review_for_dictionary_mapping
5838,491,Contenedor Hamburguesero 6x6,,Virtual Locations/Inventory adjustment,-1000.0,not_found,Material de Empaque,shared_or_open,shared_cross_company,heuristic_category,pending_review,dictionary_candidate_shared,review_for_dictionary_mapping
5839,511,Cereza Roja (copia),,Partners/Vendors,-1024.74,not_found,Frutas y Verduras,shared_or_open,shared_cross_company,heuristic_category,pending_review,dictionary_candidate_shared,review_for_dictionary_mapping
5840,511,Cereza Roja (copia),,Partners/Customers,64.13,not_found,Frutas y Verduras,shared_or_open,shared_cross_company,heuristic_category,pending_review,dictionary_candidate_shared,review_for_dictionary_mapping
5841,511,Cereza Roja (copia),,Virtual Locations/Inter-company transit,71.9,not_found,Frutas y Verduras,shared_or_open,shared_cross_company,heuristic_category,pending_review,dictionary_candidate_shared,review_for_dictionary_mapping
5842,511,Cereza Roja (copia),,Virtual Locations/Inventory adjustment,157.04,not_found,Frutas y Verduras,shared_or_open,shared_cross_company,heuristic_category,pending_review,dictionary_candidate_shared,review_for_dictionary_mapping
5843,511,Cereza Roja (copia),,Virtual Locations/Production,553.18,not_found,Frutas y Verduras,shared_or_open,shared_cross_company,heuristic_category,pending_review,dictionary_candidate_shared,review_for_dictionary_mapping
5844,511,Cereza Roja (copia),,Virtual Locations/Scrap,10.68,not_found,Frutas y Verduras,shared_or_open,shared_cross_company,heuristic_category,pending_review,dictionary_candidate_shared,review_for_dictionary_mapping
5845,511,Cereza Roja (copia),,Bodeg/Existencias,105.1,not_found,Frutas y Verduras,shared_or_open,shared_cross_company,heuristic_category,pending_review,dictionary_candidate_shared,review_for_dictionary_mapping
5846,511,Cereza Roja (copia),,Bodeg/Panadería y pastelería,47.0,not_found,Frutas y Verduras,shared_or_open,shared_cross_company,heuristic_category,pending_review,dictionary_candidate_shared,review_for_dictionary_mapping
5847,511,Cereza Roja (copia),,Virtual Locations/Inventory adjustment,-1.5,not_found,Frutas y Verduras,shared_or_open,shared_cross_company,heuristic_category,pending_review,dictionary_candidate_shared,review_for_dictionary_mapping
5848,511,Cereza Roja (copia),,Virtual Locations/Inventory adjustment,-1.0,not_found,Frutas y Verduras,shared_or_open,shared_cross_company,heuristic_category,pending_review,dictionary_candidate_shared,review_for_dictionary_mapping
5849,511,Cereza Roja (copia),,Virtual Locations/Inventory adjustment,2.73,not_found,Frutas y Verduras,shared_or_open,shared_cross_company,heuristic_category,pending_review,dictionary_candidate_shared,review_for_dictionary_mapping
5850,511,Cereza Roja (copia),,Virtual Locations/Inventory adjustment,-1.9,not_found,Frutas y Verduras,shared_or_open,shared_cross_company,heuristic_category,pending_review,dictionary_candidate_shared,review_for_dictionary_mapping
5851,511,Cereza Roja (copia),,FONDA/Existencias/Bar,1.5,not_found,Frutas y Verduras,shared_or_open,shared_cross_company,heuristic_category,pending_review,dictionary_candidate_shared,review_for_dictionary_mapping
5852,511,Cereza Roja (copia),,FONDA/Existencias/Bar,0.62,not_found,Frutas y Verduras,shared_or_open,shared_cross_company,heuristic_category,pending_review,dictionary_candidate_shared,review_for_dictionary_mapping
5853,511,Cereza Roja (copia),,FONDA/Existencias/Cocina,3.5,not_found,Frutas y Verduras,shared_or_open,shared_cross_company,heuristic_category,pending_review,dictionary_candidate_shared,review_for_dictionary_mapping
5854,511,Cereza Roja (copia),,FAMAQ/Existencias/Bar,1.9,not_found,Frutas y Verduras,shared_or_open,shared_cross_company,heuristic_category,pending_review,dictionary_candidate_shared,review_for_dictionary_mapping
5855,511,Cereza Roja (copia),,FONDA/Existencias/Almacén,1.0,not_found,Frutas y Verduras,shared_or_open,shared_cross_company,heuristic_category,pending_review,dictionary_candidate_shared,review_for_dictionary_mapping
5856,525,Café Soluble,,Partners/Vendors,-9.0,not_found,Cafe y te,shared_or_open,shared_cross_company,heuristic_category,pending_review,dictionary_candidate_shared,review_for_dictionary_mapping
5857,525,Café Soluble,,Partners/Customers,2.44,not_found,Cafe y te,shared_or_open,shared_cross_company,heuristic_category,pending_review,dictionary_candidate_shared,review_for_dictionary_mapping
5858,525,Café Soluble,,Virtual Locations/Inventory adjustment,1.74,not_found,Cafe y te,shared_or_open,shared_cross_company,heuristic_category,pending_review,dictionary_candidate_shared,review_for_dictionary_mapping
5859,525,Café Soluble,,Virtual Locations/Production,2.26,not_found,Cafe y te,shared_or_open,shared_cross_company,heuristic_category,pending_review,dictionary_candidate_shared,review_for_dictionary_mapping
5860,525,Café Soluble,,Virtual Locations/Scrap,3.0,not_found,Cafe y te,shared_or_open,shared_cross_company,heuristic_category,pending_review,dictionary_candidate_shared,review_for_dictionary_mapping
5861,525,Café Soluble,,Bodeg/Panadería y pastelería,1.0,not_found,Cafe y te,shared_or_open,shared_cross_company,heuristic_category,pending_review,dictionary_candidate_shared,review_for_dictionary_mapping
5862,525,Café Soluble,,Virtual Locations/Inventory adjustment,-0.94,not_found,Cafe y te,shared_or_open,shared_cross_company,heuristic_category,pending_review,dictionary_candidate_shared,review_for_dictionary_mapping
5863,525,Café Soluble,,Virtual Locations/Production,0.15,not_found,Cafe y te,shared_or_open,shared_cross_company,heuristic_category,pending_review,dictionary_candidate_shared,review_for_dictionary_mapping
5864,525,Café Soluble,,Virtual Locations/Scrap,0.02,not_found,Cafe y te,shared_or_open,shared_cross_company,heuristic_category,pending_review,dictionary_candidate_shared,review_for_dictionary_mapping
5865,527,Ajonjoli Negro,,Virtual Locations/Inventory adjustment,-0.27,not_found,"Semillas, Especias y Condimentos",shared_or_open,shared_cross_company,heuristic_category,pending_review,dictionary_candidate_shared,review_for_dictionary_mapping
5866,528,Col Morada,,Partners/Vendors,-202.28,not_found,Frutas y Verduras,shared_or_open,shared_cross_company,heuristic_category,pending_review,dictionary_candidate_shared,review_for_dictionary_mapping
5867,528,Col Morada,,Partners/Customers,196.72,not_found,Frutas y Verduras,shared_or_open,shared_cross_company,heuristic_category,pending_review,dictionary_candidate_shared,review_for_dictionary_mapping
5868,528,Col Morada,,Virtual Locations/Inventory adjustment,-0.44,not_found,Frutas y Verduras,shared_or_open,shared_cross_company,heuristic_category,pending_review,dictionary_candidate_shared,review_for_dictionary_mapping
5869,528,Col Morada,,Virtual Locations/Scrap,6.0,not_found,Frutas y Verduras,shared_or_open,shared_cross_company,heuristic_category,pending_review,dictionary_candidate_shared,review_for_dictionary_mapping
5870,529,Frambuesa,,Partners/Vendors,-25.1,not_found,Frutas y Verduras,shared_or_open,shared_cross_company,heuristic_category,pending_review,dictionary_candidate_shared,review_for_dictionary_mapping
5871,529,Frambuesa,,Partners/Customers,22.85,not_found,Frutas y Verduras,shared_or_open,shared_cross_company,heuristic_category,pending_review,dictionary_candidate_shared,review_for_dictionary_mapping
5872,529,Frambuesa,,Virtual Locations/Inventory adjustment,-0.18,not_found,Frutas y Verduras,shared_or_open,shared_cross_company,heuristic_category,pending_review,dictionary_candidate_shared,review_for_dictionary_mapping
5873,529,Frambuesa,,Virtual Locations/Scrap,2.43,not_found,Frutas y Verduras,shared_or_open,shared_cross_company,heuristic_category,pending_review,dictionary_candidate_shared,review_for_dictionary_mapping
5874,533,Contendedor Verde 45x33.5 cm Imp,,Partners/Vendors,-30300.0,not_found,Material de Empaque,shared_or_open,shared_cross_company,heuristic_category,pending_review,dictionary_candidate_shared,review_for_dictionary_mapping
5875,533,Contendedor Verde 45x33.5 cm Imp,,Partners/Customers,31280.0,not_found,Material de Empaque,shared_or_open,shared_cross_company,heuristic_category,pending_review,dictionary_candidate_shared,review_for_dictionary_mapping
5876,533,Contendedor Verde 45x33.5 cm Imp,,Virtual Locations/Inventory adjustment,-1480.0,not_found,Material de Empaque,shared_or_open,shared_cross_company,heuristic_category,pending_review,dictionary_candidate_shared,review_for_dictionary_mapping
5877,540,1800 Añejo 700 Ml,,Partners/Vendors,-4.9,not_found,Tequila,shared_or_open,shared_cross_company,heuristic_category,pending_review,dictionary_candidate_shared,review_for_dictionary_mapping
5878,540,1800 Añejo 700 Ml,,Partners/Customers,8.94,not_found,Tequila,shared_or_open,shared_cross_company,heuristic_category,pending_review,dictionary_candidate_shared,review_for_dictionary_mapping
5879,540,1800 Añejo 700 Ml,,Virtual Locations/Inventory adjustment,-0.7,not_found,Tequila,shared_or_open,shared_cross_company,heuristic_category,pending_review,dictionary_candidate_shared,review_for_dictionary_mapping
5880,540,1800 Añejo 700 Ml,,Virtual Locations/Inventory adjustment,-2.98,not_found,Tequila,shared_or_open,shared_cross_company,heuristic_category,pending_review,dictionary_candidate_shared,review_for_dictionary_mapping
5881,540,1800 Añejo 700 Ml,,Virtual Locations/Inventory adjustment,-1.46,not_found,Tequila,shared_or_open,shared_cross_company,heuristic_category,pending_review,dictionary_candidate_shared,review_for_dictionary_mapping
5882,540,1800 Añejo 700 Ml,,Virtual Locations/Inventory adjustment,-1.02,not_found,Tequila,shared_or_open,shared_cross_company,heuristic_category,pending_review,dictionary_candidate_shared,review_for_dictionary_mapping
5883,540,1800 Añejo 700 Ml,,Virtual Locations/Inventory adjustment,-0.6,not_found,Tequila,shared_or_open,shared_cross_company,heuristic_category,pending_review,dictionary_candidate_shared,review_for_dictionary_mapping
5884,540,1800 Añejo 700 Ml,,FONDA/Existencias/Bar,1.4,not_found,Tequila,shared_or_open,shared_cross_company,heuristic_category,pending_review,dictionary_candidate_shared,review_for_dictionary_mapping
5885,540,1800 Añejo 700 Ml,,FONDA/Existencias/Bar,0.58,not_found,Tequila,shared_or_open,shared_cross_company,heuristic_category,pending_review,dictionary_candidate_shared,review_for_dictionary_mapping
5886,540,1800 Añejo 700 Ml,,FAMAQ/Existencias/Bar,0.6,not_found,Tequila,shared_or_open,shared_cross_company,heuristic_category,pending_review,dictionary_candidate_shared,review_for_dictionary_mapping
5887,547,Cafe Kahlua 1 Lt,,Partners/Vendors,-14.0,not_found,Licores,shared_or_open,shared_cross_company,review_scope_shared_heuristic,pending_review,dictionary_candidate_shared,review_for_dictionary_mapping
5888,547,Cafe Kahlua 1 Lt,,Partners/Customers,17.89,not_found,Licores,shared_or_open,shared_cross_company,review_scope_shared_heuristic,pending_review,dictionary_candidate_shared,review_for_dictionary_mapping
5889,547,Cafe Kahlua 1 Lt,,Virtual Locations/Inventory adjustment,-1.0,not_found,Licores,shared_or_open,shared_cross_company,review_scope_shared_heuristic,pending_review,dictionary_candidate_shared,review_for_dictionary_mapping
5890,547,Cafe Kahlua 1 Lt,,Virtual Locations/Inventory adjustment,-5.19,not_found,Licores,shared_or_open,shared_cross_company,review_scope_shared_heuristic,pending_review,dictionary_candidate_shared,review_for_dictionary_mapping
5891,547,Cafe Kahlua 1 Lt,,Virtual Locations/Inventory adjustment,-2.51,not_found,Licores,shared_or_open,shared_cross_company,review_scope_shared_heuristic,pending_review,dictionary_candidate_shared,review_for_dictionary_mapping
5892,547,Cafe Kahlua 1 Lt,,Virtual Locations/Inventory adjustment,-0.04,not_found,Licores,shared_or_open,shared_cross_company,review_scope_shared_heuristic,pending_review,dictionary_candidate_shared,review_for_dictionary_mapping
5893,547,Cafe Kahlua 1 Lt,,Virtual Locations/Inventory adjustment,-1.72,not_found,Licores,shared_or_open,shared_cross_company,review_scope_shared_heuristic,pending_review,dictionary_candidate_shared,review_for_dictionary_mapping
5894,547,Cafe Kahlua 1 Lt,,FONDA/Existencias/Bar,3.0,not_found,Licores,shared_or_open,shared_cross_company,review_scope_shared_heuristic,pending_review,dictionary_candidate_shared,review_for_dictionary_mapping
5895,547,Cafe Kahlua 1 Lt,,FONDA/Existencias/Bar,1.5,not_found,Licores,shared_or_open,shared_cross_company,review_scope_shared_heuristic,pending_review,dictionary_candidate_shared,review_for_dictionary_mapping
5896,547,Cafe Kahlua 1 Lt,,FONDA/Existencias/Bar,0.91,not_found,Licores,shared_or_open,shared_cross_company,review_scope_shared_heuristic,pending_review,dictionary_candidate_shared,review_for_dictionary_mapping
5897,547,Cafe Kahlua 1 Lt,,FAMAQ/Existencias/Bar,1.51,not_found,Licores,shared_or_open,shared_cross_company,review_scope_shared_heuristic,pending_review,dictionary_candidate_shared,review_for_dictionary_mapping
